# [smalls] Frontier Hunts blood-tracking lamp - original mesh, tools/smalls/lamp_art.py
mtllib tracking_lamp.mtl
o tracking_lamp
v 0.50000 0.52501 0.90312
v 0.50000 0.53875 0.90187
v 0.50000 0.52501 0.90312
v 0.49644 0.53828 0.90187
v 0.50000 0.52501 0.90312
v 0.49312 0.53691 0.90187
v 0.50000 0.52500 0.90312
v 0.49028 0.53472 0.90187
v 0.49999 0.52500 0.90312
v 0.48809 0.53187 0.90187
v 0.49999 0.52500 0.90312
v 0.48672 0.52856 0.90187
v 0.49999 0.52500 0.90312
v 0.48625 0.52500 0.90187
v 0.49999 0.52500 0.90312
v 0.48672 0.52144 0.90187
v 0.49999 0.52500 0.90312
v 0.48809 0.51812 0.90187
v 0.50000 0.52500 0.90312
v 0.49028 0.51528 0.90187
v 0.50000 0.52499 0.90312
v 0.49312 0.51309 0.90187
v 0.50000 0.52499 0.90312
v 0.49644 0.51172 0.90187
v 0.50000 0.52499 0.90312
v 0.50000 0.51125 0.90187
v 0.50000 0.52499 0.90312
v 0.50356 0.51172 0.90187
v 0.50000 0.52499 0.90312
v 0.50687 0.51309 0.90187
v 0.50000 0.52500 0.90312
v 0.50972 0.51528 0.90187
v 0.50001 0.52500 0.90312
v 0.51191 0.51812 0.90187
v 0.50001 0.52500 0.90312
v 0.51328 0.52144 0.90187
v 0.50001 0.52500 0.90312
v 0.51375 0.52500 0.90187
v 0.50001 0.52500 0.90312
v 0.51328 0.52856 0.90187
v 0.50001 0.52500 0.90312
v 0.51191 0.53187 0.90187
v 0.50000 0.52500 0.90312
v 0.50972 0.53472 0.90187
v 0.50000 0.52501 0.90312
v 0.50687 0.53691 0.90187
v 0.50000 0.52501 0.90312
v 0.50356 0.53828 0.90187
v 0.50000 0.52501 0.90312
v 0.50000 0.53875 0.90187
v 0.50000 0.53875 0.90187
v 0.50000 0.55312 0.89750
v 0.49644 0.53828 0.90187
v 0.49272 0.55217 0.89750
v 0.49312 0.53691 0.90187
v 0.48594 0.54936 0.89750
v 0.49028 0.53472 0.90187
v 0.48011 0.54489 0.89750
v 0.48809 0.53187 0.90187
v 0.47564 0.53906 0.89750
v 0.48672 0.52856 0.90187
v 0.47283 0.53228 0.89750
v 0.48625 0.52500 0.90187
v 0.47187 0.52500 0.89750
v 0.48672 0.52144 0.90187
v 0.47283 0.51772 0.89750
v 0.48809 0.51812 0.90187
v 0.47564 0.51094 0.89750
v 0.49028 0.51528 0.90187
v 0.48011 0.50511 0.89750
v 0.49312 0.51309 0.90187
v 0.48594 0.50064 0.89750
v 0.49644 0.51172 0.90187
v 0.49272 0.49783 0.89750
v 0.50000 0.51125 0.90187
v 0.50000 0.49688 0.89750
v 0.50356 0.51172 0.90187
v 0.50728 0.49783 0.89750
v 0.50687 0.51309 0.90187
v 0.51406 0.50064 0.89750
v 0.50972 0.51528 0.90187
v 0.51989 0.50511 0.89750
v 0.51191 0.51812 0.90187
v 0.52436 0.51094 0.89750
v 0.51328 0.52144 0.90187
v 0.52717 0.51772 0.89750
v 0.51375 0.52500 0.90187
v 0.52812 0.52500 0.89750
v 0.51328 0.52856 0.90187
v 0.52717 0.53228 0.89750
v 0.51191 0.53187 0.90187
v 0.52436 0.53906 0.89750
v 0.50972 0.53472 0.90187
v 0.51989 0.54489 0.89750
v 0.50687 0.53691 0.90187
v 0.51406 0.54936 0.89750
v 0.50356 0.53828 0.90187
v 0.50728 0.55217 0.89750
v 0.50000 0.53875 0.90187
v 0.50000 0.55312 0.89750
v 0.50000 0.55312 0.89750
v 0.50000 0.56375 0.88938
v 0.49272 0.55217 0.89750
v 0.48997 0.56243 0.88938
v 0.48594 0.54936 0.89750
v 0.48063 0.55856 0.88938
v 0.48011 0.54489 0.89750
v 0.47260 0.55240 0.88938
v 0.47564 0.53906 0.89750
v 0.46644 0.54438 0.88938
v 0.47283 0.53228 0.89750
v 0.46257 0.53503 0.88938
v 0.47187 0.52500 0.89750
v 0.46125 0.52500 0.88938
v 0.47283 0.51772 0.89750
v 0.46257 0.51497 0.88938
v 0.47564 0.51094 0.89750
v 0.46644 0.50562 0.88938
v 0.48011 0.50511 0.89750
v 0.47260 0.49760 0.88938
v 0.48594 0.50064 0.89750
v 0.48063 0.49144 0.88938
v 0.49272 0.49783 0.89750
v 0.48997 0.48757 0.88938
v 0.50000 0.49688 0.89750
v 0.50000 0.48625 0.88938
v 0.50728 0.49783 0.89750
v 0.51003 0.48757 0.88938
v 0.51406 0.50064 0.89750
v 0.51938 0.49144 0.88938
v 0.51989 0.50511 0.89750
v 0.52740 0.49760 0.88938
v 0.52436 0.51094 0.89750
v 0.53356 0.50562 0.88938
v 0.52717 0.51772 0.89750
v 0.53743 0.51497 0.88938
v 0.52812 0.52500 0.89750
v 0.53875 0.52500 0.88938
v 0.52717 0.53228 0.89750
v 0.53743 0.53503 0.88938
v 0.52436 0.53906 0.89750
v 0.53356 0.54438 0.88938
v 0.51989 0.54489 0.89750
v 0.52740 0.55240 0.88938
v 0.51406 0.54936 0.89750
v 0.51938 0.55856 0.88938
v 0.50728 0.55217 0.89750
v 0.51003 0.56243 0.88938
v 0.50000 0.55312 0.89750
v 0.50000 0.56375 0.88938
v 0.50000 0.56375 0.88938
v 0.50000 0.56875 0.87938
v 0.48997 0.56243 0.88938
v 0.48868 0.56726 0.87938
v 0.48063 0.55856 0.88938
v 0.47813 0.56289 0.87938
v 0.47260 0.55240 0.88938
v 0.46906 0.55594 0.87938
v 0.46644 0.54438 0.88938
v 0.46211 0.54688 0.87938
v 0.46257 0.53503 0.88938
v 0.45774 0.53632 0.87938
v 0.46125 0.52500 0.88938
v 0.45625 0.52500 0.87938
v 0.46257 0.51497 0.88938
v 0.45774 0.51368 0.87938
v 0.46644 0.50562 0.88938
v 0.46211 0.50313 0.87938
v 0.47260 0.49760 0.88938
v 0.46906 0.49406 0.87938
v 0.48063 0.49144 0.88938
v 0.47813 0.48711 0.87938
v 0.48997 0.48757 0.88938
v 0.48868 0.48274 0.87938
v 0.50000 0.48625 0.88938
v 0.50000 0.48125 0.87938
v 0.51003 0.48757 0.88938
v 0.51132 0.48274 0.87938
v 0.51938 0.49144 0.88938
v 0.52187 0.48711 0.87938
v 0.52740 0.49760 0.88938
v 0.53094 0.49406 0.87938
v 0.53356 0.50562 0.88938
v 0.53789 0.50312 0.87938
v 0.53743 0.51497 0.88938
v 0.54226 0.51368 0.87938
v 0.53875 0.52500 0.88938
v 0.54375 0.52500 0.87938
v 0.53743 0.53503 0.88938
v 0.54226 0.53632 0.87938
v 0.53356 0.54438 0.88938
v 0.53789 0.54688 0.87938
v 0.52740 0.55240 0.88938
v 0.53094 0.55594 0.87938
v 0.51938 0.55856 0.88938
v 0.52187 0.56289 0.87938
v 0.51003 0.56243 0.88938
v 0.51132 0.56726 0.87938
v 0.50000 0.56375 0.88938
v 0.50000 0.56875 0.87938
v 0.50000 0.56875 0.87938
v 0.50000 0.56875 0.87813
v 0.48868 0.56726 0.87938
v 0.48868 0.56726 0.87813
v 0.47813 0.56289 0.87938
v 0.47813 0.56289 0.87813
v 0.46906 0.55594 0.87938
v 0.46906 0.55594 0.87813
v 0.46211 0.54688 0.87938
v 0.46211 0.54688 0.87813
v 0.45774 0.53632 0.87938
v 0.45774 0.53632 0.87813
v 0.45625 0.52500 0.87938
v 0.45625 0.52500 0.87813
v 0.45774 0.51368 0.87938
v 0.45774 0.51368 0.87813
v 0.46211 0.50313 0.87938
v 0.46211 0.50313 0.87813
v 0.46906 0.49406 0.87938
v 0.46906 0.49406 0.87813
v 0.47813 0.48711 0.87938
v 0.47813 0.48711 0.87813
v 0.48868 0.48274 0.87938
v 0.48868 0.48274 0.87813
v 0.50000 0.48125 0.87938
v 0.50000 0.48125 0.87813
v 0.51132 0.48274 0.87938
v 0.51132 0.48274 0.87813
v 0.52187 0.48711 0.87938
v 0.52187 0.48711 0.87813
v 0.53094 0.49406 0.87938
v 0.53094 0.49406 0.87813
v 0.53789 0.50312 0.87938
v 0.53789 0.50312 0.87813
v 0.54226 0.51368 0.87938
v 0.54226 0.51368 0.87813
v 0.54375 0.52500 0.87938
v 0.54375 0.52500 0.87813
v 0.54226 0.53632 0.87938
v 0.54226 0.53632 0.87813
v 0.53789 0.54688 0.87938
v 0.53789 0.54688 0.87813
v 0.53094 0.55594 0.87938
v 0.53094 0.55594 0.87813
v 0.52187 0.56289 0.87938
v 0.52187 0.56289 0.87813
v 0.51132 0.56726 0.87938
v 0.51132 0.56726 0.87813
v 0.50000 0.56875 0.87938
v 0.50000 0.56875 0.87813
v 0.50000 0.56875 0.87813
v 0.50000 0.58625 0.87813
v 0.48868 0.56726 0.87813
v 0.48415 0.58416 0.87813
v 0.47813 0.56289 0.87813
v 0.46937 0.57804 0.87813
v 0.46906 0.55594 0.87813
v 0.45669 0.56831 0.87813
v 0.46211 0.54688 0.87813
v 0.44696 0.55563 0.87813
v 0.45774 0.53632 0.87813
v 0.44084 0.54085 0.87813
v 0.45625 0.52500 0.87813
v 0.43875 0.52500 0.87813
v 0.45774 0.51368 0.87813
v 0.44084 0.50915 0.87813
v 0.46211 0.50313 0.87813
v 0.44696 0.49438 0.87813
v 0.46906 0.49406 0.87813
v 0.45669 0.48169 0.87813
v 0.47813 0.48711 0.87813
v 0.46937 0.47196 0.87813
v 0.48868 0.48274 0.87813
v 0.48415 0.46584 0.87813
v 0.50000 0.48125 0.87813
v 0.50000 0.46375 0.87813
v 0.51132 0.48274 0.87813
v 0.51585 0.46584 0.87813
v 0.52187 0.48711 0.87813
v 0.53063 0.47196 0.87813
v 0.53094 0.49406 0.87813
v 0.54331 0.48169 0.87813
v 0.53789 0.50312 0.87813
v 0.55304 0.49438 0.87813
v 0.54226 0.51368 0.87813
v 0.55916 0.50915 0.87813
v 0.54375 0.52500 0.87813
v 0.56125 0.52500 0.87813
v 0.54226 0.53632 0.87813
v 0.55916 0.54085 0.87813
v 0.53789 0.54688 0.87813
v 0.55304 0.55563 0.87813
v 0.53094 0.55594 0.87813
v 0.54331 0.56831 0.87813
v 0.52187 0.56289 0.87813
v 0.53063 0.57804 0.87813
v 0.51132 0.56726 0.87813
v 0.51585 0.58416 0.87813
v 0.50000 0.56875 0.87813
v 0.50000 0.58625 0.87813
v 0.50000 0.58625 0.87813
v 0.50000 0.60000 0.87187
v 0.48415 0.58416 0.87813
v 0.48059 0.59744 0.87187
v 0.46937 0.57804 0.87813
v 0.46250 0.58995 0.87187
v 0.45669 0.56831 0.87813
v 0.44697 0.57803 0.87187
v 0.44696 0.55563 0.87813
v 0.43505 0.56250 0.87187
v 0.44084 0.54085 0.87813
v 0.42756 0.54441 0.87187
v 0.43875 0.52500 0.87813
v 0.42500 0.52500 0.87187
v 0.44084 0.50915 0.87813
v 0.42756 0.50559 0.87187
v 0.44696 0.49438 0.87813
v 0.43505 0.48750 0.87187
v 0.45669 0.48169 0.87813
v 0.44697 0.47197 0.87187
v 0.46937 0.47196 0.87813
v 0.46250 0.46005 0.87187
v 0.48415 0.46584 0.87813
v 0.48059 0.45256 0.87187
v 0.50000 0.46375 0.87813
v 0.50000 0.45000 0.87187
v 0.51585 0.46584 0.87813
v 0.51941 0.45256 0.87187
v 0.53063 0.47196 0.87813
v 0.53750 0.46005 0.87187
v 0.54331 0.48169 0.87813
v 0.55303 0.47197 0.87187
v 0.55304 0.49438 0.87813
v 0.56495 0.48750 0.87187
v 0.55916 0.50915 0.87813
v 0.57244 0.50559 0.87187
v 0.56125 0.52500 0.87813
v 0.57500 0.52500 0.87187
v 0.55916 0.54085 0.87813
v 0.57244 0.54441 0.87187
v 0.55304 0.55563 0.87813
v 0.56495 0.56250 0.87187
v 0.54331 0.56831 0.87813
v 0.55303 0.57803 0.87187
v 0.53063 0.57804 0.87813
v 0.53750 0.58995 0.87187
v 0.51585 0.58416 0.87813
v 0.51941 0.59744 0.87187
v 0.50000 0.58625 0.87813
v 0.50000 0.60000 0.87187
v 0.50000 0.60000 0.87187
v 0.50000 0.60000 0.80937
v 0.48059 0.59744 0.87187
v 0.48059 0.59744 0.80937
v 0.46250 0.58995 0.87187
v 0.46250 0.58995 0.80937
v 0.44697 0.57803 0.87187
v 0.44697 0.57803 0.80937
v 0.43505 0.56250 0.87187
v 0.43505 0.56250 0.80937
v 0.42756 0.54441 0.87187
v 0.42756 0.54441 0.80937
v 0.42500 0.52500 0.87187
v 0.42500 0.52500 0.80937
v 0.42756 0.50559 0.87187
v 0.42756 0.50559 0.80937
v 0.43505 0.48750 0.87187
v 0.43505 0.48750 0.80937
v 0.44697 0.47197 0.87187
v 0.44697 0.47197 0.80937
v 0.46250 0.46005 0.87187
v 0.46250 0.46005 0.80937
v 0.48059 0.45256 0.87187
v 0.48059 0.45256 0.80937
v 0.50000 0.45000 0.87187
v 0.50000 0.45000 0.80937
v 0.51941 0.45256 0.87187
v 0.51941 0.45256 0.80937
v 0.53750 0.46005 0.87187
v 0.53750 0.46005 0.80937
v 0.55303 0.47197 0.87187
v 0.55303 0.47197 0.80937
v 0.56495 0.48750 0.87187
v 0.56495 0.48750 0.80937
v 0.57244 0.50559 0.87187
v 0.57244 0.50559 0.80937
v 0.57500 0.52500 0.87187
v 0.57500 0.52500 0.80937
v 0.57244 0.54441 0.87187
v 0.57244 0.54441 0.80937
v 0.56495 0.56250 0.87187
v 0.56495 0.56250 0.80937
v 0.55303 0.57803 0.87187
v 0.55303 0.57803 0.80937
v 0.53750 0.58995 0.87187
v 0.53750 0.58995 0.80937
v 0.51941 0.59744 0.87187
v 0.51941 0.59744 0.80937
v 0.50000 0.60000 0.87187
v 0.50000 0.60000 0.80937
v 0.50000 0.60000 0.80937
v 0.50000 0.59375 0.80438
v 0.48059 0.59744 0.80937
v 0.48221 0.59141 0.80438
v 0.46250 0.58995 0.80937
v 0.46563 0.58454 0.80438
v 0.44697 0.57803 0.80937
v 0.45139 0.57361 0.80438
v 0.43505 0.56250 0.80937
v 0.44046 0.55938 0.80438
v 0.42756 0.54441 0.80937
v 0.43359 0.54279 0.80438
v 0.42500 0.52500 0.80937
v 0.43125 0.52500 0.80438
v 0.42756 0.50559 0.80937
v 0.43359 0.50721 0.80438
v 0.43505 0.48750 0.80937
v 0.44046 0.49063 0.80438
v 0.44697 0.47197 0.80937
v 0.45139 0.47639 0.80438
v 0.46250 0.46005 0.80937
v 0.46563 0.46546 0.80438
v 0.48059 0.45256 0.80937
v 0.48221 0.45859 0.80438
v 0.50000 0.45000 0.80937
v 0.50000 0.45625 0.80438
v 0.51941 0.45256 0.80937
v 0.51779 0.45859 0.80438
v 0.53750 0.46005 0.80937
v 0.53437 0.46546 0.80438
v 0.55303 0.47197 0.80937
v 0.54861 0.47639 0.80438
v 0.56495 0.48750 0.80937
v 0.55954 0.49062 0.80438
v 0.57244 0.50559 0.80937
v 0.56641 0.50721 0.80438
v 0.57500 0.52500 0.80937
v 0.56875 0.52500 0.80438
v 0.57244 0.54441 0.80937
v 0.56641 0.54279 0.80438
v 0.56495 0.56250 0.80937
v 0.55954 0.55938 0.80438
v 0.55303 0.57803 0.80937
v 0.54861 0.57361 0.80438
v 0.53750 0.58995 0.80937
v 0.53438 0.58454 0.80438
v 0.51941 0.59744 0.80937
v 0.51779 0.59141 0.80438
v 0.50000 0.60000 0.80937
v 0.50000 0.59375 0.80438
v 0.50000 0.59375 0.80438
v 0.50000 0.59375 0.54688
v 0.48221 0.59141 0.80438
v 0.48221 0.59141 0.54688
v 0.46563 0.58454 0.80438
v 0.46563 0.58454 0.54688
v 0.45139 0.57361 0.80438
v 0.45139 0.57361 0.54688
v 0.44046 0.55938 0.80438
v 0.44046 0.55938 0.54688
v 0.43359 0.54279 0.80438
v 0.43359 0.54279 0.54688
v 0.43125 0.52500 0.80438
v 0.43125 0.52500 0.54688
v 0.43359 0.50721 0.80438
v 0.43359 0.50721 0.54688
v 0.44046 0.49063 0.80438
v 0.44046 0.49063 0.54688
v 0.45139 0.47639 0.80438
v 0.45139 0.47639 0.54688
v 0.46563 0.46546 0.80438
v 0.46563 0.46546 0.54688
v 0.48221 0.45859 0.80438
v 0.48221 0.45859 0.54688
v 0.50000 0.45625 0.80438
v 0.50000 0.45625 0.54688
v 0.51779 0.45859 0.80438
v 0.51779 0.45859 0.54688
v 0.53437 0.46546 0.80438
v 0.53437 0.46546 0.54688
v 0.54861 0.47639 0.80438
v 0.54861 0.47639 0.54688
v 0.55954 0.49062 0.80438
v 0.55954 0.49062 0.54688
v 0.56641 0.50721 0.80438
v 0.56641 0.50721 0.54688
v 0.56875 0.52500 0.80438
v 0.56875 0.52500 0.54688
v 0.56641 0.54279 0.80438
v 0.56641 0.54279 0.54688
v 0.55954 0.55938 0.80438
v 0.55954 0.55938 0.54688
v 0.54861 0.57361 0.80438
v 0.54861 0.57361 0.54688
v 0.53438 0.58454 0.80438
v 0.53438 0.58454 0.54688
v 0.51779 0.59141 0.80438
v 0.51779 0.59141 0.54688
v 0.50000 0.59375 0.80438
v 0.50000 0.59375 0.54688
v 0.50000 0.59375 0.54688
v 0.50000 0.58750 0.54312
v 0.48221 0.59141 0.54688
v 0.48382 0.58537 0.54312
v 0.46563 0.58454 0.54688
v 0.46875 0.57913 0.54312
v 0.45139 0.57361 0.54688
v 0.45581 0.56919 0.54312
v 0.44046 0.55938 0.54688
v 0.44587 0.55625 0.54312
v 0.43359 0.54279 0.54688
v 0.43963 0.54118 0.54312
v 0.43125 0.52500 0.54688
v 0.43750 0.52500 0.54312
v 0.43359 0.50721 0.54688
v 0.43963 0.50882 0.54312
v 0.44046 0.49063 0.54688
v 0.44587 0.49375 0.54312
v 0.45139 0.47639 0.54688
v 0.45581 0.48081 0.54312
v 0.46563 0.46546 0.54688
v 0.46875 0.47087 0.54312
v 0.48221 0.45859 0.54688
v 0.48382 0.46463 0.54312
v 0.50000 0.45625 0.54688
v 0.50000 0.46250 0.54312
v 0.51779 0.45859 0.54688
v 0.51618 0.46463 0.54312
v 0.53437 0.46546 0.54688
v 0.53125 0.47087 0.54312
v 0.54861 0.47639 0.54688
v 0.54419 0.48081 0.54312
v 0.55954 0.49062 0.54688
v 0.55413 0.49375 0.54312
v 0.56641 0.50721 0.54688
v 0.56037 0.50882 0.54312
v 0.56875 0.52500 0.54688
v 0.56250 0.52500 0.54312
v 0.56641 0.54279 0.54688
v 0.56037 0.54118 0.54312
v 0.55954 0.55938 0.54688
v 0.55413 0.55625 0.54312
v 0.54861 0.57361 0.54688
v 0.54419 0.56919 0.54312
v 0.53438 0.58454 0.54688
v 0.53125 0.57913 0.54312
v 0.51779 0.59141 0.54688
v 0.51618 0.58537 0.54312
v 0.50000 0.59375 0.54688
v 0.50000 0.58750 0.54312
v 0.50000 0.58750 0.54312
v 0.50000 0.58750 0.52937
v 0.48382 0.58537 0.54312
v 0.48382 0.58537 0.52937
v 0.46875 0.57913 0.54312
v 0.46875 0.57913 0.52937
v 0.45581 0.56919 0.54312
v 0.45581 0.56919 0.52937
v 0.44587 0.55625 0.54312
v 0.44587 0.55625 0.52937
v 0.43963 0.54118 0.54312
v 0.43963 0.54118 0.52937
v 0.43750 0.52500 0.54312
v 0.43750 0.52500 0.52937
v 0.43963 0.50882 0.54312
v 0.43963 0.50882 0.52937
v 0.44587 0.49375 0.54312
v 0.44587 0.49375 0.52937
v 0.45581 0.48081 0.54312
v 0.45581 0.48081 0.52937
v 0.46875 0.47087 0.54312
v 0.46875 0.47087 0.52937
v 0.48382 0.46463 0.54312
v 0.48382 0.46463 0.52937
v 0.50000 0.46250 0.54312
v 0.50000 0.46250 0.52937
v 0.51618 0.46463 0.54312
v 0.51618 0.46463 0.52937
v 0.53125 0.47087 0.54312
v 0.53125 0.47087 0.52937
v 0.54419 0.48081 0.54312
v 0.54419 0.48081 0.52937
v 0.55413 0.49375 0.54312
v 0.55413 0.49375 0.52937
v 0.56037 0.50882 0.54312
v 0.56037 0.50882 0.52937
v 0.56250 0.52500 0.54312
v 0.56250 0.52500 0.52937
v 0.56037 0.54118 0.54312
v 0.56037 0.54118 0.52937
v 0.55413 0.55625 0.54312
v 0.55413 0.55625 0.52937
v 0.54419 0.56919 0.54312
v 0.54419 0.56919 0.52937
v 0.53125 0.57913 0.54312
v 0.53125 0.57913 0.52937
v 0.51618 0.58537 0.54312
v 0.51618 0.58537 0.52937
v 0.50000 0.58750 0.54312
v 0.50000 0.58750 0.52937
v 0.50000 0.58750 0.52937
v 0.50000 0.59500 0.52563
v 0.48382 0.58537 0.52937
v 0.48188 0.59261 0.52563
v 0.46875 0.57913 0.52937
v 0.46500 0.58562 0.52563
v 0.45581 0.56919 0.52937
v 0.45050 0.57450 0.52563
v 0.44587 0.55625 0.52937
v 0.43938 0.56000 0.52563
v 0.43963 0.54118 0.52937
v 0.43239 0.54312 0.52563
v 0.43750 0.52500 0.52937
v 0.43000 0.52500 0.52563
v 0.43963 0.50882 0.52937
v 0.43239 0.50688 0.52563
v 0.44587 0.49375 0.52937
v 0.43938 0.49000 0.52563
v 0.45581 0.48081 0.52937
v 0.45050 0.47550 0.52563
v 0.46875 0.47087 0.52937
v 0.46500 0.46438 0.52563
v 0.48382 0.46463 0.52937
v 0.48188 0.45739 0.52563
v 0.50000 0.46250 0.52937
v 0.50000 0.45500 0.52563
v 0.51618 0.46463 0.52937
v 0.51812 0.45739 0.52563
v 0.53125 0.47087 0.52937
v 0.53500 0.46438 0.52563
v 0.54419 0.48081 0.52937
v 0.54950 0.47550 0.52563
v 0.55413 0.49375 0.52937
v 0.56062 0.49000 0.52563
v 0.56037 0.50882 0.52937
v 0.56761 0.50688 0.52563
v 0.56250 0.52500 0.52937
v 0.57000 0.52500 0.52563
v 0.56037 0.54118 0.52937
v 0.56761 0.54312 0.52563
v 0.55413 0.55625 0.52937
v 0.56062 0.56000 0.52563
v 0.54419 0.56919 0.52937
v 0.54950 0.57450 0.52563
v 0.53125 0.57913 0.52937
v 0.53500 0.58562 0.52563
v 0.51618 0.58537 0.52937
v 0.51812 0.59261 0.52563
v 0.50000 0.58750 0.52937
v 0.50000 0.59500 0.52563
v 0.50000 0.59500 0.52563
v 0.50000 0.60750 0.51812
v 0.48188 0.59261 0.52563
v 0.47865 0.60469 0.51812
v 0.46500 0.58562 0.52563
v 0.45875 0.59645 0.51812
v 0.45050 0.57450 0.52563
v 0.44166 0.58334 0.51812
v 0.43938 0.56000 0.52563
v 0.42855 0.56625 0.51812
v 0.43239 0.54312 0.52563
v 0.42031 0.54635 0.51812
v 0.43000 0.52500 0.52563
v 0.41750 0.52500 0.51812
v 0.43239 0.50688 0.52563
v 0.42031 0.50365 0.51812
v 0.43938 0.49000 0.52563
v 0.42855 0.48375 0.51812
v 0.45050 0.47550 0.52563
v 0.44166 0.46666 0.51812
v 0.46500 0.46438 0.52563
v 0.45875 0.45355 0.51812
v 0.48188 0.45739 0.52563
v 0.47865 0.44531 0.51812
v 0.50000 0.45500 0.52563
v 0.50000 0.44250 0.51812
v 0.51812 0.45739 0.52563
v 0.52135 0.44531 0.51812
v 0.53500 0.46438 0.52563
v 0.54125 0.45355 0.51812
v 0.54950 0.47550 0.52563
v 0.55834 0.46666 0.51812
v 0.56062 0.49000 0.52563
v 0.57145 0.48375 0.51812
v 0.56761 0.50688 0.52563
v 0.57969 0.50365 0.51812
v 0.57000 0.52500 0.52563
v 0.58250 0.52500 0.51812
v 0.56761 0.54312 0.52563
v 0.57969 0.54635 0.51812
v 0.56062 0.56000 0.52563
v 0.57145 0.56625 0.51812
v 0.54950 0.57450 0.52563
v 0.55834 0.58334 0.51812
v 0.53500 0.58562 0.52563
v 0.54125 0.59645 0.51812
v 0.51812 0.59261 0.52563
v 0.52135 0.60469 0.51812
v 0.50000 0.59500 0.52563
v 0.50000 0.60750 0.51812
v 0.50000 0.60750 0.51812
v 0.50000 0.60750 0.50625
v 0.47865 0.60469 0.51812
v 0.47865 0.60469 0.50625
v 0.45875 0.59645 0.51812
v 0.45875 0.59645 0.50625
v 0.44166 0.58334 0.51812
v 0.44166 0.58334 0.50625
v 0.42855 0.56625 0.51812
v 0.42855 0.56625 0.50625
v 0.42031 0.54635 0.51812
v 0.42031 0.54635 0.50625
v 0.41750 0.52500 0.51812
v 0.41750 0.52500 0.50625
v 0.42031 0.50365 0.51812
v 0.42031 0.50365 0.50625
v 0.42855 0.48375 0.51812
v 0.42855 0.48375 0.50625
v 0.44166 0.46666 0.51812
v 0.44166 0.46666 0.50625
v 0.45875 0.45355 0.51812
v 0.45875 0.45355 0.50625
v 0.47865 0.44531 0.51812
v 0.47865 0.44531 0.50625
v 0.50000 0.44250 0.51812
v 0.50000 0.44250 0.50625
v 0.52135 0.44531 0.51812
v 0.52135 0.44531 0.50625
v 0.54125 0.45355 0.51812
v 0.54125 0.45355 0.50625
v 0.55834 0.46666 0.51812
v 0.55834 0.46666 0.50625
v 0.57145 0.48375 0.51812
v 0.57145 0.48375 0.50625
v 0.57969 0.50365 0.51812
v 0.57969 0.50365 0.50625
v 0.58250 0.52500 0.51812
v 0.58250 0.52500 0.50625
v 0.57969 0.54635 0.51812
v 0.57969 0.54635 0.50625
v 0.57145 0.56625 0.51812
v 0.57145 0.56625 0.50625
v 0.55834 0.58334 0.51812
v 0.55834 0.58334 0.50625
v 0.54125 0.59645 0.51812
v 0.54125 0.59645 0.50625
v 0.52135 0.60469 0.51812
v 0.52135 0.60469 0.50625
v 0.50000 0.60750 0.51812
v 0.50000 0.60750 0.50625
v 0.50000 0.60750 0.50625
v 0.50000 0.61438 0.50250
v 0.47865 0.60469 0.50625
v 0.47687 0.61133 0.50250
v 0.45875 0.59645 0.50625
v 0.45531 0.60240 0.50250
v 0.44166 0.58334 0.50625
v 0.43680 0.58820 0.50250
v 0.42855 0.56625 0.50625
v 0.42260 0.56969 0.50250
v 0.42031 0.54635 0.50625
v 0.41367 0.54813 0.50250
v 0.41750 0.52500 0.50625
v 0.41063 0.52500 0.50250
v 0.42031 0.50365 0.50625
v 0.41367 0.50187 0.50250
v 0.42855 0.48375 0.50625
v 0.42260 0.48031 0.50250
v 0.44166 0.46666 0.50625
v 0.43680 0.46180 0.50250
v 0.45875 0.45355 0.50625
v 0.45531 0.44760 0.50250
v 0.47865 0.44531 0.50625
v 0.47687 0.43867 0.50250
v 0.50000 0.44250 0.50625
v 0.50000 0.43563 0.50250
v 0.52135 0.44531 0.50625
v 0.52313 0.43867 0.50250
v 0.54125 0.45355 0.50625
v 0.54469 0.44760 0.50250
v 0.55834 0.46666 0.50625
v 0.56320 0.46180 0.50250
v 0.57145 0.48375 0.50625
v 0.57740 0.48031 0.50250
v 0.57969 0.50365 0.50625
v 0.58633 0.50187 0.50250
v 0.58250 0.52500 0.50625
v 0.58937 0.52500 0.50250
v 0.57969 0.54635 0.50625
v 0.58633 0.54813 0.50250
v 0.57145 0.56625 0.50625
v 0.57740 0.56969 0.50250
v 0.55834 0.58334 0.50625
v 0.56320 0.58820 0.50250
v 0.54125 0.59645 0.50625
v 0.54469 0.60240 0.50250
v 0.52135 0.60469 0.50625
v 0.52313 0.61133 0.50250
v 0.50000 0.60750 0.50625
v 0.50000 0.61438 0.50250
v 0.50000 0.61438 0.50250
v 0.50000 0.61438 0.49125
v 0.47687 0.61133 0.50250
v 0.47687 0.61133 0.49125
v 0.45531 0.60240 0.50250
v 0.45531 0.60240 0.49125
v 0.43680 0.58820 0.50250
v 0.43680 0.58820 0.49125
v 0.42260 0.56969 0.50250
v 0.42260 0.56969 0.49125
v 0.41367 0.54813 0.50250
v 0.41367 0.54813 0.49125
v 0.41063 0.52500 0.50250
v 0.41063 0.52500 0.49125
v 0.41367 0.50187 0.50250
v 0.41367 0.50187 0.49125
v 0.42260 0.48031 0.50250
v 0.42260 0.48031 0.49125
v 0.43680 0.46180 0.50250
v 0.43680 0.46180 0.49125
v 0.45531 0.44760 0.50250
v 0.45531 0.44760 0.49125
v 0.47687 0.43867 0.50250
v 0.47687 0.43867 0.49125
v 0.50000 0.43563 0.50250
v 0.50000 0.43563 0.49125
v 0.52313 0.43867 0.50250
v 0.52313 0.43867 0.49125
v 0.54469 0.44760 0.50250
v 0.54469 0.44760 0.49125
v 0.56320 0.46180 0.50250
v 0.56320 0.46180 0.49125
v 0.57740 0.48031 0.50250
v 0.57740 0.48031 0.49125
v 0.58633 0.50187 0.50250
v 0.58633 0.50187 0.49125
v 0.58937 0.52500 0.50250
v 0.58937 0.52500 0.49125
v 0.58633 0.54813 0.50250
v 0.58633 0.54813 0.49125
v 0.57740 0.56969 0.50250
v 0.57740 0.56969 0.49125
v 0.56320 0.58820 0.50250
v 0.56320 0.58820 0.49125
v 0.54469 0.60240 0.50250
v 0.54469 0.60240 0.49125
v 0.52313 0.61133 0.50250
v 0.52313 0.61133 0.49125
v 0.50000 0.61438 0.50250
v 0.50000 0.61438 0.49125
v 0.50000 0.61438 0.49125
v 0.50000 0.60750 0.48750
v 0.47687 0.61133 0.49125
v 0.47865 0.60469 0.48750
v 0.45531 0.60240 0.49125
v 0.45875 0.59645 0.48750
v 0.43680 0.58820 0.49125
v 0.44166 0.58334 0.48750
v 0.42260 0.56969 0.49125
v 0.42855 0.56625 0.48750
v 0.41367 0.54813 0.49125
v 0.42031 0.54635 0.48750
v 0.41063 0.52500 0.49125
v 0.41750 0.52500 0.48750
v 0.41367 0.50187 0.49125
v 0.42031 0.50365 0.48750
v 0.42260 0.48031 0.49125
v 0.42855 0.48375 0.48750
v 0.43680 0.46180 0.49125
v 0.44166 0.46666 0.48750
v 0.45531 0.44760 0.49125
v 0.45875 0.45355 0.48750
v 0.47687 0.43867 0.49125
v 0.47865 0.44531 0.48750
v 0.50000 0.43563 0.49125
v 0.50000 0.44250 0.48750
v 0.52313 0.43867 0.49125
v 0.52135 0.44531 0.48750
v 0.54469 0.44760 0.49125
v 0.54125 0.45355 0.48750
v 0.56320 0.46180 0.49125
v 0.55834 0.46666 0.48750
v 0.57740 0.48031 0.49125
v 0.57145 0.48375 0.48750
v 0.58633 0.50187 0.49125
v 0.57969 0.50365 0.48750
v 0.58937 0.52500 0.49125
v 0.58250 0.52500 0.48750
v 0.58633 0.54813 0.49125
v 0.57969 0.54635 0.48750
v 0.57740 0.56969 0.49125
v 0.57145 0.56625 0.48750
v 0.56320 0.58820 0.49125
v 0.55834 0.58334 0.48750
v 0.54469 0.60240 0.49125
v 0.54125 0.59645 0.48750
v 0.52313 0.61133 0.49125
v 0.52135 0.60469 0.48750
v 0.50000 0.61438 0.49125
v 0.50000 0.60750 0.48750
v 0.50000 0.60750 0.48750
v 0.50000 0.60750 0.47750
v 0.47865 0.60469 0.48750
v 0.47865 0.60469 0.47750
v 0.45875 0.59645 0.48750
v 0.45875 0.59645 0.47750
v 0.44166 0.58334 0.48750
v 0.44166 0.58334 0.47750
v 0.42855 0.56625 0.48750
v 0.42855 0.56625 0.47750
v 0.42031 0.54635 0.48750
v 0.42031 0.54635 0.47750
v 0.41750 0.52500 0.48750
v 0.41750 0.52500 0.47750
v 0.42031 0.50365 0.48750
v 0.42031 0.50365 0.47750
v 0.42855 0.48375 0.48750
v 0.42855 0.48375 0.47750
v 0.44166 0.46666 0.48750
v 0.44166 0.46666 0.47750
v 0.45875 0.45355 0.48750
v 0.45875 0.45355 0.47750
v 0.47865 0.44531 0.48750
v 0.47865 0.44531 0.47750
v 0.50000 0.44250 0.48750
v 0.50000 0.44250 0.47750
v 0.52135 0.44531 0.48750
v 0.52135 0.44531 0.47750
v 0.54125 0.45355 0.48750
v 0.54125 0.45355 0.47750
v 0.55834 0.46666 0.48750
v 0.55834 0.46666 0.47750
v 0.57145 0.48375 0.48750
v 0.57145 0.48375 0.47750
v 0.57969 0.50365 0.48750
v 0.57969 0.50365 0.47750
v 0.58250 0.52500 0.48750
v 0.58250 0.52500 0.47750
v 0.57969 0.54635 0.48750
v 0.57969 0.54635 0.47750
v 0.57145 0.56625 0.48750
v 0.57145 0.56625 0.47750
v 0.55834 0.58334 0.48750
v 0.55834 0.58334 0.47750
v 0.54125 0.59645 0.48750
v 0.54125 0.59645 0.47750
v 0.52135 0.60469 0.48750
v 0.52135 0.60469 0.47750
v 0.50000 0.60750 0.48750
v 0.50000 0.60750 0.47750
v 0.50000 0.60750 0.47750
v 0.50000 0.61438 0.47375
v 0.47865 0.60469 0.47750
v 0.47687 0.61133 0.47375
v 0.45875 0.59645 0.47750
v 0.45531 0.60240 0.47375
v 0.44166 0.58334 0.47750
v 0.43680 0.58820 0.47375
v 0.42855 0.56625 0.47750
v 0.42260 0.56969 0.47375
v 0.42031 0.54635 0.47750
v 0.41367 0.54813 0.47375
v 0.41750 0.52500 0.47750
v 0.41063 0.52500 0.47375
v 0.42031 0.50365 0.47750
v 0.41367 0.50187 0.47375
v 0.42855 0.48375 0.47750
v 0.42260 0.48031 0.47375
v 0.44166 0.46666 0.47750
v 0.43680 0.46180 0.47375
v 0.45875 0.45355 0.47750
v 0.45531 0.44760 0.47375
v 0.47865 0.44531 0.47750
v 0.47687 0.43867 0.47375
v 0.50000 0.44250 0.47750
v 0.50000 0.43563 0.47375
v 0.52135 0.44531 0.47750
v 0.52313 0.43867 0.47375
v 0.54125 0.45355 0.47750
v 0.54469 0.44760 0.47375
v 0.55834 0.46666 0.47750
v 0.56320 0.46180 0.47375
v 0.57145 0.48375 0.47750
v 0.57740 0.48031 0.47375
v 0.57969 0.50365 0.47750
v 0.58633 0.50187 0.47375
v 0.58250 0.52500 0.47750
v 0.58937 0.52500 0.47375
v 0.57969 0.54635 0.47750
v 0.58633 0.54813 0.47375
v 0.57145 0.56625 0.47750
v 0.57740 0.56969 0.47375
v 0.55834 0.58334 0.47750
v 0.56320 0.58820 0.47375
v 0.54125 0.59645 0.47750
v 0.54469 0.60240 0.47375
v 0.52135 0.60469 0.47750
v 0.52313 0.61133 0.47375
v 0.50000 0.60750 0.47750
v 0.50000 0.61438 0.47375
v 0.50000 0.61438 0.47375
v 0.50000 0.61438 0.46250
v 0.47687 0.61133 0.47375
v 0.47687 0.61133 0.46250
v 0.45531 0.60240 0.47375
v 0.45531 0.60240 0.46250
v 0.43680 0.58820 0.47375
v 0.43680 0.58820 0.46250
v 0.42260 0.56969 0.47375
v 0.42260 0.56969 0.46250
v 0.41367 0.54813 0.47375
v 0.41367 0.54813 0.46250
v 0.41063 0.52500 0.47375
v 0.41063 0.52500 0.46250
v 0.41367 0.50187 0.47375
v 0.41367 0.50187 0.46250
v 0.42260 0.48031 0.47375
v 0.42260 0.48031 0.46250
v 0.43680 0.46180 0.47375
v 0.43680 0.46180 0.46250
v 0.45531 0.44760 0.47375
v 0.45531 0.44760 0.46250
v 0.47687 0.43867 0.47375
v 0.47687 0.43867 0.46250
v 0.50000 0.43563 0.47375
v 0.50000 0.43563 0.46250
v 0.52313 0.43867 0.47375
v 0.52313 0.43867 0.46250
v 0.54469 0.44760 0.47375
v 0.54469 0.44760 0.46250
v 0.56320 0.46180 0.47375
v 0.56320 0.46180 0.46250
v 0.57740 0.48031 0.47375
v 0.57740 0.48031 0.46250
v 0.58633 0.50187 0.47375
v 0.58633 0.50187 0.46250
v 0.58937 0.52500 0.47375
v 0.58937 0.52500 0.46250
v 0.58633 0.54813 0.47375
v 0.58633 0.54813 0.46250
v 0.57740 0.56969 0.47375
v 0.57740 0.56969 0.46250
v 0.56320 0.58820 0.47375
v 0.56320 0.58820 0.46250
v 0.54469 0.60240 0.47375
v 0.54469 0.60240 0.46250
v 0.52313 0.61133 0.47375
v 0.52313 0.61133 0.46250
v 0.50000 0.61438 0.47375
v 0.50000 0.61438 0.46250
v 0.50000 0.61438 0.46250
v 0.50000 0.60750 0.45875
v 0.47687 0.61133 0.46250
v 0.47865 0.60469 0.45875
v 0.45531 0.60240 0.46250
v 0.45875 0.59645 0.45875
v 0.43680 0.58820 0.46250
v 0.44166 0.58334 0.45875
v 0.42260 0.56969 0.46250
v 0.42855 0.56625 0.45875
v 0.41367 0.54813 0.46250
v 0.42031 0.54635 0.45875
v 0.41063 0.52500 0.46250
v 0.41750 0.52500 0.45875
v 0.41367 0.50187 0.46250
v 0.42031 0.50365 0.45875
v 0.42260 0.48031 0.46250
v 0.42855 0.48375 0.45875
v 0.43680 0.46180 0.46250
v 0.44166 0.46666 0.45875
v 0.45531 0.44760 0.46250
v 0.45875 0.45355 0.45875
v 0.47687 0.43867 0.46250
v 0.47865 0.44531 0.45875
v 0.50000 0.43563 0.46250
v 0.50000 0.44250 0.45875
v 0.52313 0.43867 0.46250
v 0.52135 0.44531 0.45875
v 0.54469 0.44760 0.46250
v 0.54125 0.45355 0.45875
v 0.56320 0.46180 0.46250
v 0.55834 0.46666 0.45875
v 0.57740 0.48031 0.46250
v 0.57145 0.48375 0.45875
v 0.58633 0.50187 0.46250
v 0.57969 0.50365 0.45875
v 0.58937 0.52500 0.46250
v 0.58250 0.52500 0.45875
v 0.58633 0.54813 0.46250
v 0.57969 0.54635 0.45875
v 0.57740 0.56969 0.46250
v 0.57145 0.56625 0.45875
v 0.56320 0.58820 0.46250
v 0.55834 0.58334 0.45875
v 0.54469 0.60240 0.46250
v 0.54125 0.59645 0.45875
v 0.52313 0.61133 0.46250
v 0.52135 0.60469 0.45875
v 0.50000 0.61438 0.46250
v 0.50000 0.60750 0.45875
v 0.50000 0.60750 0.45875
v 0.50000 0.60750 0.44875
v 0.47865 0.60469 0.45875
v 0.47865 0.60469 0.44875
v 0.45875 0.59645 0.45875
v 0.45875 0.59645 0.44875
v 0.44166 0.58334 0.45875
v 0.44166 0.58334 0.44875
v 0.42855 0.56625 0.45875
v 0.42855 0.56625 0.44875
v 0.42031 0.54635 0.45875
v 0.42031 0.54635 0.44875
v 0.41750 0.52500 0.45875
v 0.41750 0.52500 0.44875
v 0.42031 0.50365 0.45875
v 0.42031 0.50365 0.44875
v 0.42855 0.48375 0.45875
v 0.42855 0.48375 0.44875
v 0.44166 0.46666 0.45875
v 0.44166 0.46666 0.44875
v 0.45875 0.45355 0.45875
v 0.45875 0.45355 0.44875
v 0.47865 0.44531 0.45875
v 0.47865 0.44531 0.44875
v 0.50000 0.44250 0.45875
v 0.50000 0.44250 0.44875
v 0.52135 0.44531 0.45875
v 0.52135 0.44531 0.44875
v 0.54125 0.45355 0.45875
v 0.54125 0.45355 0.44875
v 0.55834 0.46666 0.45875
v 0.55834 0.46666 0.44875
v 0.57145 0.48375 0.45875
v 0.57145 0.48375 0.44875
v 0.57969 0.50365 0.45875
v 0.57969 0.50365 0.44875
v 0.58250 0.52500 0.45875
v 0.58250 0.52500 0.44875
v 0.57969 0.54635 0.45875
v 0.57969 0.54635 0.44875
v 0.57145 0.56625 0.45875
v 0.57145 0.56625 0.44875
v 0.55834 0.58334 0.45875
v 0.55834 0.58334 0.44875
v 0.54125 0.59645 0.45875
v 0.54125 0.59645 0.44875
v 0.52135 0.60469 0.45875
v 0.52135 0.60469 0.44875
v 0.50000 0.60750 0.45875
v 0.50000 0.60750 0.44875
v 0.50000 0.60750 0.44875
v 0.50000 0.61438 0.44500
v 0.47865 0.60469 0.44875
v 0.47687 0.61133 0.44500
v 0.45875 0.59645 0.44875
v 0.45531 0.60240 0.44500
v 0.44166 0.58334 0.44875
v 0.43680 0.58820 0.44500
v 0.42855 0.56625 0.44875
v 0.42260 0.56969 0.44500
v 0.42031 0.54635 0.44875
v 0.41367 0.54813 0.44500
v 0.41750 0.52500 0.44875
v 0.41063 0.52500 0.44500
v 0.42031 0.50365 0.44875
v 0.41367 0.50187 0.44500
v 0.42855 0.48375 0.44875
v 0.42260 0.48031 0.44500
v 0.44166 0.46666 0.44875
v 0.43680 0.46180 0.44500
v 0.45875 0.45355 0.44875
v 0.45531 0.44760 0.44500
v 0.47865 0.44531 0.44875
v 0.47687 0.43867 0.44500
v 0.50000 0.44250 0.44875
v 0.50000 0.43563 0.44500
v 0.52135 0.44531 0.44875
v 0.52313 0.43867 0.44500
v 0.54125 0.45355 0.44875
v 0.54469 0.44760 0.44500
v 0.55834 0.46666 0.44875
v 0.56320 0.46180 0.44500
v 0.57145 0.48375 0.44875
v 0.57740 0.48031 0.44500
v 0.57969 0.50365 0.44875
v 0.58633 0.50187 0.44500
v 0.58250 0.52500 0.44875
v 0.58937 0.52500 0.44500
v 0.57969 0.54635 0.44875
v 0.58633 0.54813 0.44500
v 0.57145 0.56625 0.44875
v 0.57740 0.56969 0.44500
v 0.55834 0.58334 0.44875
v 0.56320 0.58820 0.44500
v 0.54125 0.59645 0.44875
v 0.54469 0.60240 0.44500
v 0.52135 0.60469 0.44875
v 0.52313 0.61133 0.44500
v 0.50000 0.60750 0.44875
v 0.50000 0.61438 0.44500
v 0.50000 0.61438 0.44500
v 0.50000 0.61438 0.43375
v 0.47687 0.61133 0.44500
v 0.47687 0.61133 0.43375
v 0.45531 0.60240 0.44500
v 0.45531 0.60240 0.43375
v 0.43680 0.58820 0.44500
v 0.43680 0.58820 0.43375
v 0.42260 0.56969 0.44500
v 0.42260 0.56969 0.43375
v 0.41367 0.54813 0.44500
v 0.41367 0.54813 0.43375
v 0.41063 0.52500 0.44500
v 0.41063 0.52500 0.43375
v 0.41367 0.50187 0.44500
v 0.41367 0.50187 0.43375
v 0.42260 0.48031 0.44500
v 0.42260 0.48031 0.43375
v 0.43680 0.46180 0.44500
v 0.43680 0.46180 0.43375
v 0.45531 0.44760 0.44500
v 0.45531 0.44760 0.43375
v 0.47687 0.43867 0.44500
v 0.47687 0.43867 0.43375
v 0.50000 0.43563 0.44500
v 0.50000 0.43563 0.43375
v 0.52313 0.43867 0.44500
v 0.52313 0.43867 0.43375
v 0.54469 0.44760 0.44500
v 0.54469 0.44760 0.43375
v 0.56320 0.46180 0.44500
v 0.56320 0.46180 0.43375
v 0.57740 0.48031 0.44500
v 0.57740 0.48031 0.43375
v 0.58633 0.50187 0.44500
v 0.58633 0.50187 0.43375
v 0.58937 0.52500 0.44500
v 0.58937 0.52500 0.43375
v 0.58633 0.54813 0.44500
v 0.58633 0.54813 0.43375
v 0.57740 0.56969 0.44500
v 0.57740 0.56969 0.43375
v 0.56320 0.58820 0.44500
v 0.56320 0.58820 0.43375
v 0.54469 0.60240 0.44500
v 0.54469 0.60240 0.43375
v 0.52313 0.61133 0.44500
v 0.52313 0.61133 0.43375
v 0.50000 0.61438 0.44500
v 0.50000 0.61438 0.43375
v 0.50000 0.61438 0.43375
v 0.50000 0.60750 0.43000
v 0.47687 0.61133 0.43375
v 0.47865 0.60469 0.43000
v 0.45531 0.60240 0.43375
v 0.45875 0.59645 0.43000
v 0.43680 0.58820 0.43375
v 0.44166 0.58334 0.43000
v 0.42260 0.56969 0.43375
v 0.42855 0.56625 0.43000
v 0.41367 0.54813 0.43375
v 0.42031 0.54635 0.43000
v 0.41063 0.52500 0.43375
v 0.41750 0.52500 0.43000
v 0.41367 0.50187 0.43375
v 0.42031 0.50365 0.43000
v 0.42260 0.48031 0.43375
v 0.42855 0.48375 0.43000
v 0.43680 0.46180 0.43375
v 0.44166 0.46666 0.43000
v 0.45531 0.44760 0.43375
v 0.45875 0.45355 0.43000
v 0.47687 0.43867 0.43375
v 0.47865 0.44531 0.43000
v 0.50000 0.43563 0.43375
v 0.50000 0.44250 0.43000
v 0.52313 0.43867 0.43375
v 0.52135 0.44531 0.43000
v 0.54469 0.44760 0.43375
v 0.54125 0.45355 0.43000
v 0.56320 0.46180 0.43375
v 0.55834 0.46666 0.43000
v 0.57740 0.48031 0.43375
v 0.57145 0.48375 0.43000
v 0.58633 0.50187 0.43375
v 0.57969 0.50365 0.43000
v 0.58937 0.52500 0.43375
v 0.58250 0.52500 0.43000
v 0.58633 0.54813 0.43375
v 0.57969 0.54635 0.43000
v 0.57740 0.56969 0.43375
v 0.57145 0.56625 0.43000
v 0.56320 0.58820 0.43375
v 0.55834 0.58334 0.43000
v 0.54469 0.60240 0.43375
v 0.54125 0.59645 0.43000
v 0.52313 0.61133 0.43375
v 0.52135 0.60469 0.43000
v 0.50000 0.61438 0.43375
v 0.50000 0.60750 0.43000
v 0.50000 0.60750 0.43000
v 0.50000 0.60750 0.34375
v 0.47865 0.60469 0.43000
v 0.47865 0.60469 0.34375
v 0.45875 0.59645 0.43000
v 0.45875 0.59645 0.34375
v 0.44166 0.58334 0.43000
v 0.44166 0.58334 0.34375
v 0.42855 0.56625 0.43000
v 0.42855 0.56625 0.34375
v 0.42031 0.54635 0.43000
v 0.42031 0.54635 0.34375
v 0.41750 0.52500 0.43000
v 0.41750 0.52500 0.34375
v 0.42031 0.50365 0.43000
v 0.42031 0.50365 0.34375
v 0.42855 0.48375 0.43000
v 0.42855 0.48375 0.34375
v 0.44166 0.46666 0.43000
v 0.44166 0.46666 0.34375
v 0.45875 0.45355 0.43000
v 0.45875 0.45355 0.34375
v 0.47865 0.44531 0.43000
v 0.47865 0.44531 0.34375
v 0.50000 0.44250 0.43000
v 0.50000 0.44250 0.34375
v 0.52135 0.44531 0.43000
v 0.52135 0.44531 0.34375
v 0.54125 0.45355 0.43000
v 0.54125 0.45355 0.34375
v 0.55834 0.46666 0.43000
v 0.55834 0.46666 0.34375
v 0.57145 0.48375 0.43000
v 0.57145 0.48375 0.34375
v 0.57969 0.50365 0.43000
v 0.57969 0.50365 0.34375
v 0.58250 0.52500 0.43000
v 0.58250 0.52500 0.34375
v 0.57969 0.54635 0.43000
v 0.57969 0.54635 0.34375
v 0.57145 0.56625 0.43000
v 0.57145 0.56625 0.34375
v 0.55834 0.58334 0.43000
v 0.55834 0.58334 0.34375
v 0.54125 0.59645 0.43000
v 0.54125 0.59645 0.34375
v 0.52135 0.60469 0.43000
v 0.52135 0.60469 0.34375
v 0.50000 0.60750 0.43000
v 0.50000 0.60750 0.34375
v 0.50000 0.60750 0.34375
v 0.50000 0.62000 0.30938
v 0.47865 0.60469 0.34375
v 0.47541 0.61676 0.30938
v 0.45875 0.59645 0.34375
v 0.45250 0.60727 0.30938
v 0.44166 0.58334 0.34375
v 0.43282 0.59218 0.30938
v 0.42855 0.56625 0.34375
v 0.41773 0.57250 0.30938
v 0.42031 0.54635 0.34375
v 0.40824 0.54959 0.30938
v 0.41750 0.52500 0.34375
v 0.40500 0.52500 0.30938
v 0.42031 0.50365 0.34375
v 0.40824 0.50041 0.30938
v 0.42855 0.48375 0.34375
v 0.41773 0.47750 0.30938
v 0.44166 0.46666 0.34375
v 0.43282 0.45782 0.30938
v 0.45875 0.45355 0.34375
v 0.45250 0.44273 0.30938
v 0.47865 0.44531 0.34375
v 0.47541 0.43324 0.30938
v 0.50000 0.44250 0.34375
v 0.50000 0.43000 0.30938
v 0.52135 0.44531 0.34375
v 0.52459 0.43324 0.30938
v 0.54125 0.45355 0.34375
v 0.54750 0.44273 0.30938
v 0.55834 0.46666 0.34375
v 0.56718 0.45782 0.30938
v 0.57145 0.48375 0.34375
v 0.58227 0.47750 0.30938
v 0.57969 0.50365 0.34375
v 0.59176 0.50041 0.30938
v 0.58250 0.52500 0.34375
v 0.59500 0.52500 0.30938
v 0.57969 0.54635 0.34375
v 0.59176 0.54959 0.30938
v 0.57145 0.56625 0.34375
v 0.58227 0.57250 0.30938
v 0.55834 0.58334 0.34375
v 0.56718 0.59218 0.30938
v 0.54125 0.59645 0.34375
v 0.54750 0.60727 0.30938
v 0.52135 0.60469 0.34375
v 0.52459 0.61676 0.30938
v 0.50000 0.60750 0.34375
v 0.50000 0.62000 0.30938
v 0.50000 0.62000 0.30938
v 0.50000 0.64000 0.26875
v 0.47541 0.61676 0.30938
v 0.47024 0.63608 0.26875
v 0.45250 0.60727 0.30938
v 0.44250 0.62459 0.26875
v 0.43282 0.59218 0.30938
v 0.41868 0.60632 0.26875
v 0.41773 0.57250 0.30938
v 0.40041 0.58250 0.26875
v 0.40824 0.54959 0.30938
v 0.38892 0.55476 0.26875
v 0.40500 0.52500 0.30938
v 0.38500 0.52500 0.26875
v 0.40824 0.50041 0.30938
v 0.38892 0.49524 0.26875
v 0.41773 0.47750 0.30938
v 0.40041 0.46750 0.26875
v 0.43282 0.45782 0.30938
v 0.41868 0.44368 0.26875
v 0.45250 0.44273 0.30938
v 0.44250 0.42541 0.26875
v 0.47541 0.43324 0.30938
v 0.47024 0.41392 0.26875
v 0.50000 0.43000 0.30938
v 0.50000 0.41000 0.26875
v 0.52459 0.43324 0.30938
v 0.52976 0.41392 0.26875
v 0.54750 0.44273 0.30938
v 0.55750 0.42541 0.26875
v 0.56718 0.45782 0.30938
v 0.58132 0.44368 0.26875
v 0.58227 0.47750 0.30938
v 0.59959 0.46750 0.26875
v 0.59176 0.50041 0.30938
v 0.61108 0.49524 0.26875
v 0.59500 0.52500 0.30938
v 0.61500 0.52500 0.26875
v 0.59176 0.54959 0.30938
v 0.61108 0.55476 0.26875
v 0.58227 0.57250 0.30938
v 0.59959 0.58250 0.26875
v 0.56718 0.59218 0.30938
v 0.58132 0.60632 0.26875
v 0.54750 0.60727 0.30938
v 0.55750 0.62459 0.26875
v 0.52459 0.61676 0.30938
v 0.52976 0.63608 0.26875
v 0.50000 0.62000 0.30938
v 0.50000 0.64000 0.26875
v 0.50000 0.64000 0.26875
v 0.50000 0.64500 0.25625
v 0.47024 0.63608 0.26875
v 0.46894 0.64091 0.25625
v 0.44250 0.62459 0.26875
v 0.44000 0.62892 0.25625
v 0.41868 0.60632 0.26875
v 0.41515 0.60985 0.25625
v 0.40041 0.58250 0.26875
v 0.39608 0.58500 0.25625
v 0.38892 0.55476 0.26875
v 0.38409 0.55606 0.25625
v 0.38500 0.52500 0.26875
v 0.38000 0.52500 0.25625
v 0.38892 0.49524 0.26875
v 0.38409 0.49394 0.25625
v 0.40041 0.46750 0.26875
v 0.39608 0.46500 0.25625
v 0.41868 0.44368 0.26875
v 0.41515 0.44015 0.25625
v 0.44250 0.42541 0.26875
v 0.44000 0.42108 0.25625
v 0.47024 0.41392 0.26875
v 0.46894 0.40909 0.25625
v 0.50000 0.41000 0.26875
v 0.50000 0.40500 0.25625
v 0.52976 0.41392 0.26875
v 0.53106 0.40909 0.25625
v 0.55750 0.42541 0.26875
v 0.56000 0.42108 0.25625
v 0.58132 0.44368 0.26875
v 0.58485 0.44015 0.25625
v 0.59959 0.46750 0.26875
v 0.60392 0.46500 0.25625
v 0.61108 0.49524 0.26875
v 0.61591 0.49394 0.25625
v 0.61500 0.52500 0.26875
v 0.62000 0.52500 0.25625
v 0.61108 0.55476 0.26875
v 0.61591 0.55606 0.25625
v 0.59959 0.58250 0.26875
v 0.60392 0.58500 0.25625
v 0.58132 0.60632 0.26875
v 0.58485 0.60985 0.25625
v 0.55750 0.62459 0.26875
v 0.56000 0.62892 0.25625
v 0.52976 0.63608 0.26875
v 0.53106 0.64091 0.25625
v 0.50000 0.64000 0.26875
v 0.50000 0.64500 0.25625
v 0.50000 0.64500 0.25625
v 0.50000 0.64875 0.25312
v 0.46894 0.64091 0.25625
v 0.46797 0.64453 0.25312
v 0.44000 0.62892 0.25625
v 0.43812 0.63217 0.25312
v 0.41515 0.60985 0.25625
v 0.41250 0.61250 0.25312
v 0.39608 0.58500 0.25625
v 0.39283 0.58688 0.25312
v 0.38409 0.55606 0.25625
v 0.38047 0.55703 0.25312
v 0.38000 0.52500 0.25625
v 0.37625 0.52500 0.25312
v 0.38409 0.49394 0.25625
v 0.38047 0.49297 0.25312
v 0.39608 0.46500 0.25625
v 0.39283 0.46313 0.25312
v 0.41515 0.44015 0.25625
v 0.41250 0.43750 0.25312
v 0.44000 0.42108 0.25625
v 0.43812 0.41783 0.25312
v 0.46894 0.40909 0.25625
v 0.46797 0.40547 0.25312
v 0.50000 0.40500 0.25625
v 0.50000 0.40125 0.25312
v 0.53106 0.40909 0.25625
v 0.53203 0.40547 0.25312
v 0.56000 0.42108 0.25625
v 0.56188 0.41783 0.25312
v 0.58485 0.44015 0.25625
v 0.58750 0.43750 0.25312
v 0.60392 0.46500 0.25625
v 0.60717 0.46312 0.25312
v 0.61591 0.49394 0.25625
v 0.61953 0.49297 0.25312
v 0.62000 0.52500 0.25625
v 0.62375 0.52500 0.25312
v 0.61591 0.55606 0.25625
v 0.61953 0.55703 0.25312
v 0.60392 0.58500 0.25625
v 0.60717 0.58688 0.25312
v 0.58485 0.60985 0.25625
v 0.58750 0.61250 0.25312
v 0.56000 0.62892 0.25625
v 0.56188 0.63217 0.25312
v 0.53106 0.64091 0.25625
v 0.53203 0.64453 0.25312
v 0.50000 0.64500 0.25625
v 0.50000 0.64875 0.25312
v 0.50000 0.64875 0.25312
v 0.50000 0.64875 0.24375
v 0.46797 0.64453 0.25312
v 0.46797 0.64453 0.24375
v 0.43812 0.63217 0.25312
v 0.43812 0.63217 0.24375
v 0.41250 0.61250 0.25312
v 0.41250 0.61250 0.24375
v 0.39283 0.58688 0.25312
v 0.39283 0.58688 0.24375
v 0.38047 0.55703 0.25312
v 0.38047 0.55703 0.24375
v 0.37625 0.52500 0.25312
v 0.37625 0.52500 0.24375
v 0.38047 0.49297 0.25312
v 0.38047 0.49297 0.24375
v 0.39283 0.46313 0.25312
v 0.39283 0.46313 0.24375
v 0.41250 0.43750 0.25312
v 0.41250 0.43750 0.24375
v 0.43812 0.41783 0.25312
v 0.43812 0.41783 0.24375
v 0.46797 0.40547 0.25312
v 0.46797 0.40547 0.24375
v 0.50000 0.40125 0.25312
v 0.50000 0.40125 0.24375
v 0.53203 0.40547 0.25312
v 0.53203 0.40547 0.24375
v 0.56188 0.41783 0.25312
v 0.56188 0.41783 0.24375
v 0.58750 0.43750 0.25312
v 0.58750 0.43750 0.24375
v 0.60717 0.46312 0.25312
v 0.60717 0.46312 0.24375
v 0.61953 0.49297 0.25312
v 0.61953 0.49297 0.24375
v 0.62375 0.52500 0.25312
v 0.62375 0.52500 0.24375
v 0.61953 0.55703 0.25312
v 0.61953 0.55703 0.24375
v 0.60717 0.58688 0.25312
v 0.60717 0.58688 0.24375
v 0.58750 0.61250 0.25312
v 0.58750 0.61250 0.24375
v 0.56188 0.63217 0.25312
v 0.56188 0.63217 0.24375
v 0.53203 0.64453 0.25312
v 0.53203 0.64453 0.24375
v 0.50000 0.64875 0.25312
v 0.50000 0.64875 0.24375
v 0.50000 0.64875 0.24375
v 0.50000 0.64000 0.24125
v 0.46797 0.64453 0.24375
v 0.47024 0.63608 0.24125
v 0.43812 0.63217 0.24375
v 0.44250 0.62459 0.24125
v 0.41250 0.61250 0.24375
v 0.41868 0.60632 0.24125
v 0.39283 0.58688 0.24375
v 0.40041 0.58250 0.24125
v 0.38047 0.55703 0.24375
v 0.38892 0.55476 0.24125
v 0.37625 0.52500 0.24375
v 0.38500 0.52500 0.24125
v 0.38047 0.49297 0.24375
v 0.38892 0.49524 0.24125
v 0.39283 0.46313 0.24375
v 0.40041 0.46750 0.24125
v 0.41250 0.43750 0.24375
v 0.41868 0.44368 0.24125
v 0.43812 0.41783 0.24375
v 0.44250 0.42541 0.24125
v 0.46797 0.40547 0.24375
v 0.47024 0.41392 0.24125
v 0.50000 0.40125 0.24375
v 0.50000 0.41000 0.24125
v 0.53203 0.40547 0.24375
v 0.52976 0.41392 0.24125
v 0.56188 0.41783 0.24375
v 0.55750 0.42541 0.24125
v 0.58750 0.43750 0.24375
v 0.58132 0.44368 0.24125
v 0.60717 0.46312 0.24375
v 0.59959 0.46750 0.24125
v 0.61953 0.49297 0.24375
v 0.61108 0.49524 0.24125
v 0.62375 0.52500 0.24375
v 0.61500 0.52500 0.24125
v 0.61953 0.55703 0.24375
v 0.61108 0.55476 0.24125
v 0.60717 0.58688 0.24375
v 0.59959 0.58250 0.24125
v 0.58750 0.61250 0.24375
v 0.58132 0.60632 0.24125
v 0.56188 0.63217 0.24375
v 0.55750 0.62459 0.24125
v 0.53203 0.64453 0.24375
v 0.52976 0.63608 0.24125
v 0.50000 0.64875 0.24375
v 0.50000 0.64000 0.24125
v 0.50000 0.64000 0.24125
v 0.50000 0.64000 0.23000
v 0.47024 0.63608 0.24125
v 0.47024 0.63608 0.23000
v 0.44250 0.62459 0.24125
v 0.44250 0.62459 0.23000
v 0.41868 0.60632 0.24125
v 0.41868 0.60632 0.23000
v 0.40041 0.58250 0.24125
v 0.40041 0.58250 0.23000
v 0.38892 0.55476 0.24125
v 0.38892 0.55476 0.23000
v 0.38500 0.52500 0.24125
v 0.38500 0.52500 0.23000
v 0.38892 0.49524 0.24125
v 0.38892 0.49524 0.23000
v 0.40041 0.46750 0.24125
v 0.40041 0.46750 0.23000
v 0.41868 0.44368 0.24125
v 0.41868 0.44368 0.23000
v 0.44250 0.42541 0.24125
v 0.44250 0.42541 0.23000
v 0.47024 0.41392 0.24125
v 0.47024 0.41392 0.23000
v 0.50000 0.41000 0.24125
v 0.50000 0.41000 0.23000
v 0.52976 0.41392 0.24125
v 0.52976 0.41392 0.23000
v 0.55750 0.42541 0.24125
v 0.55750 0.42541 0.23000
v 0.58132 0.44368 0.24125
v 0.58132 0.44368 0.23000
v 0.59959 0.46750 0.24125
v 0.59959 0.46750 0.23000
v 0.61108 0.49524 0.24125
v 0.61108 0.49524 0.23000
v 0.61500 0.52500 0.24125
v 0.61500 0.52500 0.23000
v 0.61108 0.55476 0.24125
v 0.61108 0.55476 0.23000
v 0.59959 0.58250 0.24125
v 0.59959 0.58250 0.23000
v 0.58132 0.60632 0.24125
v 0.58132 0.60632 0.23000
v 0.55750 0.62459 0.24125
v 0.55750 0.62459 0.23000
v 0.52976 0.63608 0.24125
v 0.52976 0.63608 0.23000
v 0.50000 0.64000 0.24125
v 0.50000 0.64000 0.23000
v 0.50000 0.64000 0.23000
v 0.50000 0.64875 0.22750
v 0.47024 0.63608 0.23000
v 0.46797 0.64453 0.22750
v 0.44250 0.62459 0.23000
v 0.43812 0.63217 0.22750
v 0.41868 0.60632 0.23000
v 0.41250 0.61250 0.22750
v 0.40041 0.58250 0.23000
v 0.39283 0.58688 0.22750
v 0.38892 0.55476 0.23000
v 0.38047 0.55703 0.22750
v 0.38500 0.52500 0.23000
v 0.37625 0.52500 0.22750
v 0.38892 0.49524 0.23000
v 0.38047 0.49297 0.22750
v 0.40041 0.46750 0.23000
v 0.39283 0.46313 0.22750
v 0.41868 0.44368 0.23000
v 0.41250 0.43750 0.22750
v 0.44250 0.42541 0.23000
v 0.43812 0.41783 0.22750
v 0.47024 0.41392 0.23000
v 0.46797 0.40547 0.22750
v 0.50000 0.41000 0.23000
v 0.50000 0.40125 0.22750
v 0.52976 0.41392 0.23000
v 0.53203 0.40547 0.22750
v 0.55750 0.42541 0.23000
v 0.56188 0.41783 0.22750
v 0.58132 0.44368 0.23000
v 0.58750 0.43750 0.22750
v 0.59959 0.46750 0.23000
v 0.60717 0.46312 0.22750
v 0.61108 0.49524 0.23000
v 0.61953 0.49297 0.22750
v 0.61500 0.52500 0.23000
v 0.62375 0.52500 0.22750
v 0.61108 0.55476 0.23000
v 0.61953 0.55703 0.22750
v 0.59959 0.58250 0.23000
v 0.60717 0.58688 0.22750
v 0.58132 0.60632 0.23000
v 0.58750 0.61250 0.22750
v 0.55750 0.62459 0.23000
v 0.56188 0.63217 0.22750
v 0.52976 0.63608 0.23000
v 0.53203 0.64453 0.22750
v 0.50000 0.64000 0.23000
v 0.50000 0.64875 0.22750
v 0.50000 0.64875 0.22750
v 0.50000 0.64875 0.21750
v 0.46797 0.64453 0.22750
v 0.46797 0.64453 0.21750
v 0.43812 0.63217 0.22750
v 0.43812 0.63217 0.21750
v 0.41250 0.61250 0.22750
v 0.41250 0.61250 0.21750
v 0.39283 0.58688 0.22750
v 0.39283 0.58688 0.21750
v 0.38047 0.55703 0.22750
v 0.38047 0.55703 0.21750
v 0.37625 0.52500 0.22750
v 0.37625 0.52500 0.21750
v 0.38047 0.49297 0.22750
v 0.38047 0.49297 0.21750
v 0.39283 0.46313 0.22750
v 0.39283 0.46313 0.21750
v 0.41250 0.43750 0.22750
v 0.41250 0.43750 0.21750
v 0.43812 0.41783 0.22750
v 0.43812 0.41783 0.21750
v 0.46797 0.40547 0.22750
v 0.46797 0.40547 0.21750
v 0.50000 0.40125 0.22750
v 0.50000 0.40125 0.21750
v 0.53203 0.40547 0.22750
v 0.53203 0.40547 0.21750
v 0.56188 0.41783 0.22750
v 0.56188 0.41783 0.21750
v 0.58750 0.43750 0.22750
v 0.58750 0.43750 0.21750
v 0.60717 0.46312 0.22750
v 0.60717 0.46312 0.21750
v 0.61953 0.49297 0.22750
v 0.61953 0.49297 0.21750
v 0.62375 0.52500 0.22750
v 0.62375 0.52500 0.21750
v 0.61953 0.55703 0.22750
v 0.61953 0.55703 0.21750
v 0.60717 0.58688 0.22750
v 0.60717 0.58688 0.21750
v 0.58750 0.61250 0.22750
v 0.58750 0.61250 0.21750
v 0.56188 0.63217 0.22750
v 0.56188 0.63217 0.21750
v 0.53203 0.64453 0.22750
v 0.53203 0.64453 0.21750
v 0.50000 0.64875 0.22750
v 0.50000 0.64875 0.21750
v 0.50000 0.64875 0.21750
v 0.50000 0.64000 0.21500
v 0.46797 0.64453 0.21750
v 0.47024 0.63608 0.21500
v 0.43812 0.63217 0.21750
v 0.44250 0.62459 0.21500
v 0.41250 0.61250 0.21750
v 0.41868 0.60632 0.21500
v 0.39283 0.58688 0.21750
v 0.40041 0.58250 0.21500
v 0.38047 0.55703 0.21750
v 0.38892 0.55476 0.21500
v 0.37625 0.52500 0.21750
v 0.38500 0.52500 0.21500
v 0.38047 0.49297 0.21750
v 0.38892 0.49524 0.21500
v 0.39283 0.46313 0.21750
v 0.40041 0.46750 0.21500
v 0.41250 0.43750 0.21750
v 0.41868 0.44368 0.21500
v 0.43812 0.41783 0.21750
v 0.44250 0.42541 0.21500
v 0.46797 0.40547 0.21750
v 0.47024 0.41392 0.21500
v 0.50000 0.40125 0.21750
v 0.50000 0.41000 0.21500
v 0.53203 0.40547 0.21750
v 0.52976 0.41392 0.21500
v 0.56188 0.41783 0.21750
v 0.55750 0.42541 0.21500
v 0.58750 0.43750 0.21750
v 0.58132 0.44368 0.21500
v 0.60717 0.46312 0.21750
v 0.59959 0.46750 0.21500
v 0.61953 0.49297 0.21750
v 0.61108 0.49524 0.21500
v 0.62375 0.52500 0.21750
v 0.61500 0.52500 0.21500
v 0.61953 0.55703 0.21750
v 0.61108 0.55476 0.21500
v 0.60717 0.58688 0.21750
v 0.59959 0.58250 0.21500
v 0.58750 0.61250 0.21750
v 0.58132 0.60632 0.21500
v 0.56188 0.63217 0.21750
v 0.55750 0.62459 0.21500
v 0.53203 0.64453 0.21750
v 0.52976 0.63608 0.21500
v 0.50000 0.64875 0.21750
v 0.50000 0.64000 0.21500
v 0.50000 0.64000 0.21500
v 0.50000 0.64000 0.20375
v 0.47024 0.63608 0.21500
v 0.47024 0.63608 0.20375
v 0.44250 0.62459 0.21500
v 0.44250 0.62459 0.20375
v 0.41868 0.60632 0.21500
v 0.41868 0.60632 0.20375
v 0.40041 0.58250 0.21500
v 0.40041 0.58250 0.20375
v 0.38892 0.55476 0.21500
v 0.38892 0.55476 0.20375
v 0.38500 0.52500 0.21500
v 0.38500 0.52500 0.20375
v 0.38892 0.49524 0.21500
v 0.38892 0.49524 0.20375
v 0.40041 0.46750 0.21500
v 0.40041 0.46750 0.20375
v 0.41868 0.44368 0.21500
v 0.41868 0.44368 0.20375
v 0.44250 0.42541 0.21500
v 0.44250 0.42541 0.20375
v 0.47024 0.41392 0.21500
v 0.47024 0.41392 0.20375
v 0.50000 0.41000 0.21500
v 0.50000 0.41000 0.20375
v 0.52976 0.41392 0.21500
v 0.52976 0.41392 0.20375
v 0.55750 0.42541 0.21500
v 0.55750 0.42541 0.20375
v 0.58132 0.44368 0.21500
v 0.58132 0.44368 0.20375
v 0.59959 0.46750 0.21500
v 0.59959 0.46750 0.20375
v 0.61108 0.49524 0.21500
v 0.61108 0.49524 0.20375
v 0.61500 0.52500 0.21500
v 0.61500 0.52500 0.20375
v 0.61108 0.55476 0.21500
v 0.61108 0.55476 0.20375
v 0.59959 0.58250 0.21500
v 0.59959 0.58250 0.20375
v 0.58132 0.60632 0.21500
v 0.58132 0.60632 0.20375
v 0.55750 0.62459 0.21500
v 0.55750 0.62459 0.20375
v 0.52976 0.63608 0.21500
v 0.52976 0.63608 0.20375
v 0.50000 0.64000 0.21500
v 0.50000 0.64000 0.20375
v 0.50000 0.64000 0.20375
v 0.50000 0.64875 0.20125
v 0.47024 0.63608 0.20375
v 0.46797 0.64453 0.20125
v 0.44250 0.62459 0.20375
v 0.43812 0.63217 0.20125
v 0.41868 0.60632 0.20375
v 0.41250 0.61250 0.20125
v 0.40041 0.58250 0.20375
v 0.39283 0.58688 0.20125
v 0.38892 0.55476 0.20375
v 0.38047 0.55703 0.20125
v 0.38500 0.52500 0.20375
v 0.37625 0.52500 0.20125
v 0.38892 0.49524 0.20375
v 0.38047 0.49297 0.20125
v 0.40041 0.46750 0.20375
v 0.39283 0.46313 0.20125
v 0.41868 0.44368 0.20375
v 0.41250 0.43750 0.20125
v 0.44250 0.42541 0.20375
v 0.43812 0.41783 0.20125
v 0.47024 0.41392 0.20375
v 0.46797 0.40547 0.20125
v 0.50000 0.41000 0.20375
v 0.50000 0.40125 0.20125
v 0.52976 0.41392 0.20375
v 0.53203 0.40547 0.20125
v 0.55750 0.42541 0.20375
v 0.56188 0.41783 0.20125
v 0.58132 0.44368 0.20375
v 0.58750 0.43750 0.20125
v 0.59959 0.46750 0.20375
v 0.60717 0.46312 0.20125
v 0.61108 0.49524 0.20375
v 0.61953 0.49297 0.20125
v 0.61500 0.52500 0.20375
v 0.62375 0.52500 0.20125
v 0.61108 0.55476 0.20375
v 0.61953 0.55703 0.20125
v 0.59959 0.58250 0.20375
v 0.60717 0.58688 0.20125
v 0.58132 0.60632 0.20375
v 0.58750 0.61250 0.20125
v 0.55750 0.62459 0.20375
v 0.56188 0.63217 0.20125
v 0.52976 0.63608 0.20375
v 0.53203 0.64453 0.20125
v 0.50000 0.64000 0.20375
v 0.50000 0.64875 0.20125
v 0.50000 0.64875 0.20125
v 0.50000 0.64875 0.19125
v 0.46797 0.64453 0.20125
v 0.46797 0.64453 0.19125
v 0.43812 0.63217 0.20125
v 0.43812 0.63217 0.19125
v 0.41250 0.61250 0.20125
v 0.41250 0.61250 0.19125
v 0.39283 0.58688 0.20125
v 0.39283 0.58688 0.19125
v 0.38047 0.55703 0.20125
v 0.38047 0.55703 0.19125
v 0.37625 0.52500 0.20125
v 0.37625 0.52500 0.19125
v 0.38047 0.49297 0.20125
v 0.38047 0.49297 0.19125
v 0.39283 0.46313 0.20125
v 0.39283 0.46313 0.19125
v 0.41250 0.43750 0.20125
v 0.41250 0.43750 0.19125
v 0.43812 0.41783 0.20125
v 0.43812 0.41783 0.19125
v 0.46797 0.40547 0.20125
v 0.46797 0.40547 0.19125
v 0.50000 0.40125 0.20125
v 0.50000 0.40125 0.19125
v 0.53203 0.40547 0.20125
v 0.53203 0.40547 0.19125
v 0.56188 0.41783 0.20125
v 0.56188 0.41783 0.19125
v 0.58750 0.43750 0.20125
v 0.58750 0.43750 0.19125
v 0.60717 0.46312 0.20125
v 0.60717 0.46312 0.19125
v 0.61953 0.49297 0.20125
v 0.61953 0.49297 0.19125
v 0.62375 0.52500 0.20125
v 0.62375 0.52500 0.19125
v 0.61953 0.55703 0.20125
v 0.61953 0.55703 0.19125
v 0.60717 0.58688 0.20125
v 0.60717 0.58688 0.19125
v 0.58750 0.61250 0.20125
v 0.58750 0.61250 0.19125
v 0.56188 0.63217 0.20125
v 0.56188 0.63217 0.19125
v 0.53203 0.64453 0.20125
v 0.53203 0.64453 0.19125
v 0.50000 0.64875 0.20125
v 0.50000 0.64875 0.19125
v 0.50000 0.64875 0.19125
v 0.50000 0.64000 0.18875
v 0.46797 0.64453 0.19125
v 0.47024 0.63608 0.18875
v 0.43812 0.63217 0.19125
v 0.44250 0.62459 0.18875
v 0.41250 0.61250 0.19125
v 0.41868 0.60632 0.18875
v 0.39283 0.58688 0.19125
v 0.40041 0.58250 0.18875
v 0.38047 0.55703 0.19125
v 0.38892 0.55476 0.18875
v 0.37625 0.52500 0.19125
v 0.38500 0.52500 0.18875
v 0.38047 0.49297 0.19125
v 0.38892 0.49524 0.18875
v 0.39283 0.46313 0.19125
v 0.40041 0.46750 0.18875
v 0.41250 0.43750 0.19125
v 0.41868 0.44368 0.18875
v 0.43812 0.41783 0.19125
v 0.44250 0.42541 0.18875
v 0.46797 0.40547 0.19125
v 0.47024 0.41392 0.18875
v 0.50000 0.40125 0.19125
v 0.50000 0.41000 0.18875
v 0.53203 0.40547 0.19125
v 0.52976 0.41392 0.18875
v 0.56188 0.41783 0.19125
v 0.55750 0.42541 0.18875
v 0.58750 0.43750 0.19125
v 0.58132 0.44368 0.18875
v 0.60717 0.46312 0.19125
v 0.59959 0.46750 0.18875
v 0.61953 0.49297 0.19125
v 0.61108 0.49524 0.18875
v 0.62375 0.52500 0.19125
v 0.61500 0.52500 0.18875
v 0.61953 0.55703 0.19125
v 0.61108 0.55476 0.18875
v 0.60717 0.58688 0.19125
v 0.59959 0.58250 0.18875
v 0.58750 0.61250 0.19125
v 0.58132 0.60632 0.18875
v 0.56188 0.63217 0.19125
v 0.55750 0.62459 0.18875
v 0.53203 0.64453 0.19125
v 0.52976 0.63608 0.18875
v 0.50000 0.64875 0.19125
v 0.50000 0.64000 0.18875
v 0.50000 0.64000 0.18875
v 0.50000 0.64000 0.17750
v 0.47024 0.63608 0.18875
v 0.47024 0.63608 0.17750
v 0.44250 0.62459 0.18875
v 0.44250 0.62459 0.17750
v 0.41868 0.60632 0.18875
v 0.41868 0.60632 0.17750
v 0.40041 0.58250 0.18875
v 0.40041 0.58250 0.17750
v 0.38892 0.55476 0.18875
v 0.38892 0.55476 0.17750
v 0.38500 0.52500 0.18875
v 0.38500 0.52500 0.17750
v 0.38892 0.49524 0.18875
v 0.38892 0.49524 0.17750
v 0.40041 0.46750 0.18875
v 0.40041 0.46750 0.17750
v 0.41868 0.44368 0.18875
v 0.41868 0.44368 0.17750
v 0.44250 0.42541 0.18875
v 0.44250 0.42541 0.17750
v 0.47024 0.41392 0.18875
v 0.47024 0.41392 0.17750
v 0.50000 0.41000 0.18875
v 0.50000 0.41000 0.17750
v 0.52976 0.41392 0.18875
v 0.52976 0.41392 0.17750
v 0.55750 0.42541 0.18875
v 0.55750 0.42541 0.17750
v 0.58132 0.44368 0.18875
v 0.58132 0.44368 0.17750
v 0.59959 0.46750 0.18875
v 0.59959 0.46750 0.17750
v 0.61108 0.49524 0.18875
v 0.61108 0.49524 0.17750
v 0.61500 0.52500 0.18875
v 0.61500 0.52500 0.17750
v 0.61108 0.55476 0.18875
v 0.61108 0.55476 0.17750
v 0.59959 0.58250 0.18875
v 0.59959 0.58250 0.17750
v 0.58132 0.60632 0.18875
v 0.58132 0.60632 0.17750
v 0.55750 0.62459 0.18875
v 0.55750 0.62459 0.17750
v 0.52976 0.63608 0.18875
v 0.52976 0.63608 0.17750
v 0.50000 0.64000 0.18875
v 0.50000 0.64000 0.17750
v 0.50000 0.64000 0.17750
v 0.50000 0.64875 0.17500
v 0.47024 0.63608 0.17750
v 0.46797 0.64453 0.17500
v 0.44250 0.62459 0.17750
v 0.43812 0.63217 0.17500
v 0.41868 0.60632 0.17750
v 0.41250 0.61250 0.17500
v 0.40041 0.58250 0.17750
v 0.39283 0.58688 0.17500
v 0.38892 0.55476 0.17750
v 0.38047 0.55703 0.17500
v 0.38500 0.52500 0.17750
v 0.37625 0.52500 0.17500
v 0.38892 0.49524 0.17750
v 0.38047 0.49297 0.17500
v 0.40041 0.46750 0.17750
v 0.39283 0.46313 0.17500
v 0.41868 0.44368 0.17750
v 0.41250 0.43750 0.17500
v 0.44250 0.42541 0.17750
v 0.43812 0.41783 0.17500
v 0.47024 0.41392 0.17750
v 0.46797 0.40547 0.17500
v 0.50000 0.41000 0.17750
v 0.50000 0.40125 0.17500
v 0.52976 0.41392 0.17750
v 0.53203 0.40547 0.17500
v 0.55750 0.42541 0.17750
v 0.56188 0.41783 0.17500
v 0.58132 0.44368 0.17750
v 0.58750 0.43750 0.17500
v 0.59959 0.46750 0.17750
v 0.60717 0.46312 0.17500
v 0.61108 0.49524 0.17750
v 0.61953 0.49297 0.17500
v 0.61500 0.52500 0.17750
v 0.62375 0.52500 0.17500
v 0.61108 0.55476 0.17750
v 0.61953 0.55703 0.17500
v 0.59959 0.58250 0.17750
v 0.60717 0.58688 0.17500
v 0.58132 0.60632 0.17750
v 0.58750 0.61250 0.17500
v 0.55750 0.62459 0.17750
v 0.56188 0.63217 0.17500
v 0.52976 0.63608 0.17750
v 0.53203 0.64453 0.17500
v 0.50000 0.64000 0.17750
v 0.50000 0.64875 0.17500
v 0.50000 0.64875 0.17500
v 0.50000 0.64875 0.16250
v 0.46797 0.64453 0.17500
v 0.46797 0.64453 0.16250
v 0.43812 0.63217 0.17500
v 0.43812 0.63217 0.16250
v 0.41250 0.61250 0.17500
v 0.41250 0.61250 0.16250
v 0.39283 0.58688 0.17500
v 0.39283 0.58688 0.16250
v 0.38047 0.55703 0.17500
v 0.38047 0.55703 0.16250
v 0.37625 0.52500 0.17500
v 0.37625 0.52500 0.16250
v 0.38047 0.49297 0.17500
v 0.38047 0.49297 0.16250
v 0.39283 0.46313 0.17500
v 0.39283 0.46313 0.16250
v 0.41250 0.43750 0.17500
v 0.41250 0.43750 0.16250
v 0.43812 0.41783 0.17500
v 0.43812 0.41783 0.16250
v 0.46797 0.40547 0.17500
v 0.46797 0.40547 0.16250
v 0.50000 0.40125 0.17500
v 0.50000 0.40125 0.16250
v 0.53203 0.40547 0.17500
v 0.53203 0.40547 0.16250
v 0.56188 0.41783 0.17500
v 0.56188 0.41783 0.16250
v 0.58750 0.43750 0.17500
v 0.58750 0.43750 0.16250
v 0.60717 0.46312 0.17500
v 0.60717 0.46312 0.16250
v 0.61953 0.49297 0.17500
v 0.61953 0.49297 0.16250
v 0.62375 0.52500 0.17500
v 0.62375 0.52500 0.16250
v 0.61953 0.55703 0.17500
v 0.61953 0.55703 0.16250
v 0.60717 0.58688 0.17500
v 0.60717 0.58688 0.16250
v 0.58750 0.61250 0.17500
v 0.58750 0.61250 0.16250
v 0.56188 0.63217 0.17500
v 0.56188 0.63217 0.16250
v 0.53203 0.64453 0.17500
v 0.53203 0.64453 0.16250
v 0.50000 0.64875 0.17500
v 0.50000 0.64875 0.16250
v 0.50000 0.64875 0.16250
v 0.50000 0.65375 0.15937
v 0.46797 0.64453 0.16250
v 0.46668 0.64936 0.15937
v 0.43812 0.63217 0.16250
v 0.43563 0.63650 0.15937
v 0.41250 0.61250 0.16250
v 0.40896 0.61604 0.15937
v 0.39283 0.58688 0.16250
v 0.38850 0.58938 0.15937
v 0.38047 0.55703 0.16250
v 0.37564 0.55832 0.15937
v 0.37625 0.52500 0.16250
v 0.37125 0.52500 0.15937
v 0.38047 0.49297 0.16250
v 0.37564 0.49168 0.15937
v 0.39283 0.46313 0.16250
v 0.38850 0.46063 0.15937
v 0.41250 0.43750 0.16250
v 0.40896 0.43396 0.15937
v 0.43812 0.41783 0.16250
v 0.43563 0.41350 0.15937
v 0.46797 0.40547 0.16250
v 0.46668 0.40064 0.15937
v 0.50000 0.40125 0.16250
v 0.50000 0.39625 0.15937
v 0.53203 0.40547 0.16250
v 0.53332 0.40064 0.15937
v 0.56188 0.41783 0.16250
v 0.56437 0.41350 0.15937
v 0.58750 0.43750 0.16250
v 0.59104 0.43396 0.15937
v 0.60717 0.46312 0.16250
v 0.61150 0.46062 0.15937
v 0.61953 0.49297 0.16250
v 0.62436 0.49168 0.15937
v 0.62375 0.52500 0.16250
v 0.62875 0.52500 0.15937
v 0.61953 0.55703 0.16250
v 0.62436 0.55832 0.15937
v 0.60717 0.58688 0.16250
v 0.61150 0.58938 0.15937
v 0.58750 0.61250 0.16250
v 0.59104 0.61604 0.15937
v 0.56188 0.63217 0.16250
v 0.56438 0.63650 0.15937
v 0.53203 0.64453 0.16250
v 0.53332 0.64936 0.15937
v 0.50000 0.64875 0.16250
v 0.50000 0.65375 0.15937
v 0.50000 0.65375 0.15937
v 0.50000 0.65375 0.10937
v 0.46668 0.64936 0.15937
v 0.46668 0.64936 0.10937
v 0.43563 0.63650 0.15937
v 0.43563 0.63650 0.10937
v 0.40896 0.61604 0.15937
v 0.40896 0.61604 0.10937
v 0.38850 0.58938 0.15937
v 0.38850 0.58938 0.10937
v 0.37564 0.55832 0.15937
v 0.37564 0.55832 0.10937
v 0.37125 0.52500 0.15937
v 0.37125 0.52500 0.10937
v 0.37564 0.49168 0.15937
v 0.37564 0.49168 0.10937
v 0.38850 0.46063 0.15937
v 0.38850 0.46063 0.10937
v 0.40896 0.43396 0.15937
v 0.40896 0.43396 0.10937
v 0.43563 0.41350 0.15937
v 0.43563 0.41350 0.10937
v 0.46668 0.40064 0.15937
v 0.46668 0.40064 0.10937
v 0.50000 0.39625 0.15937
v 0.50000 0.39625 0.10937
v 0.53332 0.40064 0.15937
v 0.53332 0.40064 0.10937
v 0.56437 0.41350 0.15937
v 0.56437 0.41350 0.10937
v 0.59104 0.43396 0.15937
v 0.59104 0.43396 0.10937
v 0.61150 0.46062 0.15937
v 0.61150 0.46062 0.10937
v 0.62436 0.49168 0.15937
v 0.62436 0.49168 0.10937
v 0.62875 0.52500 0.15937
v 0.62875 0.52500 0.10937
v 0.62436 0.55832 0.15937
v 0.62436 0.55832 0.10937
v 0.61150 0.58938 0.15937
v 0.61150 0.58938 0.10937
v 0.59104 0.61604 0.15937
v 0.59104 0.61604 0.10937
v 0.56438 0.63650 0.15937
v 0.56438 0.63650 0.10937
v 0.53332 0.64936 0.15937
v 0.53332 0.64936 0.10937
v 0.50000 0.65375 0.15937
v 0.50000 0.65375 0.10937
v 0.49102 0.65344 0.10937
v 0.49102 0.65344 0.09687
v 0.47648 0.65158 0.10937
v 0.47648 0.65158 0.09687
v 0.46225 0.64809 0.10937
v 0.46225 0.64809 0.09687
v 0.44851 0.64300 0.10937
v 0.44851 0.64300 0.09687
v 0.43543 0.63639 0.10937
v 0.43543 0.63639 0.09687
v 0.49241 0.63349 0.09687
v 0.49241 0.63349 0.10937
v 0.48014 0.63192 0.09687
v 0.48014 0.63192 0.10937
v 0.46811 0.62897 0.09687
v 0.46811 0.62897 0.10937
v 0.45651 0.62467 0.09687
v 0.45651 0.62467 0.10937
v 0.44546 0.61909 0.09687
v 0.44546 0.61909 0.10937
v 0.49102 0.65344 0.09687
v 0.49241 0.63349 0.09687
v 0.47648 0.65158 0.09687
v 0.48014 0.63192 0.09687
v 0.46225 0.64809 0.09687
v 0.46811 0.62897 0.09687
v 0.44851 0.64300 0.09687
v 0.45651 0.62467 0.09687
v 0.43543 0.63639 0.09687
v 0.44546 0.61909 0.09687
v 0.49102 0.65344 0.10937
v 0.49102 0.65344 0.09687
v 0.49241 0.63349 0.09687
v 0.49241 0.63349 0.10937
v 0.43543 0.63639 0.10937
v 0.43543 0.63639 0.09687
v 0.44546 0.61909 0.09687
v 0.44546 0.61909 0.10937
v 0.40283 0.60947 0.10937
v 0.40283 0.60947 0.09687
v 0.39386 0.59788 0.10937
v 0.39386 0.59788 0.09687
v 0.38627 0.58535 0.10937
v 0.38627 0.58535 0.09687
v 0.38015 0.57203 0.10937
v 0.38015 0.57203 0.09687
v 0.37558 0.55811 0.10937
v 0.37558 0.55811 0.09687
v 0.41793 0.59635 0.09687
v 0.41793 0.59635 0.10937
v 0.41035 0.58656 0.09687
v 0.41035 0.58656 0.10937
v 0.40393 0.57597 0.09687
v 0.40393 0.57597 0.10937
v 0.39877 0.56472 0.09687
v 0.39877 0.56472 0.10937
v 0.39491 0.55296 0.09687
v 0.39491 0.55296 0.10937
v 0.40283 0.60947 0.09687
v 0.41793 0.59635 0.09687
v 0.39386 0.59788 0.09687
v 0.41035 0.58656 0.09687
v 0.38627 0.58535 0.09687
v 0.40393 0.57597 0.09687
v 0.38015 0.57203 0.09687
v 0.39877 0.56472 0.09687
v 0.37558 0.55811 0.09687
v 0.39491 0.55296 0.09687
v 0.40283 0.60947 0.10937
v 0.40283 0.60947 0.09687
v 0.41793 0.59635 0.09687
v 0.41793 0.59635 0.10937
v 0.37558 0.55811 0.10937
v 0.37558 0.55811 0.09687
v 0.39491 0.55296 0.09687
v 0.39491 0.55296 0.10937
v 0.37156 0.51602 0.10937
v 0.37156 0.51602 0.09687
v 0.37342 0.50148 0.10937
v 0.37342 0.50148 0.09687
v 0.37691 0.48725 0.10937
v 0.37691 0.48725 0.09687
v 0.38200 0.47351 0.10937
v 0.38200 0.47351 0.09687
v 0.38861 0.46043 0.10937
v 0.38861 0.46043 0.09687
v 0.39151 0.51741 0.09687
v 0.39151 0.51741 0.10937
v 0.39308 0.50514 0.09687
v 0.39308 0.50514 0.10937
v 0.39603 0.49311 0.09687
v 0.39603 0.49311 0.10937
v 0.40033 0.48151 0.09687
v 0.40033 0.48151 0.10937
v 0.40591 0.47046 0.09687
v 0.40591 0.47046 0.10937
v 0.37156 0.51602 0.09687
v 0.39151 0.51741 0.09687
v 0.37342 0.50148 0.09687
v 0.39308 0.50514 0.09687
v 0.37691 0.48725 0.09687
v 0.39603 0.49311 0.09687
v 0.38200 0.47351 0.09687
v 0.40033 0.48151 0.09687
v 0.38861 0.46043 0.09687
v 0.40591 0.47046 0.09687
v 0.37156 0.51602 0.10937
v 0.37156 0.51602 0.09687
v 0.39151 0.51741 0.09687
v 0.39151 0.51741 0.10937
v 0.38861 0.46043 0.10937
v 0.38861 0.46043 0.09687
v 0.40591 0.47046 0.09687
v 0.40591 0.47046 0.10937
v 0.41553 0.42783 0.10937
v 0.41553 0.42783 0.09687
v 0.42712 0.41886 0.10937
v 0.42712 0.41886 0.09687
v 0.43965 0.41127 0.10937
v 0.43965 0.41127 0.09687
v 0.45297 0.40515 0.10937
v 0.45297 0.40515 0.09687
v 0.46689 0.40058 0.10937
v 0.46689 0.40058 0.09687
v 0.42865 0.44293 0.09687
v 0.42865 0.44293 0.10937
v 0.43844 0.43535 0.09687
v 0.43844 0.43535 0.10937
v 0.44903 0.42893 0.09687
v 0.44903 0.42893 0.10937
v 0.46028 0.42377 0.09687
v 0.46028 0.42377 0.10937
v 0.47204 0.41991 0.09687
v 0.47204 0.41991 0.10937
v 0.41553 0.42783 0.09687
v 0.42865 0.44293 0.09687
v 0.42712 0.41886 0.09687
v 0.43844 0.43535 0.09687
v 0.43965 0.41127 0.09687
v 0.44903 0.42893 0.09687
v 0.45297 0.40515 0.09687
v 0.46028 0.42377 0.09687
v 0.46689 0.40058 0.09687
v 0.47204 0.41991 0.09687
v 0.41553 0.42783 0.10937
v 0.41553 0.42783 0.09687
v 0.42865 0.44293 0.09687
v 0.42865 0.44293 0.10937
v 0.46689 0.40058 0.10937
v 0.46689 0.40058 0.09687
v 0.47204 0.41991 0.09687
v 0.47204 0.41991 0.10937
v 0.50898 0.39656 0.10937
v 0.50898 0.39656 0.09687
v 0.52352 0.39842 0.10937
v 0.52352 0.39842 0.09687
v 0.53775 0.40191 0.10937
v 0.53775 0.40191 0.09687
v 0.55149 0.40700 0.10937
v 0.55149 0.40700 0.09687
v 0.56457 0.41361 0.10937
v 0.56457 0.41361 0.09687
v 0.50759 0.41651 0.09687
v 0.50759 0.41651 0.10937
v 0.51986 0.41808 0.09687
v 0.51986 0.41808 0.10937
v 0.53189 0.42103 0.09687
v 0.53189 0.42103 0.10937
v 0.54349 0.42533 0.09687
v 0.54349 0.42533 0.10937
v 0.55454 0.43091 0.09687
v 0.55454 0.43091 0.10937
v 0.50898 0.39656 0.09687
v 0.50759 0.41651 0.09687
v 0.52352 0.39842 0.09687
v 0.51986 0.41808 0.09687
v 0.53775 0.40191 0.09687
v 0.53189 0.42103 0.09687
v 0.55149 0.40700 0.09687
v 0.54349 0.42533 0.09687
v 0.56457 0.41361 0.09687
v 0.55454 0.43091 0.09687
v 0.50898 0.39656 0.10937
v 0.50898 0.39656 0.09687
v 0.50759 0.41651 0.09687
v 0.50759 0.41651 0.10937
v 0.56457 0.41361 0.10937
v 0.56457 0.41361 0.09687
v 0.55454 0.43091 0.09687
v 0.55454 0.43091 0.10937
v 0.59717 0.44053 0.10937
v 0.59717 0.44053 0.09687
v 0.60614 0.45212 0.10937
v 0.60614 0.45212 0.09687
v 0.61373 0.46465 0.10937
v 0.61373 0.46465 0.09687
v 0.61985 0.47797 0.10937
v 0.61985 0.47797 0.09687
v 0.62442 0.49189 0.10937
v 0.62442 0.49189 0.09687
v 0.58207 0.45365 0.09687
v 0.58207 0.45365 0.10937
v 0.58965 0.46344 0.09687
v 0.58965 0.46344 0.10937
v 0.59607 0.47403 0.09687
v 0.59607 0.47403 0.10937
v 0.60123 0.48528 0.09687
v 0.60123 0.48528 0.10937
v 0.60509 0.49704 0.09687
v 0.60509 0.49704 0.10937
v 0.59717 0.44053 0.09687
v 0.58207 0.45365 0.09687
v 0.60614 0.45212 0.09687
v 0.58965 0.46344 0.09687
v 0.61373 0.46465 0.09687
v 0.59607 0.47403 0.09687
v 0.61985 0.47797 0.09687
v 0.60123 0.48528 0.09687
v 0.62442 0.49189 0.09687
v 0.60509 0.49704 0.09687
v 0.59717 0.44053 0.10937
v 0.59717 0.44053 0.09687
v 0.58207 0.45365 0.09687
v 0.58207 0.45365 0.10937
v 0.62442 0.49189 0.10937
v 0.62442 0.49189 0.09687
v 0.60509 0.49704 0.09687
v 0.60509 0.49704 0.10937
v 0.62844 0.53398 0.10937
v 0.62844 0.53398 0.09687
v 0.62658 0.54852 0.10937
v 0.62658 0.54852 0.09687
v 0.62309 0.56275 0.10937
v 0.62309 0.56275 0.09687
v 0.61800 0.57649 0.10937
v 0.61800 0.57649 0.09687
v 0.61139 0.58957 0.10937
v 0.61139 0.58957 0.09687
v 0.60849 0.53259 0.09687
v 0.60849 0.53259 0.10937
v 0.60692 0.54486 0.09687
v 0.60692 0.54486 0.10937
v 0.60397 0.55689 0.09687
v 0.60397 0.55689 0.10937
v 0.59967 0.56849 0.09687
v 0.59967 0.56849 0.10937
v 0.59409 0.57954 0.09687
v 0.59409 0.57954 0.10937
v 0.62844 0.53398 0.09687
v 0.60849 0.53259 0.09687
v 0.62658 0.54852 0.09687
v 0.60692 0.54486 0.09687
v 0.62309 0.56275 0.09687
v 0.60397 0.55689 0.09687
v 0.61800 0.57649 0.09687
v 0.59967 0.56849 0.09687
v 0.61139 0.58957 0.09687
v 0.59409 0.57954 0.09687
v 0.62844 0.53398 0.10937
v 0.62844 0.53398 0.09687
v 0.60849 0.53259 0.09687
v 0.60849 0.53259 0.10937
v 0.61139 0.58957 0.10937
v 0.61139 0.58957 0.09687
v 0.59409 0.57954 0.09687
v 0.59409 0.57954 0.10937
v 0.58447 0.62217 0.10937
v 0.58447 0.62217 0.09687
v 0.57288 0.63114 0.10937
v 0.57288 0.63114 0.09687
v 0.56035 0.63873 0.10937
v 0.56035 0.63873 0.09687
v 0.54703 0.64485 0.10937
v 0.54703 0.64485 0.09687
v 0.53311 0.64942 0.10937
v 0.53311 0.64942 0.09687
v 0.57135 0.60707 0.09687
v 0.57135 0.60707 0.10937
v 0.56156 0.61465 0.09687
v 0.56156 0.61465 0.10937
v 0.55097 0.62107 0.09687
v 0.55097 0.62107 0.10937
v 0.53972 0.62623 0.09687
v 0.53972 0.62623 0.10937
v 0.52796 0.63009 0.09687
v 0.52796 0.63009 0.10937
v 0.58447 0.62217 0.09687
v 0.57135 0.60707 0.09687
v 0.57288 0.63114 0.09687
v 0.56156 0.61465 0.09687
v 0.56035 0.63873 0.09687
v 0.55097 0.62107 0.09687
v 0.54703 0.64485 0.09687
v 0.53972 0.62623 0.09687
v 0.53311 0.64942 0.09687
v 0.52796 0.63009 0.09687
v 0.58447 0.62217 0.10937
v 0.58447 0.62217 0.09687
v 0.57135 0.60707 0.09687
v 0.57135 0.60707 0.10937
v 0.53311 0.64942 0.10937
v 0.53311 0.64942 0.09687
v 0.52796 0.63009 0.09687
v 0.52796 0.63009 0.10937
v 0.50000 0.65375 0.10937
v 0.50000 0.63375 0.10937
v 0.46668 0.64936 0.10937
v 0.47185 0.63004 0.10937
v 0.43563 0.63650 0.10937
v 0.44562 0.61918 0.10937
v 0.40896 0.61604 0.10937
v 0.42310 0.60190 0.10937
v 0.38850 0.58938 0.10937
v 0.40582 0.57938 0.10937
v 0.37564 0.55832 0.10937
v 0.39496 0.55315 0.10937
v 0.37125 0.52500 0.10937
v 0.39125 0.52500 0.10937
v 0.37564 0.49168 0.10937
v 0.39496 0.49685 0.10937
v 0.38850 0.46063 0.10937
v 0.40582 0.47063 0.10937
v 0.40896 0.43396 0.10937
v 0.42310 0.44810 0.10937
v 0.43563 0.41350 0.10937
v 0.44562 0.43082 0.10937
v 0.46668 0.40064 0.10937
v 0.47185 0.41996 0.10937
v 0.50000 0.39625 0.10937
v 0.50000 0.41625 0.10937
v 0.53332 0.40064 0.10937
v 0.52815 0.41996 0.10937
v 0.56437 0.41350 0.10937
v 0.55437 0.43082 0.10937
v 0.59104 0.43396 0.10937
v 0.57690 0.44810 0.10937
v 0.61150 0.46062 0.10937
v 0.59418 0.47062 0.10937
v 0.62436 0.49168 0.10937
v 0.60504 0.49685 0.10937
v 0.62875 0.52500 0.10937
v 0.60875 0.52500 0.10937
v 0.62436 0.55832 0.10937
v 0.60504 0.55315 0.10937
v 0.61150 0.58938 0.10937
v 0.59418 0.57938 0.10937
v 0.59104 0.61604 0.10937
v 0.57690 0.60190 0.10937
v 0.56438 0.63650 0.10937
v 0.55438 0.61918 0.10937
v 0.53332 0.64936 0.10937
v 0.52815 0.63004 0.10937
v 0.50000 0.65375 0.10937
v 0.50000 0.63375 0.10937
v 0.50000 0.63375 0.10937
v 0.50000 0.63375 0.12500
v 0.47185 0.63004 0.10937
v 0.47185 0.63004 0.12500
v 0.44562 0.61918 0.10937
v 0.44562 0.61918 0.12500
v 0.42310 0.60190 0.10937
v 0.42310 0.60190 0.12500
v 0.40582 0.57938 0.10937
v 0.40582 0.57938 0.12500
v 0.39496 0.55315 0.10937
v 0.39496 0.55315 0.12500
v 0.39125 0.52500 0.10937
v 0.39125 0.52500 0.12500
v 0.39496 0.49685 0.10937
v 0.39496 0.49685 0.12500
v 0.40582 0.47063 0.10937
v 0.40582 0.47063 0.12500
v 0.42310 0.44810 0.10937
v 0.42310 0.44810 0.12500
v 0.44562 0.43082 0.10937
v 0.44562 0.43082 0.12500
v 0.47185 0.41996 0.10937
v 0.47185 0.41996 0.12500
v 0.50000 0.41625 0.10937
v 0.50000 0.41625 0.12500
v 0.52815 0.41996 0.10937
v 0.52815 0.41996 0.12500
v 0.55437 0.43082 0.10937
v 0.55437 0.43082 0.12500
v 0.57690 0.44810 0.10937
v 0.57690 0.44810 0.12500
v 0.59418 0.47062 0.10937
v 0.59418 0.47062 0.12500
v 0.60504 0.49685 0.10937
v 0.60504 0.49685 0.12500
v 0.60875 0.52500 0.10937
v 0.60875 0.52500 0.12500
v 0.60504 0.55315 0.10937
v 0.60504 0.55315 0.12500
v 0.59418 0.57938 0.10937
v 0.59418 0.57938 0.12500
v 0.57690 0.60190 0.10937
v 0.57690 0.60190 0.12500
v 0.55438 0.61918 0.10937
v 0.55438 0.61918 0.12500
v 0.52815 0.63004 0.10937
v 0.52815 0.63004 0.12500
v 0.50000 0.63375 0.10937
v 0.50000 0.63375 0.12500
v 0.50000 0.52500 0.12500
v 0.50000 0.63375 0.12500
v 0.47185 0.63004 0.12500
v 0.44562 0.61918 0.12500
v 0.42310 0.60190 0.12500
v 0.40582 0.57938 0.12500
v 0.39496 0.55315 0.12500
v 0.39125 0.52500 0.12500
v 0.39496 0.49685 0.12500
v 0.40582 0.47063 0.12500
v 0.42310 0.44810 0.12500
v 0.44562 0.43082 0.12500
v 0.47185 0.41996 0.12500
v 0.50000 0.41625 0.12500
v 0.52815 0.41996 0.12500
v 0.55437 0.43082 0.12500
v 0.57690 0.44810 0.12500
v 0.59418 0.47062 0.12500
v 0.60504 0.49685 0.12500
v 0.60875 0.52500 0.12500
v 0.60504 0.55315 0.12500
v 0.59418 0.57938 0.12500
v 0.57690 0.60190 0.12500
v 0.55438 0.61918 0.12500
v 0.52815 0.63004 0.12500
v 0.50000 0.63375 0.12500
v 0.52903 0.60089 0.44062
v 0.52199 0.60322 0.44062
v 0.51476 0.60490 0.44062
v 0.50741 0.60591 0.44062
v 0.50000 0.60625 0.44062
v 0.49259 0.60591 0.44062
v 0.48524 0.60490 0.44062
v 0.47801 0.60322 0.44062
v 0.47097 0.60089 0.44062
v 0.52903 0.60089 0.43203
v 0.52546 0.61556 0.43203
v 0.51749 0.61966 0.43203
v 0.50882 0.62132 0.43203
v 0.50000 0.62175 0.43203
v 0.49118 0.62132 0.43203
v 0.48251 0.61966 0.43203
v 0.47454 0.61556 0.43203
v 0.47097 0.60089 0.43203
v 0.52903 0.60089 0.42344
v 0.52605 0.61767 0.42344
v 0.51795 0.62218 0.42344
v 0.50906 0.62395 0.42344
v 0.50000 0.62440 0.42344
v 0.49094 0.62395 0.42344
v 0.48205 0.62218 0.42344
v 0.47395 0.61767 0.42344
v 0.47097 0.60089 0.42344
v 0.52903 0.60089 0.41484
v 0.52618 0.61811 0.41484
v 0.51805 0.62272 0.41484
v 0.50912 0.62451 0.41484
v 0.50000 0.62496 0.41484
v 0.49088 0.62451 0.41484
v 0.48195 0.62272 0.41484
v 0.47382 0.61811 0.41484
v 0.47097 0.60089 0.41484
v 0.52903 0.60089 0.40625
v 0.52618 0.61814 0.40625
v 0.51806 0.62275 0.40625
v 0.50912 0.62455 0.40625
v 0.50000 0.62500 0.40625
v 0.49088 0.62455 0.40625
v 0.48194 0.62275 0.40625
v 0.47382 0.61814 0.40625
v 0.47097 0.60089 0.40625
v 0.52903 0.60089 0.39766
v 0.52618 0.61811 0.39766
v 0.51805 0.62272 0.39766
v 0.50912 0.62451 0.39766
v 0.50000 0.62496 0.39766
v 0.49088 0.62451 0.39766
v 0.48195 0.62272 0.39766
v 0.47382 0.61811 0.39766
v 0.47097 0.60089 0.39766
v 0.52903 0.60089 0.38906
v 0.52605 0.61767 0.38906
v 0.51795 0.62218 0.38906
v 0.50906 0.62395 0.38906
v 0.50000 0.62440 0.38906
v 0.49094 0.62395 0.38906
v 0.48205 0.62218 0.38906
v 0.47395 0.61767 0.38906
v 0.47097 0.60089 0.38906
v 0.52903 0.60089 0.38047
v 0.52546 0.61556 0.38047
v 0.51749 0.61966 0.38047
v 0.50882 0.62132 0.38047
v 0.50000 0.62175 0.38047
v 0.49118 0.62132 0.38047
v 0.48251 0.61966 0.38047
v 0.47454 0.61556 0.38047
v 0.47097 0.60089 0.38047
v 0.52903 0.60089 0.37188
v 0.52199 0.60322 0.37188
v 0.51476 0.60490 0.37188
v 0.50741 0.60591 0.37188
v 0.50000 0.60625 0.37188
v 0.49259 0.60591 0.37188
v 0.48524 0.60490 0.37188
v 0.47801 0.60322 0.37188
v 0.47097 0.60089 0.37188
v 0.50000 0.45873 0.86706
v 0.50487 0.45593 0.86728
v 0.50487 0.45032 0.86772
v 0.50000 0.44752 0.86794
v 0.49513 0.45032 0.86772
v 0.49513 0.45593 0.86728
v 0.50000 0.45873 0.86706
v 0.50000 0.45558 0.82824
v 0.50487 0.45279 0.82787
v 0.50487 0.44721 0.82713
v 0.50000 0.44442 0.82676
v 0.49513 0.44721 0.82713
v 0.49513 0.45279 0.82787
v 0.50000 0.45558 0.82824
v 0.50000 0.46094 0.82481
v 0.49513 0.45953 0.82724
v 0.49513 0.45672 0.83211
v 0.50000 0.45531 0.83455
v 0.50487 0.45672 0.83211
v 0.50487 0.45953 0.82724
v 0.50000 0.46094 0.82481
v 0.50000 0.46894 0.83281
v 0.49513 0.46651 0.83422
v 0.49513 0.46164 0.83703
v 0.50000 0.45920 0.83844
v 0.50487 0.46164 0.83703
v 0.50487 0.46651 0.83422
v 0.50000 0.46894 0.83281
v 0.50000 0.47188 0.84375
v 0.49513 0.46906 0.84375
v 0.49513 0.46344 0.84375
v 0.50000 0.46063 0.84375
v 0.50487 0.46344 0.84375
v 0.50487 0.46906 0.84375
v 0.50000 0.47188 0.84375
v 0.50000 0.46894 0.85469
v 0.49513 0.46651 0.85328
v 0.49513 0.46164 0.85047
v 0.50000 0.45920 0.84906
v 0.50487 0.46164 0.85047
v 0.50487 0.46651 0.85328
v 0.50000 0.46894 0.85469
v 0.50000 0.46094 0.86269
v 0.49513 0.45953 0.86026
v 0.49513 0.45672 0.85539
v 0.50000 0.45531 0.85295
v 0.50487 0.45672 0.85539
v 0.50487 0.45953 0.86026
v 0.50000 0.46094 0.86269
v 0.50000 0.45558 0.85926
v 0.50487 0.45279 0.85963
v 0.50487 0.44721 0.86037
v 0.50000 0.44442 0.86074
v 0.49513 0.44721 0.86037
v 0.49513 0.45279 0.85963
v 0.50000 0.45558 0.85926
v 0.50000 0.45873 0.82044
v 0.50487 0.45593 0.82022
v 0.50487 0.45032 0.81978
v 0.50000 0.44752 0.81956
v 0.49513 0.45032 0.81978
v 0.49513 0.45593 0.82022
v 0.50000 0.45873 0.82044
v 0.50000 0.42313 0.84375
v 0.50493 0.42550 0.84670
v 0.50697 0.43125 0.84793
v 0.50493 0.43700 0.84670
v 0.50000 0.43938 0.84375
v 0.49507 0.43700 0.84080
v 0.49303 0.43125 0.83957
v 0.49507 0.42550 0.84080
v 0.50000 0.42313 0.84375
v 0.50144 0.42379 0.84123
v 0.50551 0.42539 0.84565
v 0.50541 0.42925 0.85052
v 0.50121 0.43312 0.85299
v 0.49536 0.43472 0.85161
v 0.49129 0.43312 0.84719
v 0.49138 0.42925 0.84232
v 0.49559 0.42539 0.83985
v 0.50144 0.42379 0.84123
v 0.50044 0.42056 0.84294
v 0.50437 0.42173 0.84762
v 0.50388 0.42442 0.85320
v 0.49927 0.42706 0.85643
v 0.49322 0.42810 0.85540
v 0.48929 0.42694 0.85072
v 0.48978 0.42425 0.84514
v 0.49439 0.42161 0.84192
v 0.50044 0.42056 0.84294
v 0.49910 0.41404 0.84550
v 0.50300 0.41503 0.85024
v 0.50240 0.41718 0.85604
v 0.49766 0.41923 0.85951
v 0.49155 0.41998 0.85861
v 0.48766 0.41898 0.85387
v 0.48825 0.41683 0.84806
v 0.49299 0.41479 0.84459
v 0.49910 0.41404 0.84550
v 0.49776 0.40511 0.84836
v 0.50165 0.40602 0.85313
v 0.50101 0.40785 0.85903
v 0.49621 0.40955 0.86262
v 0.49008 0.41010 0.86178
v 0.48619 0.40919 0.85701
v 0.48683 0.40735 0.85110
v 0.49162 0.40566 0.84752
v 0.49776 0.40511 0.84836
v 0.49651 0.39424 0.85137
v 0.50039 0.39509 0.85616
v 0.49973 0.39671 0.86212
v 0.49491 0.39814 0.86578
v 0.48875 0.39856 0.86498
v 0.48487 0.39771 0.86020
v 0.48554 0.39609 0.85423
v 0.49036 0.39465 0.85057
v 0.49651 0.39424 0.85137
v 0.49540 0.38181 0.85441
v 0.49928 0.38259 0.85921
v 0.49860 0.38402 0.86522
v 0.49376 0.38524 0.86893
v 0.48759 0.38555 0.86816
v 0.48372 0.38476 0.86336
v 0.48440 0.38334 0.85734
v 0.48924 0.38211 0.85364
v 0.49540 0.38181 0.85441
v 0.49446 0.36813 0.85732
v 0.49833 0.36884 0.86213
v 0.49763 0.37006 0.86819
v 0.49278 0.37108 0.87194
v 0.48661 0.37131 0.87119
v 0.48274 0.37060 0.86637
v 0.48344 0.36938 0.86031
v 0.48829 0.36836 0.85656
v 0.49446 0.36813 0.85732
v 0.49371 0.35354 0.85992
v 0.49757 0.35413 0.86475
v 0.49686 0.35512 0.87085
v 0.49200 0.35593 0.87464
v 0.48583 0.35608 0.87390
v 0.48196 0.35549 0.86906
v 0.48267 0.35450 0.86296
v 0.48754 0.35369 0.85918
v 0.49371 0.35354 0.85992
v 0.49316 0.33833 0.86202
v 0.49702 0.33877 0.86688
v 0.49630 0.33949 0.87301
v 0.49142 0.34007 0.87683
v 0.48525 0.34016 0.87609
v 0.48139 0.33972 0.87124
v 0.48211 0.33900 0.86510
v 0.48699 0.33842 0.86128
v 0.49316 0.33833 0.86202
v 0.49283 0.32283 0.86342
v 0.49668 0.32307 0.86829
v 0.49595 0.32346 0.87446
v 0.49107 0.32377 0.87830
v 0.48490 0.32381 0.87756
v 0.48105 0.32356 0.87269
v 0.48177 0.32318 0.86652
v 0.48666 0.32287 0.86268
v 0.49283 0.32283 0.86342
v 0.49272 0.30733 0.86393
v 0.49657 0.30733 0.86882
v 0.49584 0.30732 0.87499
v 0.49095 0.30732 0.87884
v 0.48478 0.30732 0.87810
v 0.48093 0.30732 0.87322
v 0.48166 0.30733 0.86704
v 0.48655 0.30733 0.86319
v 0.49272 0.30733 0.86393
v 0.49284 0.29215 0.86340
v 0.49669 0.29184 0.86828
v 0.49595 0.29137 0.87444
v 0.49106 0.29101 0.87827
v 0.48489 0.29098 0.87752
v 0.48104 0.29128 0.87265
v 0.48178 0.29175 0.86649
v 0.48667 0.29211 0.86266
v 0.49284 0.29215 0.86340
v 0.49318 0.27755 0.86173
v 0.49702 0.27689 0.86657
v 0.49629 0.27589 0.87266
v 0.49141 0.27513 0.87644
v 0.48524 0.27506 0.87569
v 0.48139 0.27573 0.87084
v 0.48212 0.27673 0.86475
v 0.48700 0.27748 0.86097
v 0.49318 0.27755 0.86173
v 0.49372 0.26382 0.85886
v 0.49757 0.26275 0.86362
v 0.49686 0.26115 0.86959
v 0.49198 0.25995 0.87326
v 0.48581 0.25986 0.87249
v 0.48196 0.26092 0.86773
v 0.48268 0.26253 0.86177
v 0.48755 0.26372 0.85809
v 0.49372 0.26382 0.85886
v 0.49446 0.25118 0.85482
v 0.49833 0.24967 0.85945
v 0.49763 0.24742 0.86520
v 0.49278 0.24574 0.86871
v 0.48662 0.24563 0.86792
v 0.48274 0.24714 0.86330
v 0.48344 0.24939 0.85754
v 0.48829 0.25107 0.85403
v 0.49446 0.25118 0.85482
v 0.49537 0.23987 0.84970
v 0.49926 0.23788 0.85412
v 0.49861 0.23494 0.85956
v 0.49379 0.23277 0.86283
v 0.48763 0.23263 0.86202
v 0.48373 0.23461 0.85760
v 0.48438 0.23755 0.85216
v 0.48920 0.23973 0.84889
v 0.49537 0.23987 0.84970
v 0.49643 0.23005 0.84367
v 0.50037 0.22759 0.84780
v 0.49977 0.22395 0.85281
v 0.49499 0.22126 0.85575
v 0.48883 0.22111 0.85491
v 0.48490 0.22357 0.85077
v 0.48550 0.22721 0.84576
v 0.49027 0.22990 0.84282
v 0.49643 0.23005 0.84367
v 0.49762 0.22190 0.83695
v 0.50160 0.21896 0.84071
v 0.50109 0.21463 0.84515
v 0.49637 0.21145 0.84765
v 0.49022 0.21127 0.84676
v 0.48623 0.21421 0.84300
v 0.48675 0.21854 0.83856
v 0.49147 0.22172 0.83606
v 0.49762 0.22190 0.83695
v 0.49890 0.21554 0.82984
v 0.50295 0.21215 0.83313
v 0.50253 0.20717 0.83683
v 0.49790 0.20351 0.83877
v 0.49176 0.20331 0.83782
v 0.48770 0.20670 0.83454
v 0.48812 0.21168 0.83084
v 0.49275 0.21534 0.82889
v 0.49890 0.21554 0.82984
v 0.50022 0.21104 0.82271
v 0.50437 0.20726 0.82539
v 0.50409 0.20169 0.82815
v 0.49957 0.19761 0.82937
v 0.49344 0.19740 0.82834
v 0.48930 0.20118 0.82566
v 0.48957 0.20675 0.82290
v 0.49410 0.21083 0.82168
v 0.50022 0.21104 0.82271
v 0.50155 0.20843 0.81595
v 0.50581 0.20432 0.81786
v 0.50573 0.19830 0.81942
v 0.50135 0.19390 0.81971
v 0.49524 0.19369 0.81857
v 0.49098 0.19780 0.81666
v 0.49107 0.20382 0.81510
v 0.49545 0.20822 0.81481
v 0.50155 0.20843 0.81595
v 0.50284 0.20759 0.80998
v 0.50725 0.20332 0.81092
v 0.50742 0.19710 0.81095
v 0.50325 0.19258 0.81006
v 0.49716 0.19241 0.80877
v 0.49275 0.19668 0.80783
v 0.49258 0.20290 0.80780
v 0.49675 0.20742 0.80869
v 0.50284 0.20759 0.80998
v 0.50403 0.20827 0.80504
v 0.50865 0.20412 0.80482
v 0.50914 0.19817 0.80306
v 0.50522 0.19392 0.80079
v 0.49917 0.19385 0.79934
v 0.49455 0.19800 0.79956
v 0.49406 0.20395 0.80131
v 0.49798 0.20820 0.80358
v 0.50403 0.20827 0.80504
v 0.50516 0.21026 0.80104
v 0.51001 0.20662 0.79965
v 0.51085 0.20158 0.79612
v 0.50720 0.19808 0.79250
v 0.50118 0.19818 0.79093
v 0.49633 0.20182 0.79231
v 0.49549 0.20686 0.79585
v 0.49914 0.21036 0.79946
v 0.50516 0.21026 0.80104
v 0.50628 0.21372 0.79770
v 0.51133 0.21092 0.79540
v 0.51249 0.20725 0.79051
v 0.50907 0.20485 0.78591
v 0.50307 0.20513 0.78428
v 0.49801 0.20793 0.78658
v 0.49686 0.21160 0.79147
v 0.50028 0.21400 0.79607
v 0.50628 0.21372 0.79770
v 0.50741 0.21908 0.79499
v 0.51262 0.21720 0.79216
v 0.51400 0.21496 0.78652
v 0.51074 0.21368 0.78139
v 0.50475 0.21409 0.77976
v 0.49954 0.21597 0.78259
v 0.49817 0.21821 0.78823
v 0.50143 0.21950 0.79336
v 0.50741 0.21908 0.79499
v 0.50853 0.22658 0.79321
v 0.51384 0.22549 0.79015
v 0.51535 0.22445 0.78420
v 0.51219 0.22408 0.77886
v 0.50620 0.22458 0.77725
v 0.50090 0.22567 0.78031
v 0.49939 0.22671 0.78626
v 0.50255 0.22708 0.79160
v 0.50853 0.22658 0.79321
v 0.50958 0.23611 0.79262
v 0.51493 0.23563 0.78950
v 0.51652 0.23552 0.78349
v 0.51341 0.23583 0.77811
v 0.50743 0.23638 0.77652
v 0.50207 0.23686 0.77964
v 0.50048 0.23698 0.78565
v 0.50359 0.23667 0.79103
v 0.50958 0.23611 0.79262
v 0.51049 0.24745 0.79334
v 0.51587 0.24743 0.79023
v 0.51751 0.24798 0.78425
v 0.51443 0.24878 0.77891
v 0.50844 0.24936 0.77733
v 0.50305 0.24938 0.78044
v 0.50142 0.24883 0.78641
v 0.50450 0.24803 0.79176
v 0.51049 0.24745 0.79334
v 0.51123 0.26031 0.79531
v 0.51663 0.26062 0.79224
v 0.51829 0.26165 0.78634
v 0.51522 0.26279 0.78105
v 0.50923 0.26337 0.77947
v 0.50383 0.26305 0.78254
v 0.50218 0.26202 0.78844
v 0.50524 0.26089 0.79373
v 0.51123 0.26031 0.79531
v 0.51178 0.27438 0.79839
v 0.51719 0.27494 0.79538
v 0.51886 0.27631 0.78954
v 0.51580 0.27767 0.78430
v 0.50981 0.27824 0.78273
v 0.50440 0.27767 0.78574
v 0.50273 0.27630 0.79157
v 0.50579 0.27494 0.79681
v 0.51178 0.27438 0.79839
v 0.51212 0.28936 0.80237
v 0.51753 0.29012 0.79940
v 0.51920 0.29172 0.79363
v 0.51614 0.29323 0.78843
v 0.51015 0.29376 0.78685
v 0.50474 0.29301 0.78982
v 0.50307 0.29140 0.79559
v 0.50613 0.28989 0.80079
v 0.51212 0.28936 0.80237
v 0.51223 0.30496 0.80701
v 0.51765 0.30586 0.80408
v 0.51932 0.30762 0.79836
v 0.51626 0.30921 0.79318
v 0.51027 0.30969 0.79159
v 0.50485 0.30880 0.79451
v 0.50318 0.30704 0.80024
v 0.50624 0.30545 0.80541
v 0.51223 0.30496 0.80701
v 0.51212 0.32086 0.81205
v 0.51754 0.32187 0.80916
v 0.51920 0.32372 0.80346
v 0.51614 0.32534 0.79829
v 0.51015 0.32578 0.79669
v 0.50474 0.32477 0.79958
v 0.50307 0.32291 0.80527
v 0.50613 0.32129 0.81044
v 0.51212 0.32086 0.81205
v 0.51178 0.33675 0.81725
v 0.51719 0.33785 0.81439
v 0.51886 0.33976 0.80871
v 0.51580 0.34137 0.80354
v 0.50981 0.34174 0.80191
v 0.50440 0.34064 0.80477
v 0.50273 0.33873 0.81045
v 0.50579 0.33712 0.81562
v 0.51178 0.33675 0.81725
v 0.51122 0.35232 0.82239
v 0.51663 0.35350 0.81955
v 0.51829 0.35544 0.81389
v 0.51523 0.35701 0.80870
v 0.50925 0.35730 0.80705
v 0.50384 0.35613 0.80988
v 0.50218 0.35418 0.81555
v 0.50523 0.35261 0.82073
v 0.51122 0.35232 0.82239
v 0.51045 0.36726 0.82730
v 0.51585 0.36851 0.82449
v 0.51752 0.37046 0.81883
v 0.51446 0.37198 0.81363
v 0.50848 0.37218 0.81194
v 0.50307 0.37093 0.81475
v 0.50141 0.36898 0.82042
v 0.50447 0.36746 0.82562
v 0.51045 0.36726 0.82730
v 0.50948 0.38125 0.83186
v 0.51488 0.38258 0.82908
v 0.51654 0.38455 0.82342
v 0.51349 0.38601 0.81820
v 0.50752 0.38610 0.81648
v 0.50212 0.38477 0.81926
v 0.50046 0.38280 0.82492
v 0.50351 0.38134 0.83014
v 0.50948 0.38125 0.83186
v 0.50835 0.39398 0.83599
v 0.51374 0.39543 0.83325
v 0.51540 0.39744 0.82760
v 0.51235 0.39885 0.82237
v 0.50639 0.39882 0.82061
v 0.50100 0.39737 0.82335
v 0.49934 0.39536 0.82900
v 0.50239 0.39395 0.83423
v 0.50835 0.39398 0.83599
v 0.50707 0.40512 0.83967
v 0.51244 0.40674 0.83698
v 0.51408 0.40886 0.83137
v 0.51104 0.41025 0.82613
v 0.50509 0.41008 0.82433
v 0.49972 0.40847 0.82702
v 0.49808 0.40634 0.83262
v 0.50112 0.40496 0.83787
v 0.50707 0.40512 0.83967
v 0.50570 0.41432 0.84291
v 0.51102 0.41623 0.84032
v 0.51263 0.41859 0.83479
v 0.50957 0.42002 0.82957
v 0.50365 0.41969 0.82771
v 0.49832 0.41779 0.83030
v 0.49672 0.41543 0.83582
v 0.49977 0.41399 0.84105
v 0.50570 0.41432 0.84291
v 0.50432 0.42114 0.84568
v 0.50953 0.42357 0.84330
v 0.51101 0.42645 0.83799
v 0.50790 0.42808 0.83286
v 0.50202 0.42752 0.83092
v 0.49681 0.42509 0.83330
v 0.49533 0.42222 0.83861
v 0.49844 0.42058 0.84374
v 0.50432 0.42114 0.84568
v 0.50331 0.42484 0.84768
v 0.50808 0.42842 0.84591
v 0.50905 0.43249 0.84131
v 0.50566 0.43466 0.83657
v 0.49989 0.43367 0.83448
v 0.49512 0.43009 0.83625
v 0.49415 0.42602 0.84085
v 0.49754 0.42385 0.84558
v 0.50331 0.42484 0.84768
v 0.50000 0.35813 0.83876
v 0.50000 0.35813 0.85125
v 0.50000 0.35813 0.83876
v 0.49375 0.35813 0.84958
v 0.49999 0.35813 0.83875
v 0.48917 0.35813 0.84500
v 0.49999 0.35813 0.83875
v 0.48750 0.35813 0.83875
v 0.49999 0.35813 0.83875
v 0.48917 0.35813 0.83250
v 0.50000 0.35813 0.83874
v 0.49375 0.35813 0.82792
v 0.50000 0.35813 0.83874
v 0.50000 0.35813 0.82625
v 0.50000 0.35813 0.83874
v 0.50625 0.35813 0.82792
v 0.50001 0.35813 0.83875
v 0.51083 0.35813 0.83250
v 0.50001 0.35813 0.83875
v 0.51250 0.35813 0.83875
v 0.50001 0.35813 0.83875
v 0.51083 0.35813 0.84500
v 0.50000 0.35813 0.83876
v 0.50625 0.35813 0.84958
v 0.50000 0.35813 0.83876
v 0.50000 0.35813 0.85125
v 0.50000 0.35813 0.85125
v 0.50000 0.36188 0.85750
v 0.49375 0.35813 0.84958
v 0.49062 0.36188 0.85499
v 0.48917 0.35813 0.84500
v 0.48376 0.36188 0.84813
v 0.48750 0.35813 0.83875
v 0.48125 0.36188 0.83875
v 0.48917 0.35813 0.83250
v 0.48376 0.36188 0.82937
v 0.49375 0.35813 0.82792
v 0.49062 0.36188 0.82251
v 0.50000 0.35813 0.82625
v 0.50000 0.36188 0.82000
v 0.50625 0.35813 0.82792
v 0.50938 0.36188 0.82251
v 0.51083 0.35813 0.83250
v 0.51624 0.36188 0.82937
v 0.51250 0.35813 0.83875
v 0.51875 0.36188 0.83875
v 0.51083 0.35813 0.84500
v 0.51624 0.36188 0.84813
v 0.50625 0.35813 0.84958
v 0.50938 0.36188 0.85499
v 0.50000 0.35813 0.85125
v 0.50000 0.36188 0.85750
v 0.50000 0.36188 0.85750
v 0.50000 0.39438 0.85750
v 0.49062 0.36188 0.85499
v 0.49062 0.39438 0.85499
v 0.48376 0.36188 0.84813
v 0.48376 0.39438 0.84813
v 0.48125 0.36188 0.83875
v 0.48125 0.39438 0.83875
v 0.48376 0.36188 0.82937
v 0.48376 0.39438 0.82937
v 0.49062 0.36188 0.82251
v 0.49062 0.39438 0.82251
v 0.50000 0.36188 0.82000
v 0.50000 0.39438 0.82000
v 0.50938 0.36188 0.82251
v 0.50938 0.39438 0.82251
v 0.51624 0.36188 0.82937
v 0.51624 0.39438 0.82937
v 0.51875 0.36188 0.83875
v 0.51875 0.39438 0.83875
v 0.51624 0.36188 0.84813
v 0.51624 0.39438 0.84813
v 0.50938 0.36188 0.85499
v 0.50938 0.39438 0.85499
v 0.50000 0.36188 0.85750
v 0.50000 0.39438 0.85750
v 0.50000 0.39438 0.85750
v 0.50000 0.39813 0.85125
v 0.49062 0.39438 0.85499
v 0.49375 0.39813 0.84958
v 0.48376 0.39438 0.84813
v 0.48917 0.39813 0.84500
v 0.48125 0.39438 0.83875
v 0.48750 0.39813 0.83875
v 0.48376 0.39438 0.82937
v 0.48917 0.39813 0.83250
v 0.49062 0.39438 0.82251
v 0.49375 0.39813 0.82792
v 0.50000 0.39438 0.82000
v 0.50000 0.39813 0.82625
v 0.50938 0.39438 0.82251
v 0.50625 0.39813 0.82792
v 0.51624 0.39438 0.82937
v 0.51083 0.39813 0.83250
v 0.51875 0.39438 0.83875
v 0.51250 0.39813 0.83875
v 0.51624 0.39438 0.84813
v 0.51083 0.39813 0.84500
v 0.50938 0.39438 0.85499
v 0.50625 0.39813 0.84958
v 0.50000 0.39438 0.85750
v 0.50000 0.39813 0.85125
v 0.50000 0.39813 0.85125
v 0.50000 0.39813 0.83876
v 0.49375 0.39813 0.84958
v 0.50000 0.39813 0.83876
v 0.48917 0.39813 0.84500
v 0.49999 0.39813 0.83875
v 0.48750 0.39813 0.83875
v 0.49999 0.39813 0.83875
v 0.48917 0.39813 0.83250
v 0.49999 0.39813 0.83875
v 0.49375 0.39813 0.82792
v 0.50000 0.39813 0.83874
v 0.50000 0.39813 0.82625
v 0.50000 0.39813 0.83874
v 0.50625 0.39813 0.82792
v 0.50000 0.39813 0.83874
v 0.51083 0.39813 0.83250
v 0.50001 0.39813 0.83875
v 0.51250 0.39813 0.83875
v 0.50001 0.39813 0.83875
v 0.51083 0.39813 0.84500
v 0.50001 0.39813 0.83875
v 0.50625 0.39813 0.84958
v 0.50000 0.39813 0.83876
v 0.50000 0.39813 0.85125
v 0.50000 0.39813 0.83876
vt 0.00000 0.00000
vt 0.00000 0.25261
vt 0.04167 0.00000
vt 0.04167 0.25261
vt 0.08333 0.00000
vt 0.08333 0.25261
vt 0.12500 0.00000
vt 0.12500 0.25261
vt 0.16667 0.00000
vt 0.16667 0.25261
vt 0.20833 0.00000
vt 0.20833 0.25261
vt 0.25000 0.00000
vt 0.25000 0.25261
vt 0.29167 0.00000
vt 0.29167 0.25261
vt 0.33333 0.00000
vt 0.33333 0.25261
vt 0.37500 0.00000
vt 0.37500 0.25261
vt 0.41667 0.00000
vt 0.41667 0.25261
vt 0.45833 0.00000
vt 0.45833 0.25261
vt 0.50000 0.00000
vt 0.50000 0.25261
vt 0.54167 0.00000
vt 0.54167 0.25261
vt 0.58333 0.00000
vt 0.58333 0.25261
vt 0.62500 0.00000
vt 0.62500 0.25261
vt 0.66667 0.00000
vt 0.66667 0.25261
vt 0.70833 0.00000
vt 0.70833 0.25261
vt 0.75000 0.00000
vt 0.75000 0.25261
vt 0.79167 0.00000
vt 0.79167 0.25261
vt 0.83333 0.00000
vt 0.83333 0.25261
vt 0.87500 0.00000
vt 0.87500 0.25261
vt 0.91667 0.00000
vt 0.91667 0.25261
vt 0.95833 0.00000
vt 0.95833 0.25261
vt 1.00000 0.00000
vt 1.00000 0.25261
vt 0.00000 0.25261
vt 0.00000 0.52764
vt 0.04167 0.25261
vt 0.04167 0.52764
vt 0.08333 0.25261
vt 0.08333 0.52764
vt 0.12500 0.25261
vt 0.12500 0.52764
vt 0.16667 0.25261
vt 0.16667 0.52764
vt 0.20833 0.25261
vt 0.20833 0.52764
vt 0.25000 0.25261
vt 0.25000 0.52764
vt 0.29167 0.25261
vt 0.29167 0.52764
vt 0.33333 0.25261
vt 0.33333 0.52764
vt 0.37500 0.25261
vt 0.37500 0.52764
vt 0.41667 0.25261
vt 0.41667 0.52764
vt 0.45833 0.25261
vt 0.45833 0.52764
vt 0.50000 0.25261
vt 0.50000 0.52764
vt 0.54167 0.25261
vt 0.54167 0.52764
vt 0.58333 0.25261
vt 0.58333 0.52764
vt 0.62500 0.25261
vt 0.62500 0.52764
vt 0.66667 0.25261
vt 0.66667 0.52764
vt 0.70833 0.25261
vt 0.70833 0.52764
vt 0.75000 0.25261
vt 0.75000 0.52764
vt 0.79167 0.25261
vt 0.79167 0.52764
vt 0.83333 0.25261
vt 0.83333 0.52764
vt 0.87500 0.25261
vt 0.87500 0.52764
vt 0.91667 0.25261
vt 0.91667 0.52764
vt 0.95833 0.25261
vt 0.95833 0.52764
vt 1.00000 0.25261
vt 1.00000 0.52764
vt 0.00000 0.52764
vt 0.00000 0.77247
vt 0.04167 0.52764
vt 0.04167 0.77247
vt 0.08333 0.52764
vt 0.08333 0.77247
vt 0.12500 0.52764
vt 0.12500 0.77247
vt 0.16667 0.52764
vt 0.16667 0.77247
vt 0.20833 0.52764
vt 0.20833 0.77247
vt 0.25000 0.52764
vt 0.25000 0.77247
vt 0.29167 0.52764
vt 0.29167 0.77247
vt 0.33333 0.52764
vt 0.33333 0.77247
vt 0.37500 0.52764
vt 0.37500 0.77247
vt 0.41667 0.52764
vt 0.41667 0.77247
vt 0.45833 0.52764
vt 0.45833 0.77247
vt 0.50000 0.52764
vt 0.50000 0.77247
vt 0.54167 0.52764
vt 0.54167 0.77247
vt 0.58333 0.52764
vt 0.58333 0.77247
vt 0.62500 0.52764
vt 0.62500 0.77247
vt 0.66667 0.52764
vt 0.66667 0.77247
vt 0.70833 0.52764
vt 0.70833 0.77247
vt 0.75000 0.52764
vt 0.75000 0.77247
vt 0.79167 0.52764
vt 0.79167 0.77247
vt 0.83333 0.52764
vt 0.83333 0.77247
vt 0.87500 0.52764
vt 0.87500 0.77247
vt 0.91667 0.52764
vt 0.91667 0.77247
vt 0.95833 0.52764
vt 0.95833 0.77247
vt 1.00000 0.52764
vt 1.00000 0.77247
vt 0.00000 0.77247
vt 0.00000 0.97712
vt 0.04167 0.77247
vt 0.04167 0.97712
vt 0.08333 0.77247
vt 0.08333 0.97712
vt 0.12500 0.77247
vt 0.12500 0.97712
vt 0.16667 0.77247
vt 0.16667 0.97712
vt 0.20833 0.77247
vt 0.20833 0.97712
vt 0.25000 0.77247
vt 0.25000 0.97712
vt 0.29167 0.77247
vt 0.29167 0.97712
vt 0.33333 0.77247
vt 0.33333 0.97712
vt 0.37500 0.77247
vt 0.37500 0.97712
vt 0.41667 0.77247
vt 0.41667 0.97712
vt 0.45833 0.77247
vt 0.45833 0.97712
vt 0.50000 0.77247
vt 0.50000 0.97712
vt 0.54167 0.77247
vt 0.54167 0.97712
vt 0.58333 0.77247
vt 0.58333 0.97712
vt 0.62500 0.77247
vt 0.62500 0.97712
vt 0.66667 0.77247
vt 0.66667 0.97712
vt 0.70833 0.77247
vt 0.70833 0.97712
vt 0.75000 0.77247
vt 0.75000 0.97712
vt 0.79167 0.77247
vt 0.79167 0.97712
vt 0.83333 0.77247
vt 0.83333 0.97712
vt 0.87500 0.77247
vt 0.87500 0.97712
vt 0.91667 0.77247
vt 0.91667 0.97712
vt 0.95833 0.77247
vt 0.95833 0.97712
vt 1.00000 0.77247
vt 1.00000 0.97712
vt 0.00000 0.97712
vt 0.00000 1.00000
vt 0.04167 0.97712
vt 0.04167 1.00000
vt 0.08333 0.97712
vt 0.08333 1.00000
vt 0.12500 0.97712
vt 0.12500 1.00000
vt 0.16667 0.97712
vt 0.16667 1.00000
vt 0.20833 0.97712
vt 0.20833 1.00000
vt 0.25000 0.97712
vt 0.25000 1.00000
vt 0.29167 0.97712
vt 0.29167 1.00000
vt 0.33333 0.97712
vt 0.33333 1.00000
vt 0.37500 0.97712
vt 0.37500 1.00000
vt 0.41667 0.97712
vt 0.41667 1.00000
vt 0.45833 0.97712
vt 0.45833 1.00000
vt 0.50000 0.97712
vt 0.50000 1.00000
vt 0.54167 0.97712
vt 0.54167 1.00000
vt 0.58333 0.97712
vt 0.58333 1.00000
vt 0.62500 0.97712
vt 0.62500 1.00000
vt 0.66667 0.97712
vt 0.66667 1.00000
vt 0.70833 0.97712
vt 0.70833 1.00000
vt 0.75000 0.97712
vt 0.75000 1.00000
vt 0.79167 0.97712
vt 0.79167 1.00000
vt 0.83333 0.97712
vt 0.83333 1.00000
vt 0.87500 0.97712
vt 0.87500 1.00000
vt 0.91667 0.97712
vt 0.91667 1.00000
vt 0.95833 0.97712
vt 0.95833 1.00000
vt 1.00000 0.97712
vt 1.00000 1.00000
vt 0.00000 0.00000
vt 0.00000 0.10000
vt 0.04167 0.00000
vt 0.04167 0.10000
vt 0.08333 0.00000
vt 0.08333 0.10000
vt 0.12500 0.00000
vt 0.12500 0.10000
vt 0.16667 0.00000
vt 0.16667 0.10000
vt 0.20833 0.00000
vt 0.20833 0.10000
vt 0.25000 0.00000
vt 0.25000 0.10000
vt 0.29167 0.00000
vt 0.29167 0.10000
vt 0.33333 0.00000
vt 0.33333 0.10000
vt 0.37500 0.00000
vt 0.37500 0.10000
vt 0.41667 0.00000
vt 0.41667 0.10000
vt 0.45833 0.00000
vt 0.45833 0.10000
vt 0.50000 0.00000
vt 0.50000 0.10000
vt 0.54167 0.00000
vt 0.54167 0.10000
vt 0.58333 0.00000
vt 0.58333 0.10000
vt 0.62500 0.00000
vt 0.62500 0.10000
vt 0.66667 0.00000
vt 0.66667 0.10000
vt 0.70833 0.00000
vt 0.70833 0.10000
vt 0.75000 0.00000
vt 0.75000 0.10000
vt 0.79167 0.00000
vt 0.79167 0.10000
vt 0.83333 0.00000
vt 0.83333 0.10000
vt 0.87500 0.00000
vt 0.87500 0.10000
vt 0.91667 0.00000
vt 0.91667 0.10000
vt 0.95833 0.00000
vt 0.95833 0.10000
vt 1.00000 0.00000
vt 1.00000 0.10000
vt 0.00000 0.10000
vt 0.00000 0.17939
vt 0.04167 0.10000
vt 0.04167 0.17939
vt 0.08333 0.10000
vt 0.08333 0.17939
vt 0.12500 0.10000
vt 0.12500 0.17939
vt 0.16667 0.10000
vt 0.16667 0.17939
vt 0.20833 0.10000
vt 0.20833 0.17939
vt 0.25000 0.10000
vt 0.25000 0.17939
vt 0.29167 0.10000
vt 0.29167 0.17939
vt 0.33333 0.10000
vt 0.33333 0.17939
vt 0.37500 0.10000
vt 0.37500 0.17939
vt 0.41667 0.10000
vt 0.41667 0.17939
vt 0.45833 0.10000
vt 0.45833 0.17939
vt 0.50000 0.10000
vt 0.50000 0.17939
vt 0.54167 0.10000
vt 0.54167 0.17939
vt 0.58333 0.10000
vt 0.58333 0.17939
vt 0.62500 0.10000
vt 0.62500 0.17939
vt 0.66667 0.10000
vt 0.66667 0.17939
vt 0.70833 0.10000
vt 0.70833 0.17939
vt 0.75000 0.10000
vt 0.75000 0.17939
vt 0.79167 0.10000
vt 0.79167 0.17939
vt 0.83333 0.10000
vt 0.83333 0.17939
vt 0.87500 0.10000
vt 0.87500 0.17939
vt 0.91667 0.10000
vt 0.91667 0.17939
vt 0.95833 0.10000
vt 0.95833 0.17939
vt 1.00000 0.10000
vt 1.00000 0.17939
vt 0.00000 0.17939
vt 0.00000 0.50793
vt 0.04167 0.17939
vt 0.04167 0.50793
vt 0.08333 0.17939
vt 0.08333 0.50793
vt 0.12500 0.17939
vt 0.12500 0.50793
vt 0.16667 0.17939
vt 0.16667 0.50793
vt 0.20833 0.17939
vt 0.20833 0.50793
vt 0.25000 0.17939
vt 0.25000 0.50793
vt 0.29167 0.17939
vt 0.29167 0.50793
vt 0.33333 0.17939
vt 0.33333 0.50793
vt 0.37500 0.17939
vt 0.37500 0.50793
vt 0.41667 0.17939
vt 0.41667 0.50793
vt 0.45833 0.17939
vt 0.45833 0.50793
vt 0.50000 0.17939
vt 0.50000 0.50793
vt 0.54167 0.17939
vt 0.54167 0.50793
vt 0.58333 0.17939
vt 0.58333 0.50793
vt 0.62500 0.17939
vt 0.62500 0.50793
vt 0.66667 0.17939
vt 0.66667 0.50793
vt 0.70833 0.17939
vt 0.70833 0.50793
vt 0.75000 0.17939
vt 0.75000 0.50793
vt 0.79167 0.17939
vt 0.79167 0.50793
vt 0.83333 0.17939
vt 0.83333 0.50793
vt 0.87500 0.17939
vt 0.87500 0.50793
vt 0.91667 0.17939
vt 0.91667 0.50793
vt 0.95833 0.17939
vt 0.95833 0.50793
vt 1.00000 0.17939
vt 1.00000 0.50793
vt 0.00000 0.50793
vt 0.00000 0.55000
vt 0.04167 0.50793
vt 0.04167 0.55000
vt 0.08333 0.50793
vt 0.08333 0.55000
vt 0.12500 0.50793
vt 0.12500 0.55000
vt 0.16667 0.50793
vt 0.16667 0.55000
vt 0.20833 0.50793
vt 0.20833 0.55000
vt 0.25000 0.50793
vt 0.25000 0.55000
vt 0.29167 0.50793
vt 0.29167 0.55000
vt 0.33333 0.50793
vt 0.33333 0.55000
vt 0.37500 0.50793
vt 0.37500 0.55000
vt 0.41667 0.50793
vt 0.41667 0.55000
vt 0.45833 0.50793
vt 0.45833 0.55000
vt 0.50000 0.50793
vt 0.50000 0.55000
vt 0.54167 0.50793
vt 0.54167 0.55000
vt 0.58333 0.50793
vt 0.58333 0.55000
vt 0.62500 0.50793
vt 0.62500 0.55000
vt 0.66667 0.50793
vt 0.66667 0.55000
vt 0.70833 0.50793
vt 0.70833 0.55000
vt 0.75000 0.50793
vt 0.75000 0.55000
vt 0.79167 0.50793
vt 0.79167 0.55000
vt 0.83333 0.50793
vt 0.83333 0.55000
vt 0.87500 0.50793
vt 0.87500 0.55000
vt 0.91667 0.50793
vt 0.91667 0.55000
vt 0.95833 0.50793
vt 0.95833 0.55000
vt 1.00000 0.50793
vt 1.00000 0.55000
vt 0.00000 0.00000
vt 0.00000 1.00000
vt 0.04167 0.00000
vt 0.04167 1.00000
vt 0.08333 0.00000
vt 0.08333 1.00000
vt 0.12500 0.00000
vt 0.12500 1.00000
vt 0.16667 0.00000
vt 0.16667 1.00000
vt 0.20833 0.00000
vt 0.20833 1.00000
vt 0.25000 0.00000
vt 0.25000 1.00000
vt 0.29167 0.00000
vt 0.29167 1.00000
vt 0.33333 0.00000
vt 0.33333 1.00000
vt 0.37500 0.00000
vt 0.37500 1.00000
vt 0.41667 0.00000
vt 0.41667 1.00000
vt 0.45833 0.00000
vt 0.45833 1.00000
vt 0.50000 0.00000
vt 0.50000 1.00000
vt 0.54167 0.00000
vt 0.54167 1.00000
vt 0.58333 0.00000
vt 0.58333 1.00000
vt 0.62500 0.00000
vt 0.62500 1.00000
vt 0.66667 0.00000
vt 0.66667 1.00000
vt 0.70833 0.00000
vt 0.70833 1.00000
vt 0.75000 0.00000
vt 0.75000 1.00000
vt 0.79167 0.00000
vt 0.79167 1.00000
vt 0.83333 0.00000
vt 0.83333 1.00000
vt 0.87500 0.00000
vt 0.87500 1.00000
vt 0.91667 0.00000
vt 0.91667 1.00000
vt 0.95833 0.00000
vt 0.95833 1.00000
vt 1.00000 0.00000
vt 1.00000 1.00000
vt 0.00000 0.55000
vt 0.00000 0.58716
vt 0.04167 0.55000
vt 0.04167 0.58716
vt 0.08333 0.55000
vt 0.08333 0.58716
vt 0.12500 0.55000
vt 0.12500 0.58716
vt 0.16667 0.55000
vt 0.16667 0.58716
vt 0.20833 0.55000
vt 0.20833 0.58716
vt 0.25000 0.55000
vt 0.25000 0.58716
vt 0.29167 0.55000
vt 0.29167 0.58716
vt 0.33333 0.55000
vt 0.33333 0.58716
vt 0.37500 0.55000
vt 0.37500 0.58716
vt 0.41667 0.55000
vt 0.41667 0.58716
vt 0.45833 0.55000
vt 0.45833 0.58716
vt 0.50000 0.55000
vt 0.50000 0.58716
vt 0.54167 0.55000
vt 0.54167 0.58716
vt 0.58333 0.55000
vt 0.58333 0.58716
vt 0.62500 0.55000
vt 0.62500 0.58716
vt 0.66667 0.55000
vt 0.66667 0.58716
vt 0.70833 0.55000
vt 0.70833 0.58716
vt 0.75000 0.55000
vt 0.75000 0.58716
vt 0.79167 0.55000
vt 0.79167 0.58716
vt 0.83333 0.55000
vt 0.83333 0.58716
vt 0.87500 0.55000
vt 0.87500 0.58716
vt 0.91667 0.55000
vt 0.91667 0.58716
vt 0.95833 0.55000
vt 0.95833 0.58716
vt 1.00000 0.55000
vt 1.00000 0.58716
vt 0.00000 0.58716
vt 0.00000 0.65725
vt 0.04167 0.58716
vt 0.04167 0.65725
vt 0.08333 0.58716
vt 0.08333 0.65725
vt 0.12500 0.58716
vt 0.12500 0.65725
vt 0.16667 0.58716
vt 0.16667 0.65725
vt 0.20833 0.58716
vt 0.20833 0.65725
vt 0.25000 0.58716
vt 0.25000 0.65725
vt 0.29167 0.58716
vt 0.29167 0.65725
vt 0.33333 0.58716
vt 0.33333 0.65725
vt 0.37500 0.58716
vt 0.37500 0.65725
vt 0.41667 0.58716
vt 0.41667 0.65725
vt 0.45833 0.58716
vt 0.45833 0.65725
vt 0.50000 0.58716
vt 0.50000 0.65725
vt 0.54167 0.58716
vt 0.54167 0.65725
vt 0.58333 0.58716
vt 0.58333 0.65725
vt 0.62500 0.58716
vt 0.62500 0.65725
vt 0.66667 0.58716
vt 0.66667 0.65725
vt 0.70833 0.58716
vt 0.70833 0.65725
vt 0.75000 0.58716
vt 0.75000 0.65725
vt 0.79167 0.58716
vt 0.79167 0.65725
vt 0.83333 0.58716
vt 0.83333 0.65725
vt 0.87500 0.58716
vt 0.87500 0.65725
vt 0.91667 0.58716
vt 0.91667 0.65725
vt 0.95833 0.58716
vt 0.95833 0.65725
vt 1.00000 0.58716
vt 1.00000 0.65725
vt 0.00000 0.65725
vt 0.00000 0.70000
vt 0.04167 0.65725
vt 0.04167 0.70000
vt 0.08333 0.65725
vt 0.08333 0.70000
vt 0.12500 0.65725
vt 0.12500 0.70000
vt 0.16667 0.65725
vt 0.16667 0.70000
vt 0.20833 0.65725
vt 0.20833 0.70000
vt 0.25000 0.65725
vt 0.25000 0.70000
vt 0.29167 0.65725
vt 0.29167 0.70000
vt 0.33333 0.65725
vt 0.33333 0.70000
vt 0.37500 0.65725
vt 0.37500 0.70000
vt 0.41667 0.65725
vt 0.41667 0.70000
vt 0.45833 0.65725
vt 0.45833 0.70000
vt 0.50000 0.65725
vt 0.50000 0.70000
vt 0.54167 0.65725
vt 0.54167 0.70000
vt 0.58333 0.65725
vt 0.58333 0.70000
vt 0.62500 0.65725
vt 0.62500 0.70000
vt 0.66667 0.65725
vt 0.66667 0.70000
vt 0.70833 0.65725
vt 0.70833 0.70000
vt 0.75000 0.65725
vt 0.75000 0.70000
vt 0.79167 0.65725
vt 0.79167 0.70000
vt 0.83333 0.65725
vt 0.83333 0.70000
vt 0.87500 0.65725
vt 0.87500 0.70000
vt 0.91667 0.65725
vt 0.91667 0.70000
vt 0.95833 0.65725
vt 0.95833 0.70000
vt 1.00000 0.65725
vt 1.00000 0.70000
vt 0.00000 0.00000
vt 0.00000 0.04721
vt 0.04167 0.00000
vt 0.04167 0.04721
vt 0.08333 0.00000
vt 0.08333 0.04721
vt 0.12500 0.00000
vt 0.12500 0.04721
vt 0.16667 0.00000
vt 0.16667 0.04721
vt 0.20833 0.00000
vt 0.20833 0.04721
vt 0.25000 0.00000
vt 0.25000 0.04721
vt 0.29167 0.00000
vt 0.29167 0.04721
vt 0.33333 0.00000
vt 0.33333 0.04721
vt 0.37500 0.00000
vt 0.37500 0.04721
vt 0.41667 0.00000
vt 0.41667 0.04721
vt 0.45833 0.00000
vt 0.45833 0.04721
vt 0.50000 0.00000
vt 0.50000 0.04721
vt 0.54167 0.00000
vt 0.54167 0.04721
vt 0.58333 0.00000
vt 0.58333 0.04721
vt 0.62500 0.00000
vt 0.62500 0.04721
vt 0.66667 0.00000
vt 0.66667 0.04721
vt 0.70833 0.00000
vt 0.70833 0.04721
vt 0.75000 0.00000
vt 0.75000 0.04721
vt 0.79167 0.00000
vt 0.79167 0.04721
vt 0.83333 0.00000
vt 0.83333 0.04721
vt 0.87500 0.00000
vt 0.87500 0.04721
vt 0.91667 0.00000
vt 0.91667 0.04721
vt 0.95833 0.00000
vt 0.95833 0.04721
vt 1.00000 0.00000
vt 1.00000 0.04721
vt 0.00000 0.04721
vt 0.00000 0.08567
vt 0.04167 0.04721
vt 0.04167 0.08567
vt 0.08333 0.04721
vt 0.08333 0.08567
vt 0.12500 0.04721
vt 0.12500 0.08567
vt 0.16667 0.04721
vt 0.16667 0.08567
vt 0.20833 0.04721
vt 0.20833 0.08567
vt 0.25000 0.04721
vt 0.25000 0.08567
vt 0.29167 0.04721
vt 0.29167 0.08567
vt 0.33333 0.04721
vt 0.33333 0.08567
vt 0.37500 0.04721
vt 0.37500 0.08567
vt 0.41667 0.04721
vt 0.41667 0.08567
vt 0.45833 0.04721
vt 0.45833 0.08567
vt 0.50000 0.04721
vt 0.50000 0.08567
vt 0.54167 0.04721
vt 0.54167 0.08567
vt 0.58333 0.04721
vt 0.58333 0.08567
vt 0.62500 0.04721
vt 0.62500 0.08567
vt 0.66667 0.04721
vt 0.66667 0.08567
vt 0.70833 0.04721
vt 0.70833 0.08567
vt 0.75000 0.04721
vt 0.75000 0.08567
vt 0.79167 0.04721
vt 0.79167 0.08567
vt 0.83333 0.04721
vt 0.83333 0.08567
vt 0.87500 0.04721
vt 0.87500 0.08567
vt 0.91667 0.04721
vt 0.91667 0.08567
vt 0.95833 0.04721
vt 0.95833 0.08567
vt 1.00000 0.04721
vt 1.00000 0.08567
vt 0.00000 0.08567
vt 0.00000 0.11104
vt 0.04167 0.08567
vt 0.04167 0.11104
vt 0.08333 0.08567
vt 0.08333 0.11104
vt 0.12500 0.08567
vt 0.12500 0.11104
vt 0.16667 0.08567
vt 0.16667 0.11104
vt 0.20833 0.08567
vt 0.20833 0.11104
vt 0.25000 0.08567
vt 0.25000 0.11104
vt 0.29167 0.08567
vt 0.29167 0.11104
vt 0.33333 0.08567
vt 0.33333 0.11104
vt 0.37500 0.08567
vt 0.37500 0.11104
vt 0.41667 0.08567
vt 0.41667 0.11104
vt 0.45833 0.08567
vt 0.45833 0.11104
vt 0.50000 0.08567
vt 0.50000 0.11104
vt 0.54167 0.08567
vt 0.54167 0.11104
vt 0.58333 0.08567
vt 0.58333 0.11104
vt 0.62500 0.08567
vt 0.62500 0.11104
vt 0.66667 0.08567
vt 0.66667 0.11104
vt 0.70833 0.08567
vt 0.70833 0.11104
vt 0.75000 0.08567
vt 0.75000 0.11104
vt 0.79167 0.08567
vt 0.79167 0.11104
vt 0.83333 0.08567
vt 0.83333 0.11104
vt 0.87500 0.08567
vt 0.87500 0.11104
vt 0.91667 0.08567
vt 0.91667 0.11104
vt 0.95833 0.08567
vt 0.95833 0.11104
vt 1.00000 0.08567
vt 1.00000 0.11104
vt 0.00000 0.11104
vt 0.00000 0.14747
vt 0.04167 0.11104
vt 0.04167 0.14747
vt 0.08333 0.11104
vt 0.08333 0.14747
vt 0.12500 0.11104
vt 0.12500 0.14747
vt 0.16667 0.11104
vt 0.16667 0.14747
vt 0.20833 0.11104
vt 0.20833 0.14747
vt 0.25000 0.11104
vt 0.25000 0.14747
vt 0.29167 0.11104
vt 0.29167 0.14747
vt 0.33333 0.11104
vt 0.33333 0.14747
vt 0.37500 0.11104
vt 0.37500 0.14747
vt 0.41667 0.11104
vt 0.41667 0.14747
vt 0.45833 0.11104
vt 0.45833 0.14747
vt 0.50000 0.11104
vt 0.50000 0.14747
vt 0.54167 0.11104
vt 0.54167 0.14747
vt 0.58333 0.11104
vt 0.58333 0.14747
vt 0.62500 0.11104
vt 0.62500 0.14747
vt 0.66667 0.11104
vt 0.66667 0.14747
vt 0.70833 0.11104
vt 0.70833 0.14747
vt 0.75000 0.11104
vt 0.75000 0.14747
vt 0.79167 0.11104
vt 0.79167 0.14747
vt 0.83333 0.11104
vt 0.83333 0.14747
vt 0.87500 0.11104
vt 0.87500 0.14747
vt 0.91667 0.11104
vt 0.91667 0.14747
vt 0.95833 0.11104
vt 0.95833 0.14747
vt 1.00000 0.11104
vt 1.00000 0.14747
vt 0.00000 0.14747
vt 0.00000 0.17284
vt 0.04167 0.14747
vt 0.04167 0.17284
vt 0.08333 0.14747
vt 0.08333 0.17284
vt 0.12500 0.14747
vt 0.12500 0.17284
vt 0.16667 0.14747
vt 0.16667 0.17284
vt 0.20833 0.14747
vt 0.20833 0.17284
vt 0.25000 0.14747
vt 0.25000 0.17284
vt 0.29167 0.14747
vt 0.29167 0.17284
vt 0.33333 0.14747
vt 0.33333 0.17284
vt 0.37500 0.14747
vt 0.37500 0.17284
vt 0.41667 0.14747
vt 0.41667 0.17284
vt 0.45833 0.14747
vt 0.45833 0.17284
vt 0.50000 0.14747
vt 0.50000 0.17284
vt 0.54167 0.14747
vt 0.54167 0.17284
vt 0.58333 0.14747
vt 0.58333 0.17284
vt 0.62500 0.14747
vt 0.62500 0.17284
vt 0.66667 0.14747
vt 0.66667 0.17284
vt 0.70833 0.14747
vt 0.70833 0.17284
vt 0.75000 0.14747
vt 0.75000 0.17284
vt 0.79167 0.14747
vt 0.79167 0.17284
vt 0.83333 0.14747
vt 0.83333 0.17284
vt 0.87500 0.14747
vt 0.87500 0.17284
vt 0.91667 0.14747
vt 0.91667 0.17284
vt 0.95833 0.14747
vt 0.95833 0.17284
vt 1.00000 0.14747
vt 1.00000 0.17284
vt 0.00000 0.17284
vt 0.00000 0.20522
vt 0.04167 0.17284
vt 0.04167 0.20522
vt 0.08333 0.17284
vt 0.08333 0.20522
vt 0.12500 0.17284
vt 0.12500 0.20522
vt 0.16667 0.17284
vt 0.16667 0.20522
vt 0.20833 0.17284
vt 0.20833 0.20522
vt 0.25000 0.17284
vt 0.25000 0.20522
vt 0.29167 0.17284
vt 0.29167 0.20522
vt 0.33333 0.17284
vt 0.33333 0.20522
vt 0.37500 0.17284
vt 0.37500 0.20522
vt 0.41667 0.17284
vt 0.41667 0.20522
vt 0.45833 0.17284
vt 0.45833 0.20522
vt 0.50000 0.17284
vt 0.50000 0.20522
vt 0.54167 0.17284
vt 0.54167 0.20522
vt 0.58333 0.17284
vt 0.58333 0.20522
vt 0.62500 0.17284
vt 0.62500 0.20522
vt 0.66667 0.17284
vt 0.66667 0.20522
vt 0.70833 0.17284
vt 0.70833 0.20522
vt 0.75000 0.17284
vt 0.75000 0.20522
vt 0.79167 0.17284
vt 0.79167 0.20522
vt 0.83333 0.17284
vt 0.83333 0.20522
vt 0.87500 0.17284
vt 0.87500 0.20522
vt 0.91667 0.17284
vt 0.91667 0.20522
vt 0.95833 0.17284
vt 0.95833 0.20522
vt 1.00000 0.17284
vt 1.00000 0.20522
vt 0.00000 0.20522
vt 0.00000 0.23059
vt 0.04167 0.20522
vt 0.04167 0.23059
vt 0.08333 0.20522
vt 0.08333 0.23059
vt 0.12500 0.20522
vt 0.12500 0.23059
vt 0.16667 0.20522
vt 0.16667 0.23059
vt 0.20833 0.20522
vt 0.20833 0.23059
vt 0.25000 0.20522
vt 0.25000 0.23059
vt 0.29167 0.20522
vt 0.29167 0.23059
vt 0.33333 0.20522
vt 0.33333 0.23059
vt 0.37500 0.20522
vt 0.37500 0.23059
vt 0.41667 0.20522
vt 0.41667 0.23059
vt 0.45833 0.20522
vt 0.45833 0.23059
vt 0.50000 0.20522
vt 0.50000 0.23059
vt 0.54167 0.20522
vt 0.54167 0.23059
vt 0.58333 0.20522
vt 0.58333 0.23059
vt 0.62500 0.20522
vt 0.62500 0.23059
vt 0.66667 0.20522
vt 0.66667 0.23059
vt 0.70833 0.20522
vt 0.70833 0.23059
vt 0.75000 0.20522
vt 0.75000 0.23059
vt 0.79167 0.20522
vt 0.79167 0.23059
vt 0.83333 0.20522
vt 0.83333 0.23059
vt 0.87500 0.20522
vt 0.87500 0.23059
vt 0.91667 0.20522
vt 0.91667 0.23059
vt 0.95833 0.20522
vt 0.95833 0.23059
vt 1.00000 0.20522
vt 1.00000 0.23059
vt 0.00000 0.23059
vt 0.00000 0.26702
vt 0.04167 0.23059
vt 0.04167 0.26702
vt 0.08333 0.23059
vt 0.08333 0.26702
vt 0.12500 0.23059
vt 0.12500 0.26702
vt 0.16667 0.23059
vt 0.16667 0.26702
vt 0.20833 0.23059
vt 0.20833 0.26702
vt 0.25000 0.23059
vt 0.25000 0.26702
vt 0.29167 0.23059
vt 0.29167 0.26702
vt 0.33333 0.23059
vt 0.33333 0.26702
vt 0.37500 0.23059
vt 0.37500 0.26702
vt 0.41667 0.23059
vt 0.41667 0.26702
vt 0.45833 0.23059
vt 0.45833 0.26702
vt 0.50000 0.23059
vt 0.50000 0.26702
vt 0.54167 0.23059
vt 0.54167 0.26702
vt 0.58333 0.23059
vt 0.58333 0.26702
vt 0.62500 0.23059
vt 0.62500 0.26702
vt 0.66667 0.23059
vt 0.66667 0.26702
vt 0.70833 0.23059
vt 0.70833 0.26702
vt 0.75000 0.23059
vt 0.75000 0.26702
vt 0.79167 0.23059
vt 0.79167 0.26702
vt 0.83333 0.23059
vt 0.83333 0.26702
vt 0.87500 0.23059
vt 0.87500 0.26702
vt 0.91667 0.23059
vt 0.91667 0.26702
vt 0.95833 0.23059
vt 0.95833 0.26702
vt 1.00000 0.23059
vt 1.00000 0.26702
vt 0.00000 0.26702
vt 0.00000 0.29239
vt 0.04167 0.26702
vt 0.04167 0.29239
vt 0.08333 0.26702
vt 0.08333 0.29239
vt 0.12500 0.26702
vt 0.12500 0.29239
vt 0.16667 0.26702
vt 0.16667 0.29239
vt 0.20833 0.26702
vt 0.20833 0.29239
vt 0.25000 0.26702
vt 0.25000 0.29239
vt 0.29167 0.26702
vt 0.29167 0.29239
vt 0.33333 0.26702
vt 0.33333 0.29239
vt 0.37500 0.26702
vt 0.37500 0.29239
vt 0.41667 0.26702
vt 0.41667 0.29239
vt 0.45833 0.26702
vt 0.45833 0.29239
vt 0.50000 0.26702
vt 0.50000 0.29239
vt 0.54167 0.26702
vt 0.54167 0.29239
vt 0.58333 0.26702
vt 0.58333 0.29239
vt 0.62500 0.26702
vt 0.62500 0.29239
vt 0.66667 0.26702
vt 0.66667 0.29239
vt 0.70833 0.26702
vt 0.70833 0.29239
vt 0.75000 0.26702
vt 0.75000 0.29239
vt 0.79167 0.26702
vt 0.79167 0.29239
vt 0.83333 0.26702
vt 0.83333 0.29239
vt 0.87500 0.26702
vt 0.87500 0.29239
vt 0.91667 0.26702
vt 0.91667 0.29239
vt 0.95833 0.26702
vt 0.95833 0.29239
vt 1.00000 0.26702
vt 1.00000 0.29239
vt 0.00000 0.29239
vt 0.00000 0.32477
vt 0.04167 0.29239
vt 0.04167 0.32477
vt 0.08333 0.29239
vt 0.08333 0.32477
vt 0.12500 0.29239
vt 0.12500 0.32477
vt 0.16667 0.29239
vt 0.16667 0.32477
vt 0.20833 0.29239
vt 0.20833 0.32477
vt 0.25000 0.29239
vt 0.25000 0.32477
vt 0.29167 0.29239
vt 0.29167 0.32477
vt 0.33333 0.29239
vt 0.33333 0.32477
vt 0.37500 0.29239
vt 0.37500 0.32477
vt 0.41667 0.29239
vt 0.41667 0.32477
vt 0.45833 0.29239
vt 0.45833 0.32477
vt 0.50000 0.29239
vt 0.50000 0.32477
vt 0.54167 0.29239
vt 0.54167 0.32477
vt 0.58333 0.29239
vt 0.58333 0.32477
vt 0.62500 0.29239
vt 0.62500 0.32477
vt 0.66667 0.29239
vt 0.66667 0.32477
vt 0.70833 0.29239
vt 0.70833 0.32477
vt 0.75000 0.29239
vt 0.75000 0.32477
vt 0.79167 0.29239
vt 0.79167 0.32477
vt 0.83333 0.29239
vt 0.83333 0.32477
vt 0.87500 0.29239
vt 0.87500 0.32477
vt 0.91667 0.29239
vt 0.91667 0.32477
vt 0.95833 0.29239
vt 0.95833 0.32477
vt 1.00000 0.29239
vt 1.00000 0.32477
vt 0.00000 0.32477
vt 0.00000 0.35014
vt 0.04167 0.32477
vt 0.04167 0.35014
vt 0.08333 0.32477
vt 0.08333 0.35014
vt 0.12500 0.32477
vt 0.12500 0.35014
vt 0.16667 0.32477
vt 0.16667 0.35014
vt 0.20833 0.32477
vt 0.20833 0.35014
vt 0.25000 0.32477
vt 0.25000 0.35014
vt 0.29167 0.32477
vt 0.29167 0.35014
vt 0.33333 0.32477
vt 0.33333 0.35014
vt 0.37500 0.32477
vt 0.37500 0.35014
vt 0.41667 0.32477
vt 0.41667 0.35014
vt 0.45833 0.32477
vt 0.45833 0.35014
vt 0.50000 0.32477
vt 0.50000 0.35014
vt 0.54167 0.32477
vt 0.54167 0.35014
vt 0.58333 0.32477
vt 0.58333 0.35014
vt 0.62500 0.32477
vt 0.62500 0.35014
vt 0.66667 0.32477
vt 0.66667 0.35014
vt 0.70833 0.32477
vt 0.70833 0.35014
vt 0.75000 0.32477
vt 0.75000 0.35014
vt 0.79167 0.32477
vt 0.79167 0.35014
vt 0.83333 0.32477
vt 0.83333 0.35014
vt 0.87500 0.32477
vt 0.87500 0.35014
vt 0.91667 0.32477
vt 0.91667 0.35014
vt 0.95833 0.32477
vt 0.95833 0.35014
vt 1.00000 0.32477
vt 1.00000 0.35014
vt 0.00000 0.35014
vt 0.00000 0.38657
vt 0.04167 0.35014
vt 0.04167 0.38657
vt 0.08333 0.35014
vt 0.08333 0.38657
vt 0.12500 0.35014
vt 0.12500 0.38657
vt 0.16667 0.35014
vt 0.16667 0.38657
vt 0.20833 0.35014
vt 0.20833 0.38657
vt 0.25000 0.35014
vt 0.25000 0.38657
vt 0.29167 0.35014
vt 0.29167 0.38657
vt 0.33333 0.35014
vt 0.33333 0.38657
vt 0.37500 0.35014
vt 0.37500 0.38657
vt 0.41667 0.35014
vt 0.41667 0.38657
vt 0.45833 0.35014
vt 0.45833 0.38657
vt 0.50000 0.35014
vt 0.50000 0.38657
vt 0.54167 0.35014
vt 0.54167 0.38657
vt 0.58333 0.35014
vt 0.58333 0.38657
vt 0.62500 0.35014
vt 0.62500 0.38657
vt 0.66667 0.35014
vt 0.66667 0.38657
vt 0.70833 0.35014
vt 0.70833 0.38657
vt 0.75000 0.35014
vt 0.75000 0.38657
vt 0.79167 0.35014
vt 0.79167 0.38657
vt 0.83333 0.35014
vt 0.83333 0.38657
vt 0.87500 0.35014
vt 0.87500 0.38657
vt 0.91667 0.35014
vt 0.91667 0.38657
vt 0.95833 0.35014
vt 0.95833 0.38657
vt 1.00000 0.35014
vt 1.00000 0.38657
vt 0.00000 0.38657
vt 0.00000 0.41194
vt 0.04167 0.38657
vt 0.04167 0.41194
vt 0.08333 0.38657
vt 0.08333 0.41194
vt 0.12500 0.38657
vt 0.12500 0.41194
vt 0.16667 0.38657
vt 0.16667 0.41194
vt 0.20833 0.38657
vt 0.20833 0.41194
vt 0.25000 0.38657
vt 0.25000 0.41194
vt 0.29167 0.38657
vt 0.29167 0.41194
vt 0.33333 0.38657
vt 0.33333 0.41194
vt 0.37500 0.38657
vt 0.37500 0.41194
vt 0.41667 0.38657
vt 0.41667 0.41194
vt 0.45833 0.38657
vt 0.45833 0.41194
vt 0.50000 0.38657
vt 0.50000 0.41194
vt 0.54167 0.38657
vt 0.54167 0.41194
vt 0.58333 0.38657
vt 0.58333 0.41194
vt 0.62500 0.38657
vt 0.62500 0.41194
vt 0.66667 0.38657
vt 0.66667 0.41194
vt 0.70833 0.38657
vt 0.70833 0.41194
vt 0.75000 0.38657
vt 0.75000 0.41194
vt 0.79167 0.38657
vt 0.79167 0.41194
vt 0.83333 0.38657
vt 0.83333 0.41194
vt 0.87500 0.38657
vt 0.87500 0.41194
vt 0.91667 0.38657
vt 0.91667 0.41194
vt 0.95833 0.38657
vt 0.95833 0.41194
vt 1.00000 0.38657
vt 1.00000 0.41194
vt 0.00000 0.41194
vt 0.00000 0.69128
vt 0.04167 0.41194
vt 0.04167 0.69128
vt 0.08333 0.41194
vt 0.08333 0.69128
vt 0.12500 0.41194
vt 0.12500 0.69128
vt 0.16667 0.41194
vt 0.16667 0.69128
vt 0.20833 0.41194
vt 0.20833 0.69128
vt 0.25000 0.41194
vt 0.25000 0.69128
vt 0.29167 0.41194
vt 0.29167 0.69128
vt 0.33333 0.41194
vt 0.33333 0.69128
vt 0.37500 0.41194
vt 0.37500 0.69128
vt 0.41667 0.41194
vt 0.41667 0.69128
vt 0.45833 0.41194
vt 0.45833 0.69128
vt 0.50000 0.41194
vt 0.50000 0.69128
vt 0.54167 0.41194
vt 0.54167 0.69128
vt 0.58333 0.41194
vt 0.58333 0.69128
vt 0.62500 0.41194
vt 0.62500 0.69128
vt 0.66667 0.41194
vt 0.66667 0.69128
vt 0.70833 0.41194
vt 0.70833 0.69128
vt 0.75000 0.41194
vt 0.75000 0.69128
vt 0.79167 0.41194
vt 0.79167 0.69128
vt 0.83333 0.41194
vt 0.83333 0.69128
vt 0.87500 0.41194
vt 0.87500 0.69128
vt 0.91667 0.41194
vt 0.91667 0.69128
vt 0.95833 0.41194
vt 0.95833 0.69128
vt 1.00000 0.41194
vt 1.00000 0.69128
vt 0.00000 0.69128
vt 0.00000 0.80974
vt 0.04167 0.69128
vt 0.04167 0.80974
vt 0.08333 0.69128
vt 0.08333 0.80974
vt 0.12500 0.69128
vt 0.12500 0.80974
vt 0.16667 0.69128
vt 0.16667 0.80974
vt 0.20833 0.69128
vt 0.20833 0.80974
vt 0.25000 0.69128
vt 0.25000 0.80974
vt 0.29167 0.69128
vt 0.29167 0.80974
vt 0.33333 0.69128
vt 0.33333 0.80974
vt 0.37500 0.69128
vt 0.37500 0.80974
vt 0.41667 0.69128
vt 0.41667 0.80974
vt 0.45833 0.69128
vt 0.45833 0.80974
vt 0.50000 0.69128
vt 0.50000 0.80974
vt 0.54167 0.69128
vt 0.54167 0.80974
vt 0.58333 0.69128
vt 0.58333 0.80974
vt 0.62500 0.69128
vt 0.62500 0.80974
vt 0.66667 0.69128
vt 0.66667 0.80974
vt 0.70833 0.69128
vt 0.70833 0.80974
vt 0.75000 0.69128
vt 0.75000 0.80974
vt 0.79167 0.69128
vt 0.79167 0.80974
vt 0.83333 0.69128
vt 0.83333 0.80974
vt 0.87500 0.69128
vt 0.87500 0.80974
vt 0.91667 0.69128
vt 0.91667 0.80974
vt 0.95833 0.69128
vt 0.95833 0.80974
vt 1.00000 0.69128
vt 1.00000 0.80974
vt 0.00000 0.80974
vt 0.00000 0.95640
vt 0.04167 0.80974
vt 0.04167 0.95640
vt 0.08333 0.80974
vt 0.08333 0.95640
vt 0.12500 0.80974
vt 0.12500 0.95640
vt 0.16667 0.80974
vt 0.16667 0.95640
vt 0.20833 0.80974
vt 0.20833 0.95640
vt 0.25000 0.80974
vt 0.25000 0.95640
vt 0.29167 0.80974
vt 0.29167 0.95640
vt 0.33333 0.80974
vt 0.33333 0.95640
vt 0.37500 0.80974
vt 0.37500 0.95640
vt 0.41667 0.80974
vt 0.41667 0.95640
vt 0.45833 0.80974
vt 0.45833 0.95640
vt 0.50000 0.80974
vt 0.50000 0.95640
vt 0.54167 0.80974
vt 0.54167 0.95640
vt 0.58333 0.80974
vt 0.58333 0.95640
vt 0.62500 0.80974
vt 0.62500 0.95640
vt 0.66667 0.80974
vt 0.66667 0.95640
vt 0.70833 0.80974
vt 0.70833 0.95640
vt 0.75000 0.80974
vt 0.75000 0.95640
vt 0.79167 0.80974
vt 0.79167 0.95640
vt 0.83333 0.80974
vt 0.83333 0.95640
vt 0.87500 0.80974
vt 0.87500 0.95640
vt 0.91667 0.80974
vt 0.91667 0.95640
vt 0.95833 0.80974
vt 0.95833 0.95640
vt 1.00000 0.80974
vt 1.00000 0.95640
vt 0.00000 0.95640
vt 0.00000 1.00000
vt 0.04167 0.95640
vt 0.04167 1.00000
vt 0.08333 0.95640
vt 0.08333 1.00000
vt 0.12500 0.95640
vt 0.12500 1.00000
vt 0.16667 0.95640
vt 0.16667 1.00000
vt 0.20833 0.95640
vt 0.20833 1.00000
vt 0.25000 0.95640
vt 0.25000 1.00000
vt 0.29167 0.95640
vt 0.29167 1.00000
vt 0.33333 0.95640
vt 0.33333 1.00000
vt 0.37500 0.95640
vt 0.37500 1.00000
vt 0.41667 0.95640
vt 0.41667 1.00000
vt 0.45833 0.95640
vt 0.45833 1.00000
vt 0.50000 0.95640
vt 0.50000 1.00000
vt 0.54167 0.95640
vt 0.54167 1.00000
vt 0.58333 0.95640
vt 0.58333 1.00000
vt 0.62500 0.95640
vt 0.62500 1.00000
vt 0.66667 0.95640
vt 0.66667 1.00000
vt 0.70833 0.95640
vt 0.70833 1.00000
vt 0.75000 0.95640
vt 0.75000 1.00000
vt 0.79167 0.95640
vt 0.79167 1.00000
vt 0.83333 0.95640
vt 0.83333 1.00000
vt 0.87500 0.95640
vt 0.87500 1.00000
vt 0.91667 0.95640
vt 0.91667 1.00000
vt 0.95833 0.95640
vt 0.95833 1.00000
vt 1.00000 0.95640
vt 1.00000 1.00000
vt 0.00000 0.70000
vt 0.00000 0.71084
vt 0.04167 0.70000
vt 0.04167 0.71084
vt 0.08333 0.70000
vt 0.08333 0.71084
vt 0.12500 0.70000
vt 0.12500 0.71084
vt 0.16667 0.70000
vt 0.16667 0.71084
vt 0.20833 0.70000
vt 0.20833 0.71084
vt 0.25000 0.70000
vt 0.25000 0.71084
vt 0.29167 0.70000
vt 0.29167 0.71084
vt 0.33333 0.70000
vt 0.33333 0.71084
vt 0.37500 0.70000
vt 0.37500 0.71084
vt 0.41667 0.70000
vt 0.41667 0.71084
vt 0.45833 0.70000
vt 0.45833 0.71084
vt 0.50000 0.70000
vt 0.50000 0.71084
vt 0.54167 0.70000
vt 0.54167 0.71084
vt 0.58333 0.70000
vt 0.58333 0.71084
vt 0.62500 0.70000
vt 0.62500 0.71084
vt 0.66667 0.70000
vt 0.66667 0.71084
vt 0.70833 0.70000
vt 0.70833 0.71084
vt 0.75000 0.70000
vt 0.75000 0.71084
vt 0.79167 0.70000
vt 0.79167 0.71084
vt 0.83333 0.70000
vt 0.83333 0.71084
vt 0.87500 0.70000
vt 0.87500 0.71084
vt 0.91667 0.70000
vt 0.91667 0.71084
vt 0.95833 0.70000
vt 0.95833 0.71084
vt 1.00000 0.70000
vt 1.00000 0.71084
vt 0.00000 0.71084
vt 0.00000 0.73166
vt 0.04167 0.71084
vt 0.04167 0.73166
vt 0.08333 0.71084
vt 0.08333 0.73166
vt 0.12500 0.71084
vt 0.12500 0.73166
vt 0.16667 0.71084
vt 0.16667 0.73166
vt 0.20833 0.71084
vt 0.20833 0.73166
vt 0.25000 0.71084
vt 0.25000 0.73166
vt 0.29167 0.71084
vt 0.29167 0.73166
vt 0.33333 0.71084
vt 0.33333 0.73166
vt 0.37500 0.71084
vt 0.37500 0.73166
vt 0.41667 0.71084
vt 0.41667 0.73166
vt 0.45833 0.71084
vt 0.45833 0.73166
vt 0.50000 0.71084
vt 0.50000 0.73166
vt 0.54167 0.71084
vt 0.54167 0.73166
vt 0.58333 0.71084
vt 0.58333 0.73166
vt 0.62500 0.71084
vt 0.62500 0.73166
vt 0.66667 0.71084
vt 0.66667 0.73166
vt 0.70833 0.71084
vt 0.70833 0.73166
vt 0.75000 0.71084
vt 0.75000 0.73166
vt 0.79167 0.71084
vt 0.79167 0.73166
vt 0.83333 0.71084
vt 0.83333 0.73166
vt 0.87500 0.71084
vt 0.87500 0.73166
vt 0.91667 0.71084
vt 0.91667 0.73166
vt 0.95833 0.71084
vt 0.95833 0.73166
vt 1.00000 0.71084
vt 1.00000 0.73166
vt 0.00000 0.73166
vt 0.00000 0.75186
vt 0.04167 0.73166
vt 0.04167 0.75186
vt 0.08333 0.73166
vt 0.08333 0.75186
vt 0.12500 0.73166
vt 0.12500 0.75186
vt 0.16667 0.73166
vt 0.16667 0.75186
vt 0.20833 0.73166
vt 0.20833 0.75186
vt 0.25000 0.73166
vt 0.25000 0.75186
vt 0.29167 0.73166
vt 0.29167 0.75186
vt 0.33333 0.73166
vt 0.33333 0.75186
vt 0.37500 0.73166
vt 0.37500 0.75186
vt 0.41667 0.73166
vt 0.41667 0.75186
vt 0.45833 0.73166
vt 0.45833 0.75186
vt 0.50000 0.73166
vt 0.50000 0.75186
vt 0.54167 0.73166
vt 0.54167 0.75186
vt 0.58333 0.73166
vt 0.58333 0.75186
vt 0.62500 0.73166
vt 0.62500 0.75186
vt 0.66667 0.73166
vt 0.66667 0.75186
vt 0.70833 0.73166
vt 0.70833 0.75186
vt 0.75000 0.73166
vt 0.75000 0.75186
vt 0.79167 0.73166
vt 0.79167 0.75186
vt 0.83333 0.73166
vt 0.83333 0.75186
vt 0.87500 0.73166
vt 0.87500 0.75186
vt 0.91667 0.73166
vt 0.91667 0.75186
vt 0.95833 0.73166
vt 0.95833 0.75186
vt 1.00000 0.73166
vt 1.00000 0.75186
vt 0.00000 0.75186
vt 0.00000 0.77684
vt 0.04167 0.75186
vt 0.04167 0.77684
vt 0.08333 0.75186
vt 0.08333 0.77684
vt 0.12500 0.75186
vt 0.12500 0.77684
vt 0.16667 0.75186
vt 0.16667 0.77684
vt 0.20833 0.75186
vt 0.20833 0.77684
vt 0.25000 0.75186
vt 0.25000 0.77684
vt 0.29167 0.75186
vt 0.29167 0.77684
vt 0.33333 0.75186
vt 0.33333 0.77684
vt 0.37500 0.75186
vt 0.37500 0.77684
vt 0.41667 0.75186
vt 0.41667 0.77684
vt 0.45833 0.75186
vt 0.45833 0.77684
vt 0.50000 0.75186
vt 0.50000 0.77684
vt 0.54167 0.75186
vt 0.54167 0.77684
vt 0.58333 0.75186
vt 0.58333 0.77684
vt 0.62500 0.75186
vt 0.62500 0.77684
vt 0.66667 0.75186
vt 0.66667 0.77684
vt 0.70833 0.75186
vt 0.70833 0.77684
vt 0.75000 0.75186
vt 0.75000 0.77684
vt 0.79167 0.75186
vt 0.79167 0.77684
vt 0.83333 0.75186
vt 0.83333 0.77684
vt 0.87500 0.75186
vt 0.87500 0.77684
vt 0.91667 0.75186
vt 0.91667 0.77684
vt 0.95833 0.75186
vt 0.95833 0.77684
vt 1.00000 0.75186
vt 1.00000 0.77684
vt 0.00000 0.77684
vt 0.00000 0.79705
vt 0.04167 0.77684
vt 0.04167 0.79705
vt 0.08333 0.77684
vt 0.08333 0.79705
vt 0.12500 0.77684
vt 0.12500 0.79705
vt 0.16667 0.77684
vt 0.16667 0.79705
vt 0.20833 0.77684
vt 0.20833 0.79705
vt 0.25000 0.77684
vt 0.25000 0.79705
vt 0.29167 0.77684
vt 0.29167 0.79705
vt 0.33333 0.77684
vt 0.33333 0.79705
vt 0.37500 0.77684
vt 0.37500 0.79705
vt 0.41667 0.77684
vt 0.41667 0.79705
vt 0.45833 0.77684
vt 0.45833 0.79705
vt 0.50000 0.77684
vt 0.50000 0.79705
vt 0.54167 0.77684
vt 0.54167 0.79705
vt 0.58333 0.77684
vt 0.58333 0.79705
vt 0.62500 0.77684
vt 0.62500 0.79705
vt 0.66667 0.77684
vt 0.66667 0.79705
vt 0.70833 0.77684
vt 0.70833 0.79705
vt 0.75000 0.77684
vt 0.75000 0.79705
vt 0.79167 0.77684
vt 0.79167 0.79705
vt 0.83333 0.77684
vt 0.83333 0.79705
vt 0.87500 0.77684
vt 0.87500 0.79705
vt 0.91667 0.77684
vt 0.91667 0.79705
vt 0.95833 0.77684
vt 0.95833 0.79705
vt 1.00000 0.77684
vt 1.00000 0.79705
vt 0.00000 0.79705
vt 0.00000 0.81925
vt 0.04167 0.79705
vt 0.04167 0.81925
vt 0.08333 0.79705
vt 0.08333 0.81925
vt 0.12500 0.79705
vt 0.12500 0.81925
vt 0.16667 0.79705
vt 0.16667 0.81925
vt 0.20833 0.79705
vt 0.20833 0.81925
vt 0.25000 0.79705
vt 0.25000 0.81925
vt 0.29167 0.79705
vt 0.29167 0.81925
vt 0.33333 0.79705
vt 0.33333 0.81925
vt 0.37500 0.79705
vt 0.37500 0.81925
vt 0.41667 0.79705
vt 0.41667 0.81925
vt 0.45833 0.79705
vt 0.45833 0.81925
vt 0.50000 0.79705
vt 0.50000 0.81925
vt 0.54167 0.79705
vt 0.54167 0.81925
vt 0.58333 0.79705
vt 0.58333 0.81925
vt 0.62500 0.79705
vt 0.62500 0.81925
vt 0.66667 0.79705
vt 0.66667 0.81925
vt 0.70833 0.79705
vt 0.70833 0.81925
vt 0.75000 0.79705
vt 0.75000 0.81925
vt 0.79167 0.79705
vt 0.79167 0.81925
vt 0.83333 0.79705
vt 0.83333 0.81925
vt 0.87500 0.79705
vt 0.87500 0.81925
vt 0.91667 0.79705
vt 0.91667 0.81925
vt 0.95833 0.79705
vt 0.95833 0.81925
vt 1.00000 0.79705
vt 1.00000 0.81925
vt 0.00000 0.81925
vt 0.00000 0.83946
vt 0.04167 0.81925
vt 0.04167 0.83946
vt 0.08333 0.81925
vt 0.08333 0.83946
vt 0.12500 0.81925
vt 0.12500 0.83946
vt 0.16667 0.81925
vt 0.16667 0.83946
vt 0.20833 0.81925
vt 0.20833 0.83946
vt 0.25000 0.81925
vt 0.25000 0.83946
vt 0.29167 0.81925
vt 0.29167 0.83946
vt 0.33333 0.81925
vt 0.33333 0.83946
vt 0.37500 0.81925
vt 0.37500 0.83946
vt 0.41667 0.81925
vt 0.41667 0.83946
vt 0.45833 0.81925
vt 0.45833 0.83946
vt 0.50000 0.81925
vt 0.50000 0.83946
vt 0.54167 0.81925
vt 0.54167 0.83946
vt 0.58333 0.81925
vt 0.58333 0.83946
vt 0.62500 0.81925
vt 0.62500 0.83946
vt 0.66667 0.81925
vt 0.66667 0.83946
vt 0.70833 0.81925
vt 0.70833 0.83946
vt 0.75000 0.81925
vt 0.75000 0.83946
vt 0.79167 0.81925
vt 0.79167 0.83946
vt 0.83333 0.81925
vt 0.83333 0.83946
vt 0.87500 0.81925
vt 0.87500 0.83946
vt 0.91667 0.81925
vt 0.91667 0.83946
vt 0.95833 0.81925
vt 0.95833 0.83946
vt 1.00000 0.81925
vt 1.00000 0.83946
vt 0.00000 0.83946
vt 0.00000 0.86444
vt 0.04167 0.83946
vt 0.04167 0.86444
vt 0.08333 0.83946
vt 0.08333 0.86444
vt 0.12500 0.83946
vt 0.12500 0.86444
vt 0.16667 0.83946
vt 0.16667 0.86444
vt 0.20833 0.83946
vt 0.20833 0.86444
vt 0.25000 0.83946
vt 0.25000 0.86444
vt 0.29167 0.83946
vt 0.29167 0.86444
vt 0.33333 0.83946
vt 0.33333 0.86444
vt 0.37500 0.83946
vt 0.37500 0.86444
vt 0.41667 0.83946
vt 0.41667 0.86444
vt 0.45833 0.83946
vt 0.45833 0.86444
vt 0.50000 0.83946
vt 0.50000 0.86444
vt 0.54167 0.83946
vt 0.54167 0.86444
vt 0.58333 0.83946
vt 0.58333 0.86444
vt 0.62500 0.83946
vt 0.62500 0.86444
vt 0.66667 0.83946
vt 0.66667 0.86444
vt 0.70833 0.83946
vt 0.70833 0.86444
vt 0.75000 0.83946
vt 0.75000 0.86444
vt 0.79167 0.83946
vt 0.79167 0.86444
vt 0.83333 0.83946
vt 0.83333 0.86444
vt 0.87500 0.83946
vt 0.87500 0.86444
vt 0.91667 0.83946
vt 0.91667 0.86444
vt 0.95833 0.83946
vt 0.95833 0.86444
vt 1.00000 0.83946
vt 1.00000 0.86444
vt 0.00000 0.86444
vt 0.00000 0.88465
vt 0.04167 0.86444
vt 0.04167 0.88465
vt 0.08333 0.86444
vt 0.08333 0.88465
vt 0.12500 0.86444
vt 0.12500 0.88465
vt 0.16667 0.86444
vt 0.16667 0.88465
vt 0.20833 0.86444
vt 0.20833 0.88465
vt 0.25000 0.86444
vt 0.25000 0.88465
vt 0.29167 0.86444
vt 0.29167 0.88465
vt 0.33333 0.86444
vt 0.33333 0.88465
vt 0.37500 0.86444
vt 0.37500 0.88465
vt 0.41667 0.86444
vt 0.41667 0.88465
vt 0.45833 0.86444
vt 0.45833 0.88465
vt 0.50000 0.86444
vt 0.50000 0.88465
vt 0.54167 0.86444
vt 0.54167 0.88465
vt 0.58333 0.86444
vt 0.58333 0.88465
vt 0.62500 0.86444
vt 0.62500 0.88465
vt 0.66667 0.86444
vt 0.66667 0.88465
vt 0.70833 0.86444
vt 0.70833 0.88465
vt 0.75000 0.86444
vt 0.75000 0.88465
vt 0.79167 0.86444
vt 0.79167 0.88465
vt 0.83333 0.86444
vt 0.83333 0.88465
vt 0.87500 0.86444
vt 0.87500 0.88465
vt 0.91667 0.86444
vt 0.91667 0.88465
vt 0.95833 0.86444
vt 0.95833 0.88465
vt 1.00000 0.86444
vt 1.00000 0.88465
vt 0.00000 0.88465
vt 0.00000 0.90685
vt 0.04167 0.88465
vt 0.04167 0.90685
vt 0.08333 0.88465
vt 0.08333 0.90685
vt 0.12500 0.88465
vt 0.12500 0.90685
vt 0.16667 0.88465
vt 0.16667 0.90685
vt 0.20833 0.88465
vt 0.20833 0.90685
vt 0.25000 0.88465
vt 0.25000 0.90685
vt 0.29167 0.88465
vt 0.29167 0.90685
vt 0.33333 0.88465
vt 0.33333 0.90685
vt 0.37500 0.88465
vt 0.37500 0.90685
vt 0.41667 0.88465
vt 0.41667 0.90685
vt 0.45833 0.88465
vt 0.45833 0.90685
vt 0.50000 0.88465
vt 0.50000 0.90685
vt 0.54167 0.88465
vt 0.54167 0.90685
vt 0.58333 0.88465
vt 0.58333 0.90685
vt 0.62500 0.88465
vt 0.62500 0.90685
vt 0.66667 0.88465
vt 0.66667 0.90685
vt 0.70833 0.88465
vt 0.70833 0.90685
vt 0.75000 0.88465
vt 0.75000 0.90685
vt 0.79167 0.88465
vt 0.79167 0.90685
vt 0.83333 0.88465
vt 0.83333 0.90685
vt 0.87500 0.88465
vt 0.87500 0.90685
vt 0.91667 0.88465
vt 0.91667 0.90685
vt 0.95833 0.88465
vt 0.95833 0.90685
vt 1.00000 0.88465
vt 1.00000 0.90685
vt 0.00000 0.90685
vt 0.00000 0.92706
vt 0.04167 0.90685
vt 0.04167 0.92706
vt 0.08333 0.90685
vt 0.08333 0.92706
vt 0.12500 0.90685
vt 0.12500 0.92706
vt 0.16667 0.90685
vt 0.16667 0.92706
vt 0.20833 0.90685
vt 0.20833 0.92706
vt 0.25000 0.90685
vt 0.25000 0.92706
vt 0.29167 0.90685
vt 0.29167 0.92706
vt 0.33333 0.90685
vt 0.33333 0.92706
vt 0.37500 0.90685
vt 0.37500 0.92706
vt 0.41667 0.90685
vt 0.41667 0.92706
vt 0.45833 0.90685
vt 0.45833 0.92706
vt 0.50000 0.90685
vt 0.50000 0.92706
vt 0.54167 0.90685
vt 0.54167 0.92706
vt 0.58333 0.90685
vt 0.58333 0.92706
vt 0.62500 0.90685
vt 0.62500 0.92706
vt 0.66667 0.90685
vt 0.66667 0.92706
vt 0.70833 0.90685
vt 0.70833 0.92706
vt 0.75000 0.90685
vt 0.75000 0.92706
vt 0.79167 0.90685
vt 0.79167 0.92706
vt 0.83333 0.90685
vt 0.83333 0.92706
vt 0.87500 0.90685
vt 0.87500 0.92706
vt 0.91667 0.90685
vt 0.91667 0.92706
vt 0.95833 0.90685
vt 0.95833 0.92706
vt 1.00000 0.90685
vt 1.00000 0.92706
vt 0.00000 0.92706
vt 0.00000 0.95204
vt 0.04167 0.92706
vt 0.04167 0.95204
vt 0.08333 0.92706
vt 0.08333 0.95204
vt 0.12500 0.92706
vt 0.12500 0.95204
vt 0.16667 0.92706
vt 0.16667 0.95204
vt 0.20833 0.92706
vt 0.20833 0.95204
vt 0.25000 0.92706
vt 0.25000 0.95204
vt 0.29167 0.92706
vt 0.29167 0.95204
vt 0.33333 0.92706
vt 0.33333 0.95204
vt 0.37500 0.92706
vt 0.37500 0.95204
vt 0.41667 0.92706
vt 0.41667 0.95204
vt 0.45833 0.92706
vt 0.45833 0.95204
vt 0.50000 0.92706
vt 0.50000 0.95204
vt 0.54167 0.92706
vt 0.54167 0.95204
vt 0.58333 0.92706
vt 0.58333 0.95204
vt 0.62500 0.92706
vt 0.62500 0.95204
vt 0.66667 0.92706
vt 0.66667 0.95204
vt 0.70833 0.92706
vt 0.70833 0.95204
vt 0.75000 0.92706
vt 0.75000 0.95204
vt 0.79167 0.92706
vt 0.79167 0.95204
vt 0.83333 0.92706
vt 0.83333 0.95204
vt 0.87500 0.92706
vt 0.87500 0.95204
vt 0.91667 0.92706
vt 0.91667 0.95204
vt 0.95833 0.92706
vt 0.95833 0.95204
vt 1.00000 0.92706
vt 1.00000 0.95204
vt 0.00000 0.95204
vt 0.00000 0.97224
vt 0.04167 0.95204
vt 0.04167 0.97224
vt 0.08333 0.95204
vt 0.08333 0.97224
vt 0.12500 0.95204
vt 0.12500 0.97224
vt 0.16667 0.95204
vt 0.16667 0.97224
vt 0.20833 0.95204
vt 0.20833 0.97224
vt 0.25000 0.95204
vt 0.25000 0.97224
vt 0.29167 0.95204
vt 0.29167 0.97224
vt 0.33333 0.95204
vt 0.33333 0.97224
vt 0.37500 0.95204
vt 0.37500 0.97224
vt 0.41667 0.95204
vt 0.41667 0.97224
vt 0.45833 0.95204
vt 0.45833 0.97224
vt 0.50000 0.95204
vt 0.50000 0.97224
vt 0.54167 0.95204
vt 0.54167 0.97224
vt 0.58333 0.95204
vt 0.58333 0.97224
vt 0.62500 0.95204
vt 0.62500 0.97224
vt 0.66667 0.95204
vt 0.66667 0.97224
vt 0.70833 0.95204
vt 0.70833 0.97224
vt 0.75000 0.95204
vt 0.75000 0.97224
vt 0.79167 0.95204
vt 0.79167 0.97224
vt 0.83333 0.95204
vt 0.83333 0.97224
vt 0.87500 0.95204
vt 0.87500 0.97224
vt 0.91667 0.95204
vt 0.91667 0.97224
vt 0.95833 0.95204
vt 0.95833 0.97224
vt 1.00000 0.95204
vt 1.00000 0.97224
vt 0.00000 0.97224
vt 0.00000 1.00000
vt 0.04167 0.97224
vt 0.04167 1.00000
vt 0.08333 0.97224
vt 0.08333 1.00000
vt 0.12500 0.97224
vt 0.12500 1.00000
vt 0.16667 0.97224
vt 0.16667 1.00000
vt 0.20833 0.97224
vt 0.20833 1.00000
vt 0.25000 0.97224
vt 0.25000 1.00000
vt 0.29167 0.97224
vt 0.29167 1.00000
vt 0.33333 0.97224
vt 0.33333 1.00000
vt 0.37500 0.97224
vt 0.37500 1.00000
vt 0.41667 0.97224
vt 0.41667 1.00000
vt 0.45833 0.97224
vt 0.45833 1.00000
vt 0.50000 0.97224
vt 0.50000 1.00000
vt 0.54167 0.97224
vt 0.54167 1.00000
vt 0.58333 0.97224
vt 0.58333 1.00000
vt 0.62500 0.97224
vt 0.62500 1.00000
vt 0.66667 0.97224
vt 0.66667 1.00000
vt 0.70833 0.97224
vt 0.70833 1.00000
vt 0.75000 0.97224
vt 0.75000 1.00000
vt 0.79167 0.97224
vt 0.79167 1.00000
vt 0.83333 0.97224
vt 0.83333 1.00000
vt 0.87500 0.97224
vt 0.87500 1.00000
vt 0.91667 0.97224
vt 0.91667 1.00000
vt 0.95833 0.97224
vt 0.95833 1.00000
vt 1.00000 0.97224
vt 1.00000 1.00000
vt 0.00000 0.00000
vt 0.00000 0.08439
vt 0.04167 0.00000
vt 0.04167 0.08439
vt 0.08333 0.00000
vt 0.08333 0.08439
vt 0.12500 0.00000
vt 0.12500 0.08439
vt 0.16667 0.00000
vt 0.16667 0.08439
vt 0.20833 0.00000
vt 0.20833 0.08439
vt 0.25000 0.00000
vt 0.25000 0.08439
vt 0.29167 0.00000
vt 0.29167 0.08439
vt 0.33333 0.00000
vt 0.33333 0.08439
vt 0.37500 0.00000
vt 0.37500 0.08439
vt 0.41667 0.00000
vt 0.41667 0.08439
vt 0.45833 0.00000
vt 0.45833 0.08439
vt 0.50000 0.00000
vt 0.50000 0.08439
vt 0.54167 0.00000
vt 0.54167 0.08439
vt 0.58333 0.00000
vt 0.58333 0.08439
vt 0.62500 0.00000
vt 0.62500 0.08439
vt 0.66667 0.00000
vt 0.66667 0.08439
vt 0.70833 0.00000
vt 0.70833 0.08439
vt 0.75000 0.00000
vt 0.75000 0.08439
vt 0.79167 0.00000
vt 0.79167 0.08439
vt 0.83333 0.00000
vt 0.83333 0.08439
vt 0.87500 0.00000
vt 0.87500 0.08439
vt 0.91667 0.00000
vt 0.91667 0.08439
vt 0.95833 0.00000
vt 0.95833 0.08439
vt 1.00000 0.00000
vt 1.00000 0.08439
vt 0.00000 0.08439
vt 0.00000 0.80000
vt 0.04167 0.08439
vt 0.04167 0.80000
vt 0.08333 0.08439
vt 0.08333 0.80000
vt 0.12500 0.08439
vt 0.12500 0.80000
vt 0.16667 0.08439
vt 0.16667 0.80000
vt 0.20833 0.08439
vt 0.20833 0.80000
vt 0.25000 0.08439
vt 0.25000 0.80000
vt 0.29167 0.08439
vt 0.29167 0.80000
vt 0.33333 0.08439
vt 0.33333 0.80000
vt 0.37500 0.08439
vt 0.37500 0.80000
vt 0.41667 0.08439
vt 0.41667 0.80000
vt 0.45833 0.08439
vt 0.45833 0.80000
vt 0.50000 0.08439
vt 0.50000 0.80000
vt 0.54167 0.08439
vt 0.54167 0.80000
vt 0.58333 0.08439
vt 0.58333 0.80000
vt 0.62500 0.08439
vt 0.62500 0.80000
vt 0.66667 0.08439
vt 0.66667 0.80000
vt 0.70833 0.08439
vt 0.70833 0.80000
vt 0.75000 0.08439
vt 0.75000 0.80000
vt 0.79167 0.08439
vt 0.79167 0.80000
vt 0.83333 0.08439
vt 0.83333 0.80000
vt 0.87500 0.08439
vt 0.87500 0.80000
vt 0.91667 0.08439
vt 0.91667 0.80000
vt 0.95833 0.08439
vt 0.95833 0.80000
vt 1.00000 0.08439
vt 1.00000 0.80000
vt 0.00000 0.80000
vt 0.00000 1.00000
vt 0.25000 0.80000
vt 0.25000 1.00000
vt 0.50000 0.80000
vt 0.50000 1.00000
vt 0.75000 0.80000
vt 0.75000 1.00000
vt 1.00000 0.80000
vt 1.00000 1.00000
vt 0.00000 0.80000
vt 0.00000 1.00000
vt 0.25000 0.80000
vt 0.25000 1.00000
vt 0.50000 0.80000
vt 0.50000 1.00000
vt 0.75000 0.80000
vt 0.75000 1.00000
vt 1.00000 0.80000
vt 1.00000 1.00000
vt 0.00000 0.85000
vt 0.00000 1.00000
vt 0.25000 0.85000
vt 0.25000 1.00000
vt 0.50000 0.85000
vt 0.50000 1.00000
vt 0.75000 0.85000
vt 0.75000 1.00000
vt 1.00000 0.85000
vt 1.00000 1.00000
vt 0.50000 0.90000
vt 0.50000 0.90000
vt 0.50000 0.90000
vt 0.50000 0.90000
vt 0.50000 0.90000
vt 0.50000 0.90000
vt 0.50000 0.90000
vt 0.50000 0.90000
vt 0.00000 0.80000
vt 0.00000 1.00000
vt 0.25000 0.80000
vt 0.25000 1.00000
vt 0.50000 0.80000
vt 0.50000 1.00000
vt 0.75000 0.80000
vt 0.75000 1.00000
vt 1.00000 0.80000
vt 1.00000 1.00000
vt 0.00000 0.80000
vt 0.00000 1.00000
vt 0.25000 0.80000
vt 0.25000 1.00000
vt 0.50000 0.80000
vt 0.50000 1.00000
vt 0.75000 0.80000
vt 0.75000 1.00000
vt 1.00000 0.80000
vt 1.00000 1.00000
vt 0.00000 0.85000
vt 0.00000 1.00000
vt 0.25000 0.85000
vt 0.25000 1.00000
vt 0.50000 0.85000
vt 0.50000 1.00000
vt 0.75000 0.85000
vt 0.75000 1.00000
vt 1.00000 0.85000
vt 1.00000 1.00000
vt 0.50000 0.90000
vt 0.50000 0.90000
vt 0.50000 0.90000
vt 0.50000 0.90000
vt 0.50000 0.90000
vt 0.50000 0.90000
vt 0.50000 0.90000
vt 0.50000 0.90000
vt 0.00000 0.80000
vt 0.00000 1.00000
vt 0.25000 0.80000
vt 0.25000 1.00000
vt 0.50000 0.80000
vt 0.50000 1.00000
vt 0.75000 0.80000
vt 0.75000 1.00000
vt 1.00000 0.80000
vt 1.00000 1.00000
vt 0.00000 0.80000
vt 0.00000 1.00000
vt 0.25000 0.80000
vt 0.25000 1.00000
vt 0.50000 0.80000
vt 0.50000 1.00000
vt 0.75000 0.80000
vt 0.75000 1.00000
vt 1.00000 0.80000
vt 1.00000 1.00000
vt 0.00000 0.85000
vt 0.00000 1.00000
vt 0.25000 0.85000
vt 0.25000 1.00000
vt 0.50000 0.85000
vt 0.50000 1.00000
vt 0.75000 0.85000
vt 0.75000 1.00000
vt 1.00000 0.85000
vt 1.00000 1.00000
vt 0.50000 0.90000
vt 0.50000 0.90000
vt 0.50000 0.90000
vt 0.50000 0.90000
vt 0.50000 0.90000
vt 0.50000 0.90000
vt 0.50000 0.90000
vt 0.50000 0.90000
vt 0.00000 0.80000
vt 0.00000 1.00000
vt 0.25000 0.80000
vt 0.25000 1.00000
vt 0.50000 0.80000
vt 0.50000 1.00000
vt 0.75000 0.80000
vt 0.75000 1.00000
vt 1.00000 0.80000
vt 1.00000 1.00000
vt 0.00000 0.80000
vt 0.00000 1.00000
vt 0.25000 0.80000
vt 0.25000 1.00000
vt 0.50000 0.80000
vt 0.50000 1.00000
vt 0.75000 0.80000
vt 0.75000 1.00000
vt 1.00000 0.80000
vt 1.00000 1.00000
vt 0.00000 0.85000
vt 0.00000 1.00000
vt 0.25000 0.85000
vt 0.25000 1.00000
vt 0.50000 0.85000
vt 0.50000 1.00000
vt 0.75000 0.85000
vt 0.75000 1.00000
vt 1.00000 0.85000
vt 1.00000 1.00000
vt 0.50000 0.90000
vt 0.50000 0.90000
vt 0.50000 0.90000
vt 0.50000 0.90000
vt 0.50000 0.90000
vt 0.50000 0.90000
vt 0.50000 0.90000
vt 0.50000 0.90000
vt 0.00000 0.80000
vt 0.00000 1.00000
vt 0.25000 0.80000
vt 0.25000 1.00000
vt 0.50000 0.80000
vt 0.50000 1.00000
vt 0.75000 0.80000
vt 0.75000 1.00000
vt 1.00000 0.80000
vt 1.00000 1.00000
vt 0.00000 0.80000
vt 0.00000 1.00000
vt 0.25000 0.80000
vt 0.25000 1.00000
vt 0.50000 0.80000
vt 0.50000 1.00000
vt 0.75000 0.80000
vt 0.75000 1.00000
vt 1.00000 0.80000
vt 1.00000 1.00000
vt 0.00000 0.85000
vt 0.00000 1.00000
vt 0.25000 0.85000
vt 0.25000 1.00000
vt 0.50000 0.85000
vt 0.50000 1.00000
vt 0.75000 0.85000
vt 0.75000 1.00000
vt 1.00000 0.85000
vt 1.00000 1.00000
vt 0.50000 0.90000
vt 0.50000 0.90000
vt 0.50000 0.90000
vt 0.50000 0.90000
vt 0.50000 0.90000
vt 0.50000 0.90000
vt 0.50000 0.90000
vt 0.50000 0.90000
vt 0.00000 0.80000
vt 0.00000 1.00000
vt 0.25000 0.80000
vt 0.25000 1.00000
vt 0.50000 0.80000
vt 0.50000 1.00000
vt 0.75000 0.80000
vt 0.75000 1.00000
vt 1.00000 0.80000
vt 1.00000 1.00000
vt 0.00000 0.80000
vt 0.00000 1.00000
vt 0.25000 0.80000
vt 0.25000 1.00000
vt 0.50000 0.80000
vt 0.50000 1.00000
vt 0.75000 0.80000
vt 0.75000 1.00000
vt 1.00000 0.80000
vt 1.00000 1.00000
vt 0.00000 0.85000
vt 0.00000 1.00000
vt 0.25000 0.85000
vt 0.25000 1.00000
vt 0.50000 0.85000
vt 0.50000 1.00000
vt 0.75000 0.85000
vt 0.75000 1.00000
vt 1.00000 0.85000
vt 1.00000 1.00000
vt 0.50000 0.90000
vt 0.50000 0.90000
vt 0.50000 0.90000
vt 0.50000 0.90000
vt 0.50000 0.90000
vt 0.50000 0.90000
vt 0.50000 0.90000
vt 0.50000 0.90000
vt 0.00000 0.80000
vt 0.00000 1.00000
vt 0.25000 0.80000
vt 0.25000 1.00000
vt 0.50000 0.80000
vt 0.50000 1.00000
vt 0.75000 0.80000
vt 0.75000 1.00000
vt 1.00000 0.80000
vt 1.00000 1.00000
vt 0.00000 0.80000
vt 0.00000 1.00000
vt 0.25000 0.80000
vt 0.25000 1.00000
vt 0.50000 0.80000
vt 0.50000 1.00000
vt 0.75000 0.80000
vt 0.75000 1.00000
vt 1.00000 0.80000
vt 1.00000 1.00000
vt 0.00000 0.85000
vt 0.00000 1.00000
vt 0.25000 0.85000
vt 0.25000 1.00000
vt 0.50000 0.85000
vt 0.50000 1.00000
vt 0.75000 0.85000
vt 0.75000 1.00000
vt 1.00000 0.85000
vt 1.00000 1.00000
vt 0.50000 0.90000
vt 0.50000 0.90000
vt 0.50000 0.90000
vt 0.50000 0.90000
vt 0.50000 0.90000
vt 0.50000 0.90000
vt 0.50000 0.90000
vt 0.50000 0.90000
vt 0.00000 0.80000
vt 0.00000 1.00000
vt 0.25000 0.80000
vt 0.25000 1.00000
vt 0.50000 0.80000
vt 0.50000 1.00000
vt 0.75000 0.80000
vt 0.75000 1.00000
vt 1.00000 0.80000
vt 1.00000 1.00000
vt 0.00000 0.80000
vt 0.00000 1.00000
vt 0.25000 0.80000
vt 0.25000 1.00000
vt 0.50000 0.80000
vt 0.50000 1.00000
vt 0.75000 0.80000
vt 0.75000 1.00000
vt 1.00000 0.80000
vt 1.00000 1.00000
vt 0.00000 0.85000
vt 0.00000 1.00000
vt 0.25000 0.85000
vt 0.25000 1.00000
vt 0.50000 0.85000
vt 0.50000 1.00000
vt 0.75000 0.85000
vt 0.75000 1.00000
vt 1.00000 0.85000
vt 1.00000 1.00000
vt 0.50000 0.90000
vt 0.50000 0.90000
vt 0.50000 0.90000
vt 0.50000 0.90000
vt 0.50000 0.90000
vt 0.50000 0.90000
vt 0.50000 0.90000
vt 0.50000 0.90000
vt 0.00000 0.80000
vt 0.00000 0.85000
vt 0.04167 0.80000
vt 0.04167 0.85000
vt 0.08333 0.80000
vt 0.08333 0.85000
vt 0.12500 0.80000
vt 0.12500 0.85000
vt 0.16667 0.80000
vt 0.16667 0.85000
vt 0.20833 0.80000
vt 0.20833 0.85000
vt 0.25000 0.80000
vt 0.25000 0.85000
vt 0.29167 0.80000
vt 0.29167 0.85000
vt 0.33333 0.80000
vt 0.33333 0.85000
vt 0.37500 0.80000
vt 0.37500 0.85000
vt 0.41667 0.80000
vt 0.41667 0.85000
vt 0.45833 0.80000
vt 0.45833 0.85000
vt 0.50000 0.80000
vt 0.50000 0.85000
vt 0.54167 0.80000
vt 0.54167 0.85000
vt 0.58333 0.80000
vt 0.58333 0.85000
vt 0.62500 0.80000
vt 0.62500 0.85000
vt 0.66667 0.80000
vt 0.66667 0.85000
vt 0.70833 0.80000
vt 0.70833 0.85000
vt 0.75000 0.80000
vt 0.75000 0.85000
vt 0.79167 0.80000
vt 0.79167 0.85000
vt 0.83333 0.80000
vt 0.83333 0.85000
vt 0.87500 0.80000
vt 0.87500 0.85000
vt 0.91667 0.80000
vt 0.91667 0.85000
vt 0.95833 0.80000
vt 0.95833 0.85000
vt 1.00000 0.80000
vt 1.00000 0.85000
vt 0.00000 0.80000
vt 0.00000 1.00000
vt 0.04167 0.80000
vt 0.04167 1.00000
vt 0.08333 0.80000
vt 0.08333 1.00000
vt 0.12500 0.80000
vt 0.12500 1.00000
vt 0.16667 0.80000
vt 0.16667 1.00000
vt 0.20833 0.80000
vt 0.20833 1.00000
vt 0.25000 0.80000
vt 0.25000 1.00000
vt 0.29167 0.80000
vt 0.29167 1.00000
vt 0.33333 0.80000
vt 0.33333 1.00000
vt 0.37500 0.80000
vt 0.37500 1.00000
vt 0.41667 0.80000
vt 0.41667 1.00000
vt 0.45833 0.80000
vt 0.45833 1.00000
vt 0.50000 0.80000
vt 0.50000 1.00000
vt 0.54167 0.80000
vt 0.54167 1.00000
vt 0.58333 0.80000
vt 0.58333 1.00000
vt 0.62500 0.80000
vt 0.62500 1.00000
vt 0.66667 0.80000
vt 0.66667 1.00000
vt 0.70833 0.80000
vt 0.70833 1.00000
vt 0.75000 0.80000
vt 0.75000 1.00000
vt 0.79167 0.80000
vt 0.79167 1.00000
vt 0.83333 0.80000
vt 0.83333 1.00000
vt 0.87500 0.80000
vt 0.87500 1.00000
vt 0.91667 0.80000
vt 0.91667 1.00000
vt 0.95833 0.80000
vt 0.95833 1.00000
vt 1.00000 0.80000
vt 1.00000 1.00000
vt 0.50000 0.50000
vt 0.50000 0.00000
vt 0.62941 0.01704
vt 0.75000 0.06699
vt 0.85355 0.14645
vt 0.93301 0.25000
vt 0.98296 0.37059
vt 1.00000 0.50000
vt 0.98296 0.62941
vt 0.93301 0.75000
vt 0.85355 0.85355
vt 0.75000 0.93301
vt 0.62941 0.98296
vt 0.50000 1.00000
vt 0.37059 0.98296
vt 0.25000 0.93301
vt 0.14645 0.85355
vt 0.06699 0.75000
vt 0.01704 0.62941
vt 0.00000 0.50000
vt 0.01704 0.37059
vt 0.06699 0.25000
vt 0.14645 0.14645
vt 0.25000 0.06699
vt 0.37059 0.01704
vt 0.50000 0.00000
vt 0.25000 0.25000
vt 0.31250 0.25000
vt 0.37500 0.25000
vt 0.43750 0.25000
vt 0.50000 0.25000
vt 0.56250 0.25000
vt 0.62500 0.25000
vt 0.68750 0.25000
vt 0.75000 0.25000
vt 0.25000 0.31250
vt 0.31250 0.31250
vt 0.37500 0.31250
vt 0.43750 0.31250
vt 0.50000 0.31250
vt 0.56250 0.31250
vt 0.62500 0.31250
vt 0.68750 0.31250
vt 0.75000 0.31250
vt 0.25000 0.37500
vt 0.31250 0.37500
vt 0.37500 0.37500
vt 0.43750 0.37500
vt 0.50000 0.37500
vt 0.56250 0.37500
vt 0.62500 0.37500
vt 0.68750 0.37500
vt 0.75000 0.37500
vt 0.25000 0.43750
vt 0.31250 0.43750
vt 0.37500 0.43750
vt 0.43750 0.43750
vt 0.50000 0.43750
vt 0.56250 0.43750
vt 0.62500 0.43750
vt 0.68750 0.43750
vt 0.75000 0.43750
vt 0.25000 0.50000
vt 0.31250 0.50000
vt 0.37500 0.50000
vt 0.43750 0.50000
vt 0.50000 0.50000
vt 0.56250 0.50000
vt 0.62500 0.50000
vt 0.68750 0.50000
vt 0.75000 0.50000
vt 0.25000 0.56250
vt 0.31250 0.56250
vt 0.37500 0.56250
vt 0.43750 0.56250
vt 0.50000 0.56250
vt 0.56250 0.56250
vt 0.62500 0.56250
vt 0.68750 0.56250
vt 0.75000 0.56250
vt 0.25000 0.62500
vt 0.31250 0.62500
vt 0.37500 0.62500
vt 0.43750 0.62500
vt 0.50000 0.62500
vt 0.56250 0.62500
vt 0.62500 0.62500
vt 0.68750 0.62500
vt 0.75000 0.62500
vt 0.25000 0.68750
vt 0.31250 0.68750
vt 0.37500 0.68750
vt 0.43750 0.68750
vt 0.50000 0.68750
vt 0.56250 0.68750
vt 0.62500 0.68750
vt 0.68750 0.68750
vt 0.75000 0.68750
vt 0.25000 0.75000
vt 0.31250 0.75000
vt 0.37500 0.75000
vt 0.43750 0.75000
vt 0.50000 0.75000
vt 0.56250 0.75000
vt 0.62500 0.75000
vt 0.68750 0.75000
vt 0.75000 0.75000
vt 0.00000 0.00000
vt 0.16667 0.00000
vt 0.33333 0.00000
vt 0.50000 0.00000
vt 0.66667 0.00000
vt 0.83333 0.00000
vt 1.00000 0.00000
vt 0.00000 0.32098
vt 0.16667 0.32098
vt 0.33333 0.32098
vt 0.50000 0.32098
vt 0.66667 0.32098
vt 0.83333 0.32098
vt 1.00000 0.32098
vt 0.00000 0.38827
vt 0.16667 0.38827
vt 0.33333 0.38827
vt 0.50000 0.38827
vt 0.66667 0.38827
vt 0.83333 0.38827
vt 1.00000 0.38827
vt 0.00000 0.45556
vt 0.16667 0.45556
vt 0.33333 0.45556
vt 0.50000 0.45556
vt 0.66667 0.45556
vt 0.83333 0.45556
vt 1.00000 0.45556
vt 0.00000 0.52285
vt 0.16667 0.52285
vt 0.33333 0.52285
vt 0.50000 0.52285
vt 0.66667 0.52285
vt 0.83333 0.52285
vt 1.00000 0.52285
vt 0.00000 0.59015
vt 0.16667 0.59015
vt 0.33333 0.59015
vt 0.50000 0.59015
vt 0.66667 0.59015
vt 0.83333 0.59015
vt 1.00000 0.59015
vt 0.00000 0.65744
vt 0.16667 0.65744
vt 0.33333 0.65744
vt 0.50000 0.65744
vt 0.66667 0.65744
vt 0.83333 0.65744
vt 1.00000 0.65744
vt 0.00000 0.72473
vt 0.16667 0.72473
vt 0.33333 0.72473
vt 0.50000 0.72473
vt 0.66667 0.72473
vt 0.83333 0.72473
vt 1.00000 0.72473
vt 0.00000 1.04571
vt 0.16667 1.04571
vt 0.33333 1.04571
vt 0.50000 1.04571
vt 0.66667 1.04571
vt 0.83333 1.04571
vt 1.00000 1.04571
vt 0.00000 0.00000
vt 0.12500 0.00000
vt 0.25000 0.00000
vt 0.37500 0.00000
vt 0.50000 0.00000
vt 0.62500 0.00000
vt 0.75000 0.00000
vt 0.87500 0.00000
vt 1.00000 0.00000
vt 0.00000 0.02959
vt 0.12500 0.02959
vt 0.25000 0.02959
vt 0.37500 0.02959
vt 0.50000 0.02959
vt 0.62500 0.02959
vt 0.75000 0.02959
vt 0.87500 0.02959
vt 1.00000 0.02959
vt 0.00000 0.07640
vt 0.12500 0.07640
vt 0.25000 0.07640
vt 0.37500 0.07640
vt 0.50000 0.07640
vt 0.62500 0.07640
vt 0.75000 0.07640
vt 0.87500 0.07640
vt 1.00000 0.07640
vt 0.00000 0.14051
vt 0.12500 0.14051
vt 0.25000 0.14051
vt 0.37500 0.14051
vt 0.50000 0.14051
vt 0.62500 0.14051
vt 0.75000 0.14051
vt 0.87500 0.14051
vt 1.00000 0.14051
vt 0.00000 0.22033
vt 0.12500 0.22033
vt 0.25000 0.22033
vt 0.37500 0.22033
vt 0.50000 0.22033
vt 0.62500 0.22033
vt 0.75000 0.22033
vt 0.87500 0.22033
vt 1.00000 0.22033
vt 0.00000 0.31390
vt 0.12500 0.31390
vt 0.25000 0.31390
vt 0.37500 0.31390
vt 0.50000 0.31390
vt 0.62500 0.31390
vt 0.75000 0.31390
vt 0.87500 0.31390
vt 1.00000 0.31390
vt 0.00000 0.41906
vt 0.12500 0.41906
vt 0.25000 0.41906
vt 0.37500 0.41906
vt 0.50000 0.41906
vt 0.62500 0.41906
vt 0.75000 0.41906
vt 0.87500 0.41906
vt 1.00000 0.41906
vt 0.00000 0.53348
vt 0.12500 0.53348
vt 0.25000 0.53348
vt 0.37500 0.53348
vt 0.50000 0.53348
vt 0.62500 0.53348
vt 0.75000 0.53348
vt 0.87500 0.53348
vt 1.00000 0.53348
vt 0.00000 0.65479
vt 0.12500 0.65479
vt 0.25000 0.65479
vt 0.37500 0.65479
vt 0.50000 0.65479
vt 0.62500 0.65479
vt 0.75000 0.65479
vt 0.87500 0.65479
vt 1.00000 0.65479
vt 0.00000 0.78058
vt 0.12500 0.78058
vt 0.25000 0.78058
vt 0.37500 0.78058
vt 0.50000 0.78058
vt 0.62500 0.78058
vt 0.75000 0.78058
vt 0.87500 0.78058
vt 1.00000 0.78058
vt 0.00000 0.90853
vt 0.12500 0.90853
vt 0.25000 0.90853
vt 0.37500 0.90853
vt 0.50000 0.90853
vt 0.62500 0.90853
vt 0.75000 0.90853
vt 0.87500 0.90853
vt 1.00000 0.90853
vt 0.00000 1.03654
vt 0.12500 1.03654
vt 0.25000 1.03654
vt 0.37500 1.03654
vt 0.50000 1.03654
vt 0.62500 1.03654
vt 0.75000 1.03654
vt 0.87500 1.03654
vt 1.00000 1.03654
vt 0.00000 1.16274
vt 0.12500 1.16274
vt 0.25000 1.16274
vt 0.37500 1.16274
vt 0.50000 1.16274
vt 0.62500 1.16274
vt 0.75000 1.16274
vt 0.87500 1.16274
vt 1.00000 1.16274
vt 0.00000 1.28561
vt 0.12500 1.28561
vt 0.25000 1.28561
vt 0.37500 1.28561
vt 0.50000 1.28561
vt 0.62500 1.28561
vt 0.75000 1.28561
vt 0.87500 1.28561
vt 1.00000 1.28561
vt 0.00000 1.40398
vt 0.12500 1.40398
vt 0.25000 1.40398
vt 0.37500 1.40398
vt 0.50000 1.40398
vt 0.62500 1.40398
vt 0.75000 1.40398
vt 0.87500 1.40398
vt 1.00000 1.40398
vt 0.00000 1.51699
vt 0.12500 1.51699
vt 0.25000 1.51699
vt 0.37500 1.51699
vt 0.50000 1.51699
vt 0.62500 1.51699
vt 0.75000 1.51699
vt 0.87500 1.51699
vt 1.00000 1.51699
vt 0.00000 1.62404
vt 0.12500 1.62404
vt 0.25000 1.62404
vt 0.37500 1.62404
vt 0.50000 1.62404
vt 0.62500 1.62404
vt 0.75000 1.62404
vt 0.87500 1.62404
vt 1.00000 1.62404
vt 0.00000 1.72470
vt 0.12500 1.72470
vt 0.25000 1.72470
vt 0.37500 1.72470
vt 0.50000 1.72470
vt 0.62500 1.72470
vt 0.75000 1.72470
vt 0.87500 1.72470
vt 1.00000 1.72470
vt 0.00000 1.81859
vt 0.12500 1.81859
vt 0.25000 1.81859
vt 0.37500 1.81859
vt 0.50000 1.81859
vt 0.62500 1.81859
vt 0.75000 1.81859
vt 0.87500 1.81859
vt 1.00000 1.81859
vt 0.00000 1.90536
vt 0.12500 1.90536
vt 0.25000 1.90536
vt 0.37500 1.90536
vt 0.50000 1.90536
vt 0.62500 1.90536
vt 0.75000 1.90536
vt 0.87500 1.90536
vt 1.00000 1.90536
vt 0.00000 1.98471
vt 0.12500 1.98471
vt 0.25000 1.98471
vt 0.37500 1.98471
vt 0.50000 1.98471
vt 0.62500 1.98471
vt 0.75000 1.98471
vt 0.87500 1.98471
vt 1.00000 1.98471
vt 0.00000 2.05660
vt 0.12500 2.05660
vt 0.25000 2.05660
vt 0.37500 2.05660
vt 0.50000 2.05660
vt 0.62500 2.05660
vt 0.75000 2.05660
vt 0.87500 2.05660
vt 1.00000 2.05660
vt 0.00000 2.12152
vt 0.12500 2.12152
vt 0.25000 2.12152
vt 0.37500 2.12152
vt 0.50000 2.12152
vt 0.62500 2.12152
vt 0.75000 2.12152
vt 0.87500 2.12152
vt 1.00000 2.12152
vt 0.00000 2.18102
vt 0.12500 2.18102
vt 0.25000 2.18102
vt 0.37500 2.18102
vt 0.50000 2.18102
vt 0.62500 2.18102
vt 0.75000 2.18102
vt 0.87500 2.18102
vt 1.00000 2.18102
vt 0.00000 2.23813
vt 0.12500 2.23813
vt 0.25000 2.23813
vt 0.37500 2.23813
vt 0.50000 2.23813
vt 0.62500 2.23813
vt 0.75000 2.23813
vt 0.87500 2.23813
vt 1.00000 2.23813
vt 0.00000 2.29708
vt 0.12500 2.29708
vt 0.25000 2.29708
vt 0.37500 2.29708
vt 0.50000 2.29708
vt 0.62500 2.29708
vt 0.75000 2.29708
vt 0.87500 2.29708
vt 1.00000 2.29708
vt 0.00000 2.36223
vt 0.12500 2.36223
vt 0.25000 2.36223
vt 0.37500 2.36223
vt 0.50000 2.36223
vt 0.62500 2.36223
vt 0.75000 2.36223
vt 0.87500 2.36223
vt 1.00000 2.36223
vt 0.00000 2.43691
vt 0.12500 2.43691
vt 0.25000 2.43691
vt 0.37500 2.43691
vt 0.50000 2.43691
vt 0.62500 2.43691
vt 0.75000 2.43691
vt 0.87500 2.43691
vt 1.00000 2.43691
vt 0.00000 2.52289
vt 0.12500 2.52289
vt 0.25000 2.52289
vt 0.37500 2.52289
vt 0.50000 2.52289
vt 0.62500 2.52289
vt 0.75000 2.52289
vt 0.87500 2.52289
vt 1.00000 2.52289
vt 0.00000 2.62064
vt 0.12500 2.62064
vt 0.25000 2.62064
vt 0.37500 2.62064
vt 0.50000 2.62064
vt 0.62500 2.62064
vt 0.75000 2.62064
vt 0.87500 2.62064
vt 1.00000 2.62064
vt 0.00000 2.72952
vt 0.12500 2.72952
vt 0.25000 2.72952
vt 0.37500 2.72952
vt 0.50000 2.72952
vt 0.62500 2.72952
vt 0.75000 2.72952
vt 0.87500 2.72952
vt 1.00000 2.72952
vt 0.00000 2.84811
vt 0.12500 2.84811
vt 0.25000 2.84811
vt 0.37500 2.84811
vt 0.50000 2.84811
vt 0.62500 2.84811
vt 0.75000 2.84811
vt 0.87500 2.84811
vt 1.00000 2.84811
vt 0.00000 2.97441
vt 0.12500 2.97441
vt 0.25000 2.97441
vt 0.37500 2.97441
vt 0.50000 2.97441
vt 0.62500 2.97441
vt 0.75000 2.97441
vt 0.87500 2.97441
vt 1.00000 2.97441
vt 0.00000 3.10599
vt 0.12500 3.10599
vt 0.25000 3.10599
vt 0.37500 3.10599
vt 0.50000 3.10599
vt 0.62500 3.10599
vt 0.75000 3.10599
vt 0.87500 3.10599
vt 1.00000 3.10599
vt 0.00000 3.24020
vt 0.12500 3.24020
vt 0.25000 3.24020
vt 0.37500 3.24020
vt 0.50000 3.24020
vt 0.62500 3.24020
vt 0.75000 3.24020
vt 0.87500 3.24020
vt 1.00000 3.24020
vt 0.00000 3.37429
vt 0.12500 3.37429
vt 0.25000 3.37429
vt 0.37500 3.37429
vt 0.50000 3.37429
vt 0.62500 3.37429
vt 0.75000 3.37429
vt 0.87500 3.37429
vt 1.00000 3.37429
vt 0.00000 3.50551
vt 0.12500 3.50551
vt 0.25000 3.50551
vt 0.37500 3.50551
vt 0.50000 3.50551
vt 0.62500 3.50551
vt 0.75000 3.50551
vt 0.87500 3.50551
vt 1.00000 3.50551
vt 0.00000 3.63122
vt 0.12500 3.63122
vt 0.25000 3.63122
vt 0.37500 3.63122
vt 0.50000 3.63122
vt 0.62500 3.63122
vt 0.75000 3.63122
vt 0.87500 3.63122
vt 1.00000 3.63122
vt 0.00000 3.74892
vt 0.12500 3.74892
vt 0.25000 3.74892
vt 0.37500 3.74892
vt 0.50000 3.74892
vt 0.62500 3.74892
vt 0.75000 3.74892
vt 0.87500 3.74892
vt 1.00000 3.74892
vt 0.00000 3.85630
vt 0.12500 3.85630
vt 0.25000 3.85630
vt 0.37500 3.85630
vt 0.50000 3.85630
vt 0.62500 3.85630
vt 0.75000 3.85630
vt 0.87500 3.85630
vt 1.00000 3.85630
vt 0.00000 3.95124
vt 0.12500 3.95124
vt 0.25000 3.95124
vt 0.37500 3.95124
vt 0.50000 3.95124
vt 0.62500 3.95124
vt 0.75000 3.95124
vt 0.87500 3.95124
vt 1.00000 3.95124
vt 0.00000 4.03180
vt 0.12500 4.03180
vt 0.25000 4.03180
vt 0.37500 4.03180
vt 0.50000 4.03180
vt 0.62500 4.03180
vt 0.75000 4.03180
vt 0.87500 4.03180
vt 1.00000 4.03180
vt 0.00000 4.09623
vt 0.12500 4.09623
vt 0.25000 4.09623
vt 0.37500 4.09623
vt 0.50000 4.09623
vt 0.62500 4.09623
vt 0.75000 4.09623
vt 0.87500 4.09623
vt 1.00000 4.09623
vt 0.00000 4.14315
vt 0.12500 4.14315
vt 0.25000 4.14315
vt 0.37500 4.14315
vt 0.50000 4.14315
vt 0.62500 4.14315
vt 0.75000 4.14315
vt 0.87500 4.14315
vt 1.00000 4.14315
vt 0.00000 0.10000
vt 0.00000 0.23869
vt 0.08333 0.10000
vt 0.08333 0.23869
vt 0.16667 0.10000
vt 0.16667 0.23869
vt 0.25000 0.10000
vt 0.25000 0.23869
vt 0.33333 0.10000
vt 0.33333 0.23869
vt 0.41667 0.10000
vt 0.41667 0.23869
vt 0.50000 0.10000
vt 0.50000 0.23869
vt 0.58333 0.10000
vt 0.58333 0.23869
vt 0.66667 0.10000
vt 0.66667 0.23869
vt 0.75000 0.10000
vt 0.75000 0.23869
vt 0.83333 0.10000
vt 0.83333 0.23869
vt 0.91667 0.10000
vt 0.91667 0.23869
vt 1.00000 0.10000
vt 1.00000 0.23869
vt 0.00000 0.23869
vt 0.00000 0.31961
vt 0.08333 0.23869
vt 0.08333 0.31961
vt 0.16667 0.23869
vt 0.16667 0.31961
vt 0.25000 0.23869
vt 0.25000 0.31961
vt 0.33333 0.23869
vt 0.33333 0.31961
vt 0.41667 0.23869
vt 0.41667 0.31961
vt 0.50000 0.23869
vt 0.50000 0.31961
vt 0.58333 0.23869
vt 0.58333 0.31961
vt 0.66667 0.23869
vt 0.66667 0.31961
vt 0.75000 0.23869
vt 0.75000 0.31961
vt 0.83333 0.23869
vt 0.83333 0.31961
vt 0.91667 0.23869
vt 0.91667 0.31961
vt 1.00000 0.23869
vt 1.00000 0.31961
vt 0.00000 0.31961
vt 0.00000 0.68039
vt 0.08333 0.31961
vt 0.08333 0.68039
vt 0.16667 0.31961
vt 0.16667 0.68039
vt 0.25000 0.31961
vt 0.25000 0.68039
vt 0.33333 0.31961
vt 0.33333 0.68039
vt 0.41667 0.31961
vt 0.41667 0.68039
vt 0.50000 0.31961
vt 0.50000 0.68039
vt 0.58333 0.31961
vt 0.58333 0.68039
vt 0.66667 0.31961
vt 0.66667 0.68039
vt 0.75000 0.31961
vt 0.75000 0.68039
vt 0.83333 0.31961
vt 0.83333 0.68039
vt 0.91667 0.31961
vt 0.91667 0.68039
vt 1.00000 0.31961
vt 1.00000 0.68039
vt 0.00000 0.68039
vt 0.00000 0.76131
vt 0.08333 0.68039
vt 0.08333 0.76131
vt 0.16667 0.68039
vt 0.16667 0.76131
vt 0.25000 0.68039
vt 0.25000 0.76131
vt 0.33333 0.68039
vt 0.33333 0.76131
vt 0.41667 0.68039
vt 0.41667 0.76131
vt 0.50000 0.68039
vt 0.50000 0.76131
vt 0.58333 0.68039
vt 0.58333 0.76131
vt 0.66667 0.68039
vt 0.66667 0.76131
vt 0.75000 0.68039
vt 0.75000 0.76131
vt 0.83333 0.68039
vt 0.83333 0.76131
vt 0.91667 0.68039
vt 0.91667 0.76131
vt 1.00000 0.68039
vt 1.00000 0.76131
vt 0.00000 0.76131
vt 0.00000 0.90000
vt 0.08333 0.76131
vt 0.08333 0.90000
vt 0.16667 0.76131
vt 0.16667 0.90000
vt 0.25000 0.76131
vt 0.25000 0.90000
vt 0.33333 0.76131
vt 0.33333 0.90000
vt 0.41667 0.76131
vt 0.41667 0.90000
vt 0.50000 0.76131
vt 0.50000 0.90000
vt 0.58333 0.76131
vt 0.58333 0.90000
vt 0.66667 0.76131
vt 0.66667 0.90000
vt 0.75000 0.76131
vt 0.75000 0.90000
vt 0.83333 0.76131
vt 0.83333 0.90000
vt 0.91667 0.76131
vt 0.91667 0.90000
vt 1.00000 0.76131
vt 1.00000 0.90000
vn -0.00000 0.09058 0.99589
vn -0.00000 0.09058 0.99589
vn -0.02344 0.08749 0.99589
vn -0.02344 0.08749 0.99589
vn -0.04529 0.07844 0.99589
vn -0.04529 0.07844 0.99589
vn -0.06405 0.06405 0.99589
vn -0.06405 0.06405 0.99589
vn -0.07844 0.04529 0.99589
vn -0.07844 0.04529 0.99589
vn -0.08749 0.02344 0.99589
vn -0.08749 0.02344 0.99589
vn -0.09058 0.00000 0.99589
vn -0.09058 0.00000 0.99589
vn -0.08749 -0.02344 0.99589
vn -0.08749 -0.02344 0.99589
vn -0.07844 -0.04529 0.99589
vn -0.07844 -0.04529 0.99589
vn -0.06405 -0.06405 0.99589
vn -0.06405 -0.06405 0.99589
vn -0.04529 -0.07844 0.99589
vn -0.04529 -0.07844 0.99589
vn -0.02344 -0.08749 0.99589
vn -0.02344 -0.08749 0.99589
vn -0.00000 -0.09058 0.99589
vn -0.00000 -0.09058 0.99589
vn 0.02344 -0.08749 0.99589
vn 0.02344 -0.08749 0.99589
vn 0.04529 -0.07844 0.99589
vn 0.04529 -0.07844 0.99589
vn 0.06405 -0.06405 0.99589
vn 0.06405 -0.06405 0.99589
vn 0.07844 -0.04529 0.99589
vn 0.07844 -0.04529 0.99589
vn 0.08749 -0.02344 0.99589
vn 0.08749 -0.02344 0.99589
vn 0.09058 -0.00000 0.99589
vn 0.09058 -0.00000 0.99589
vn 0.08749 0.02344 0.99589
vn 0.08749 0.02344 0.99589
vn 0.07844 0.04529 0.99589
vn 0.07844 0.04529 0.99589
vn 0.06405 0.06405 0.99589
vn 0.06405 0.06405 0.99589
vn 0.04529 0.07844 0.99589
vn 0.04529 0.07844 0.99589
vn 0.02344 0.08749 0.99589
vn 0.02344 0.08749 0.99589
vn 0.00000 0.09058 0.99589
vn 0.00000 0.09058 0.99589
vn -0.00000 0.29116 0.95667
vn -0.00000 0.29116 0.95667
vn -0.07536 0.28124 0.95667
vn -0.07536 0.28124 0.95667
vn -0.14558 0.25215 0.95667
vn -0.14558 0.25215 0.95667
vn -0.20588 0.20588 0.95667
vn -0.20588 0.20588 0.95667
vn -0.25215 0.14558 0.95667
vn -0.25215 0.14558 0.95667
vn -0.28124 0.07536 0.95667
vn -0.28124 0.07536 0.95667
vn -0.29116 0.00000 0.95667
vn -0.29116 0.00000 0.95667
vn -0.28124 -0.07536 0.95667
vn -0.28124 -0.07536 0.95667
vn -0.25215 -0.14558 0.95667
vn -0.25215 -0.14558 0.95667
vn -0.20588 -0.20588 0.95667
vn -0.20588 -0.20588 0.95667
vn -0.14558 -0.25215 0.95667
vn -0.14558 -0.25215 0.95667
vn -0.07536 -0.28124 0.95667
vn -0.07536 -0.28124 0.95667
vn -0.00000 -0.29116 0.95667
vn -0.00000 -0.29116 0.95667
vn 0.07536 -0.28124 0.95667
vn 0.07536 -0.28124 0.95667
vn 0.14558 -0.25215 0.95667
vn 0.14558 -0.25215 0.95667
vn 0.20588 -0.20588 0.95667
vn 0.20588 -0.20588 0.95667
vn 0.25215 -0.14558 0.95667
vn 0.25215 -0.14558 0.95667
vn 0.28124 -0.07536 0.95667
vn 0.28124 -0.07536 0.95667
vn 0.29116 -0.00000 0.95667
vn 0.29116 -0.00000 0.95667
vn 0.28124 0.07536 0.95667
vn 0.28124 0.07536 0.95667
vn 0.25215 0.14558 0.95667
vn 0.25215 0.14558 0.95667
vn 0.20588 0.20588 0.95667
vn 0.20588 0.20588 0.95667
vn 0.14558 0.25215 0.95667
vn 0.14558 0.25215 0.95667
vn 0.07536 0.28124 0.95667
vn 0.07536 0.28124 0.95667
vn 0.00000 0.29116 0.95667
vn 0.00000 0.29116 0.95667
vn -0.00000 0.60745 0.79436
vn -0.00000 0.60745 0.79436
vn -0.15722 0.58675 0.79436
vn -0.15722 0.58675 0.79436
vn -0.30373 0.52607 0.79436
vn -0.30373 0.52607 0.79436
vn -0.42953 0.42953 0.79436
vn -0.42953 0.42953 0.79436
vn -0.52607 0.30373 0.79436
vn -0.52607 0.30373 0.79436
vn -0.58675 0.15722 0.79436
vn -0.58675 0.15722 0.79436
vn -0.60745 0.00000 0.79436
vn -0.60745 0.00000 0.79436
vn -0.58675 -0.15722 0.79436
vn -0.58675 -0.15722 0.79436
vn -0.52607 -0.30373 0.79436
vn -0.52607 -0.30373 0.79436
vn -0.42953 -0.42953 0.79436
vn -0.42953 -0.42953 0.79436
vn -0.30373 -0.52607 0.79436
vn -0.30373 -0.52607 0.79436
vn -0.15722 -0.58675 0.79436
vn -0.15722 -0.58675 0.79436
vn -0.00000 -0.60745 0.79436
vn -0.00000 -0.60745 0.79436
vn 0.15722 -0.58675 0.79436
vn 0.15722 -0.58675 0.79436
vn 0.30373 -0.52607 0.79436
vn 0.30373 -0.52607 0.79436
vn 0.42953 -0.42953 0.79436
vn 0.42953 -0.42953 0.79436
vn 0.52607 -0.30373 0.79436
vn 0.52607 -0.30373 0.79436
vn 0.58675 -0.15722 0.79436
vn 0.58675 -0.15722 0.79436
vn 0.60745 -0.00000 0.79436
vn 0.60745 -0.00000 0.79436
vn 0.58675 0.15722 0.79436
vn 0.58675 0.15722 0.79436
vn 0.52607 0.30373 0.79436
vn 0.52607 0.30373 0.79436
vn 0.42953 0.42953 0.79436
vn 0.42953 0.42953 0.79436
vn 0.30373 0.52607 0.79436
vn 0.30373 0.52607 0.79436
vn 0.15722 0.58675 0.79436
vn 0.15722 0.58675 0.79436
vn 0.00000 0.60745 0.79436
vn 0.00000 0.60745 0.79436
vn -0.00000 0.89443 0.44721
vn -0.00000 0.89443 0.44721
vn -0.23149 0.86395 0.44721
vn -0.23149 0.86395 0.44721
vn -0.44721 0.77460 0.44721
vn -0.44721 0.77460 0.44721
vn -0.63246 0.63246 0.44721
vn -0.63246 0.63246 0.44721
vn -0.77460 0.44721 0.44721
vn -0.77460 0.44721 0.44721
vn -0.86395 0.23149 0.44721
vn -0.86395 0.23149 0.44721
vn -0.89443 0.00000 0.44721
vn -0.89443 0.00000 0.44721
vn -0.86395 -0.23149 0.44721
vn -0.86395 -0.23149 0.44721
vn -0.77460 -0.44721 0.44721
vn -0.77460 -0.44721 0.44721
vn -0.63246 -0.63246 0.44721
vn -0.63246 -0.63246 0.44721
vn -0.44721 -0.77460 0.44721
vn -0.44721 -0.77460 0.44721
vn -0.23149 -0.86395 0.44721
vn -0.23149 -0.86395 0.44721
vn -0.00000 -0.89443 0.44721
vn -0.00000 -0.89443 0.44721
vn 0.23149 -0.86395 0.44721
vn 0.23149 -0.86395 0.44721
vn 0.44721 -0.77460 0.44721
vn 0.44721 -0.77460 0.44721
vn 0.63246 -0.63246 0.44721
vn 0.63246 -0.63246 0.44721
vn 0.77460 -0.44721 0.44721
vn 0.77460 -0.44721 0.44721
vn 0.86395 -0.23149 0.44721
vn 0.86395 -0.23149 0.44721
vn 0.89443 -0.00000 0.44721
vn 0.89443 -0.00000 0.44721
vn 0.86395 0.23149 0.44721
vn 0.86395 0.23149 0.44721
vn 0.77460 0.44721 0.44721
vn 0.77460 0.44721 0.44721
vn 0.63246 0.63246 0.44721
vn 0.63246 0.63246 0.44721
vn 0.44721 0.77460 0.44721
vn 0.44721 0.77460 0.44721
vn 0.23149 0.86395 0.44721
vn 0.23149 0.86395 0.44721
vn 0.00000 0.89443 0.44721
vn 0.00000 0.89443 0.44721
vn -0.00000 1.00000 0.00000
vn -0.00000 1.00000 0.00000
vn -0.25882 0.96593 0.00000
vn -0.25882 0.96593 0.00000
vn -0.50000 0.86603 0.00000
vn -0.50000 0.86603 0.00000
vn -0.70711 0.70711 0.00000
vn -0.70711 0.70711 0.00000
vn -0.86603 0.50000 0.00000
vn -0.86603 0.50000 0.00000
vn -0.96593 0.25882 0.00000
vn -0.96593 0.25882 0.00000
vn -1.00000 0.00000 0.00000
vn -1.00000 0.00000 0.00000
vn -0.96593 -0.25882 0.00000
vn -0.96593 -0.25882 0.00000
vn -0.86603 -0.50000 0.00000
vn -0.86603 -0.50000 0.00000
vn -0.70711 -0.70711 0.00000
vn -0.70711 -0.70711 0.00000
vn -0.50000 -0.86603 0.00000
vn -0.50000 -0.86603 0.00000
vn -0.25882 -0.96593 0.00000
vn -0.25882 -0.96593 0.00000
vn -0.00000 -1.00000 0.00000
vn -0.00000 -1.00000 0.00000
vn 0.25882 -0.96593 0.00000
vn 0.25882 -0.96593 0.00000
vn 0.50000 -0.86603 0.00000
vn 0.50000 -0.86603 0.00000
vn 0.70711 -0.70711 0.00000
vn 0.70711 -0.70711 0.00000
vn 0.86603 -0.50000 0.00000
vn 0.86603 -0.50000 0.00000
vn 0.96593 -0.25882 0.00000
vn 0.96593 -0.25882 0.00000
vn 1.00000 -0.00000 0.00000
vn 1.00000 -0.00000 0.00000
vn 0.96593 0.25882 0.00000
vn 0.96593 0.25882 0.00000
vn 0.86603 0.50000 0.00000
vn 0.86603 0.50000 0.00000
vn 0.70711 0.70711 0.00000
vn 0.70711 0.70711 0.00000
vn 0.50000 0.86603 0.00000
vn 0.50000 0.86603 0.00000
vn 0.25882 0.96593 0.00000
vn 0.25882 0.96593 0.00000
vn 0.00000 1.00000 0.00000
vn 0.00000 1.00000 0.00000
vn -0.00000 0.00000 1.00000
vn -0.00000 0.00000 1.00000
vn -0.00000 0.00000 1.00000
vn -0.00000 0.00000 1.00000
vn -0.00000 0.00000 1.00000
vn -0.00000 0.00000 1.00000
vn -0.00000 0.00000 1.00000
vn -0.00000 0.00000 1.00000
vn -0.00000 0.00000 1.00000
vn -0.00000 0.00000 1.00000
vn -0.00000 0.00000 1.00000
vn -0.00000 0.00000 1.00000
vn -0.00000 0.00000 1.00000
vn -0.00000 0.00000 1.00000
vn -0.00000 -0.00000 1.00000
vn -0.00000 -0.00000 1.00000
vn -0.00000 -0.00000 1.00000
vn -0.00000 -0.00000 1.00000
vn -0.00000 -0.00000 1.00000
vn -0.00000 -0.00000 1.00000
vn -0.00000 -0.00000 1.00000
vn -0.00000 -0.00000 1.00000
vn -0.00000 -0.00000 1.00000
vn -0.00000 -0.00000 1.00000
vn -0.00000 -0.00000 1.00000
vn -0.00000 -0.00000 1.00000
vn 0.00000 -0.00000 1.00000
vn 0.00000 -0.00000 1.00000
vn 0.00000 -0.00000 1.00000
vn 0.00000 -0.00000 1.00000
vn 0.00000 -0.00000 1.00000
vn 0.00000 -0.00000 1.00000
vn 0.00000 -0.00000 1.00000
vn 0.00000 -0.00000 1.00000
vn 0.00000 -0.00000 1.00000
vn 0.00000 -0.00000 1.00000
vn 0.00000 -0.00000 1.00000
vn 0.00000 -0.00000 1.00000
vn 0.00000 0.00000 1.00000
vn 0.00000 0.00000 1.00000
vn 0.00000 0.00000 1.00000
vn 0.00000 0.00000 1.00000
vn 0.00000 0.00000 1.00000
vn 0.00000 0.00000 1.00000
vn 0.00000 0.00000 1.00000
vn 0.00000 0.00000 1.00000
vn 0.00000 0.00000 1.00000
vn 0.00000 0.00000 1.00000
vn 0.00000 0.00000 1.00000
vn 0.00000 0.00000 1.00000
vn -0.00000 0.41380 0.91037
vn -0.00000 0.41380 0.91037
vn -0.10710 0.39970 0.91037
vn -0.10710 0.39970 0.91037
vn -0.20690 0.35836 0.91037
vn -0.20690 0.35836 0.91037
vn -0.29260 0.29260 0.91037
vn -0.29260 0.29260 0.91037
vn -0.35836 0.20690 0.91037
vn -0.35836 0.20690 0.91037
vn -0.39970 0.10710 0.91037
vn -0.39970 0.10710 0.91037
vn -0.41380 0.00000 0.91037
vn -0.41380 0.00000 0.91037
vn -0.39970 -0.10710 0.91037
vn -0.39970 -0.10710 0.91037
vn -0.35836 -0.20690 0.91037
vn -0.35836 -0.20690 0.91037
vn -0.29260 -0.29260 0.91037
vn -0.29260 -0.29260 0.91037
vn -0.20690 -0.35836 0.91037
vn -0.20690 -0.35836 0.91037
vn -0.10710 -0.39970 0.91037
vn -0.10710 -0.39970 0.91037
vn -0.00000 -0.41380 0.91037
vn -0.00000 -0.41380 0.91037
vn 0.10710 -0.39970 0.91037
vn 0.10710 -0.39970 0.91037
vn 0.20690 -0.35836 0.91037
vn 0.20690 -0.35836 0.91037
vn 0.29260 -0.29260 0.91037
vn 0.29260 -0.29260 0.91037
vn 0.35836 -0.20690 0.91037
vn 0.35836 -0.20690 0.91037
vn 0.39970 -0.10710 0.91037
vn 0.39970 -0.10710 0.91037
vn 0.41380 -0.00000 0.91037
vn 0.41380 -0.00000 0.91037
vn 0.39970 0.10710 0.91037
vn 0.39970 0.10710 0.91037
vn 0.35836 0.20690 0.91037
vn 0.35836 0.20690 0.91037
vn 0.29260 0.29260 0.91037
vn 0.29260 0.29260 0.91037
vn 0.20690 0.35836 0.91037
vn 0.20690 0.35836 0.91037
vn 0.10710 0.39970 0.91037
vn 0.10710 0.39970 0.91037
vn 0.00000 0.41380 0.91037
vn 0.00000 0.41380 0.91037
vn -0.00000 1.00000 0.00000
vn -0.00000 1.00000 0.00000
vn -0.25882 0.96593 0.00000
vn -0.25882 0.96593 0.00000
vn -0.50000 0.86603 0.00000
vn -0.50000 0.86603 0.00000
vn -0.70711 0.70711 0.00000
vn -0.70711 0.70711 0.00000
vn -0.86603 0.50000 0.00000
vn -0.86603 0.50000 0.00000
vn -0.96593 0.25882 0.00000
vn -0.96593 0.25882 0.00000
vn -1.00000 0.00000 0.00000
vn -1.00000 0.00000 0.00000
vn -0.96593 -0.25882 0.00000
vn -0.96593 -0.25882 0.00000
vn -0.86603 -0.50000 0.00000
vn -0.86603 -0.50000 0.00000
vn -0.70711 -0.70711 0.00000
vn -0.70711 -0.70711 0.00000
vn -0.50000 -0.86603 0.00000
vn -0.50000 -0.86603 0.00000
vn -0.25882 -0.96593 0.00000
vn -0.25882 -0.96593 0.00000
vn -0.00000 -1.00000 0.00000
vn -0.00000 -1.00000 0.00000
vn 0.25882 -0.96593 0.00000
vn 0.25882 -0.96593 0.00000
vn 0.50000 -0.86603 0.00000
vn 0.50000 -0.86603 0.00000
vn 0.70711 -0.70711 0.00000
vn 0.70711 -0.70711 0.00000
vn 0.86603 -0.50000 0.00000
vn 0.86603 -0.50000 0.00000
vn 0.96593 -0.25882 0.00000
vn 0.96593 -0.25882 0.00000
vn 1.00000 -0.00000 0.00000
vn 1.00000 -0.00000 0.00000
vn 0.96593 0.25882 0.00000
vn 0.96593 0.25882 0.00000
vn 0.86603 0.50000 0.00000
vn 0.86603 0.50000 0.00000
vn 0.70711 0.70711 0.00000
vn 0.70711 0.70711 0.00000
vn 0.50000 0.86603 0.00000
vn 0.50000 0.86603 0.00000
vn 0.25882 0.96593 0.00000
vn 0.25882 0.96593 0.00000
vn 0.00000 1.00000 0.00000
vn 0.00000 1.00000 0.00000
vn -0.00000 0.62470 -0.78087
vn -0.00000 0.62470 -0.78087
vn -0.16168 0.60341 -0.78087
vn -0.16168 0.60341 -0.78087
vn -0.31235 0.54100 -0.78087
vn -0.31235 0.54100 -0.78087
vn -0.44173 0.44173 -0.78087
vn -0.44173 0.44173 -0.78087
vn -0.54100 0.31235 -0.78087
vn -0.54100 0.31235 -0.78087
vn -0.60341 0.16168 -0.78087
vn -0.60341 0.16168 -0.78087
vn -0.62470 0.00000 -0.78087
vn -0.62470 0.00000 -0.78087
vn -0.60341 -0.16168 -0.78087
vn -0.60341 -0.16168 -0.78087
vn -0.54100 -0.31235 -0.78087
vn -0.54100 -0.31235 -0.78087
vn -0.44173 -0.44173 -0.78087
vn -0.44173 -0.44173 -0.78087
vn -0.31235 -0.54100 -0.78087
vn -0.31235 -0.54100 -0.78087
vn -0.16168 -0.60341 -0.78087
vn -0.16168 -0.60341 -0.78087
vn -0.00000 -0.62470 -0.78087
vn -0.00000 -0.62470 -0.78087
vn 0.16168 -0.60341 -0.78087
vn 0.16168 -0.60341 -0.78087
vn 0.31235 -0.54100 -0.78087
vn 0.31235 -0.54100 -0.78087
vn 0.44173 -0.44173 -0.78087
vn 0.44173 -0.44173 -0.78087
vn 0.54100 -0.31235 -0.78087
vn 0.54100 -0.31235 -0.78087
vn 0.60341 -0.16168 -0.78087
vn 0.60341 -0.16168 -0.78087
vn 0.62470 -0.00000 -0.78087
vn 0.62470 -0.00000 -0.78087
vn 0.60341 0.16168 -0.78087
vn 0.60341 0.16168 -0.78087
vn 0.54100 0.31235 -0.78087
vn 0.54100 0.31235 -0.78087
vn 0.44173 0.44173 -0.78087
vn 0.44173 0.44173 -0.78087
vn 0.31235 0.54100 -0.78087
vn 0.31235 0.54100 -0.78087
vn 0.16168 0.60341 -0.78087
vn 0.16168 0.60341 -0.78087
vn 0.00000 0.62470 -0.78087
vn 0.00000 0.62470 -0.78087
vn -0.00000 1.00000 0.00000
vn -0.00000 1.00000 0.00000
vn -0.25882 0.96593 0.00000
vn -0.25882 0.96593 0.00000
vn -0.50000 0.86603 0.00000
vn -0.50000 0.86603 0.00000
vn -0.70711 0.70711 0.00000
vn -0.70711 0.70711 0.00000
vn -0.86603 0.50000 0.00000
vn -0.86603 0.50000 0.00000
vn -0.96593 0.25882 0.00000
vn -0.96593 0.25882 0.00000
vn -1.00000 0.00000 0.00000
vn -1.00000 0.00000 0.00000
vn -0.96593 -0.25882 0.00000
vn -0.96593 -0.25882 0.00000
vn -0.86603 -0.50000 0.00000
vn -0.86603 -0.50000 0.00000
vn -0.70711 -0.70711 0.00000
vn -0.70711 -0.70711 0.00000
vn -0.50000 -0.86603 0.00000
vn -0.50000 -0.86603 0.00000
vn -0.25882 -0.96593 0.00000
vn -0.25882 -0.96593 0.00000
vn -0.00000 -1.00000 0.00000
vn -0.00000 -1.00000 0.00000
vn 0.25882 -0.96593 0.00000
vn 0.25882 -0.96593 0.00000
vn 0.50000 -0.86603 0.00000
vn 0.50000 -0.86603 0.00000
vn 0.70711 -0.70711 0.00000
vn 0.70711 -0.70711 0.00000
vn 0.86603 -0.50000 0.00000
vn 0.86603 -0.50000 0.00000
vn 0.96593 -0.25882 0.00000
vn 0.96593 -0.25882 0.00000
vn 1.00000 -0.00000 0.00000
vn 1.00000 -0.00000 0.00000
vn 0.96593 0.25882 0.00000
vn 0.96593 0.25882 0.00000
vn 0.86603 0.50000 0.00000
vn 0.86603 0.50000 0.00000
vn 0.70711 0.70711 0.00000
vn 0.70711 0.70711 0.00000
vn 0.50000 0.86603 0.00000
vn 0.50000 0.86603 0.00000
vn 0.25882 0.96593 0.00000
vn 0.25882 0.96593 0.00000
vn 0.00000 1.00000 0.00000
vn 0.00000 1.00000 0.00000
vn -0.00000 0.51450 -0.85749
vn -0.00000 0.51450 -0.85749
vn -0.13316 0.49696 -0.85749
vn -0.13316 0.49696 -0.85749
vn -0.25725 0.44557 -0.85749
vn -0.25725 0.44557 -0.85749
vn -0.36380 0.36380 -0.85749
vn -0.36380 0.36380 -0.85749
vn -0.44557 0.25725 -0.85749
vn -0.44557 0.25725 -0.85749
vn -0.49696 0.13316 -0.85749
vn -0.49696 0.13316 -0.85749
vn -0.51450 0.00000 -0.85749
vn -0.51450 0.00000 -0.85749
vn -0.49696 -0.13316 -0.85749
vn -0.49696 -0.13316 -0.85749
vn -0.44557 -0.25725 -0.85749
vn -0.44557 -0.25725 -0.85749
vn -0.36380 -0.36380 -0.85749
vn -0.36380 -0.36380 -0.85749
vn -0.25725 -0.44557 -0.85749
vn -0.25725 -0.44557 -0.85749
vn -0.13316 -0.49696 -0.85749
vn -0.13316 -0.49696 -0.85749
vn -0.00000 -0.51450 -0.85749
vn -0.00000 -0.51450 -0.85749
vn 0.13316 -0.49696 -0.85749
vn 0.13316 -0.49696 -0.85749
vn 0.25725 -0.44557 -0.85749
vn 0.25725 -0.44557 -0.85749
vn 0.36380 -0.36380 -0.85749
vn 0.36380 -0.36380 -0.85749
vn 0.44557 -0.25725 -0.85749
vn 0.44557 -0.25725 -0.85749
vn 0.49696 -0.13316 -0.85749
vn 0.49696 -0.13316 -0.85749
vn 0.51450 -0.00000 -0.85749
vn 0.51450 -0.00000 -0.85749
vn 0.49696 0.13316 -0.85749
vn 0.49696 0.13316 -0.85749
vn 0.44557 0.25725 -0.85749
vn 0.44557 0.25725 -0.85749
vn 0.36380 0.36380 -0.85749
vn 0.36380 0.36380 -0.85749
vn 0.25725 0.44557 -0.85749
vn 0.25725 0.44557 -0.85749
vn 0.13316 0.49696 -0.85749
vn 0.13316 0.49696 -0.85749
vn 0.00000 0.51450 -0.85749
vn 0.00000 0.51450 -0.85749
vn -0.00000 1.00000 0.00000
vn -0.00000 1.00000 0.00000
vn -0.25882 0.96593 0.00000
vn -0.25882 0.96593 0.00000
vn -0.50000 0.86603 0.00000
vn -0.50000 0.86603 0.00000
vn -0.70711 0.70711 0.00000
vn -0.70711 0.70711 0.00000
vn -0.86603 0.50000 0.00000
vn -0.86603 0.50000 0.00000
vn -0.96593 0.25882 0.00000
vn -0.96593 0.25882 0.00000
vn -1.00000 0.00000 0.00000
vn -1.00000 0.00000 0.00000
vn -0.96593 -0.25882 0.00000
vn -0.96593 -0.25882 0.00000
vn -0.86603 -0.50000 0.00000
vn -0.86603 -0.50000 0.00000
vn -0.70711 -0.70711 0.00000
vn -0.70711 -0.70711 0.00000
vn -0.50000 -0.86603 0.00000
vn -0.50000 -0.86603 0.00000
vn -0.25882 -0.96593 0.00000
vn -0.25882 -0.96593 0.00000
vn -0.00000 -1.00000 0.00000
vn -0.00000 -1.00000 0.00000
vn 0.25882 -0.96593 0.00000
vn 0.25882 -0.96593 0.00000
vn 0.50000 -0.86603 0.00000
vn 0.50000 -0.86603 0.00000
vn 0.70711 -0.70711 0.00000
vn 0.70711 -0.70711 0.00000
vn 0.86603 -0.50000 0.00000
vn 0.86603 -0.50000 0.00000
vn 0.96593 -0.25882 0.00000
vn 0.96593 -0.25882 0.00000
vn 1.00000 -0.00000 0.00000
vn 1.00000 -0.00000 0.00000
vn 0.96593 0.25882 0.00000
vn 0.96593 0.25882 0.00000
vn 0.86603 0.50000 0.00000
vn 0.86603 0.50000 0.00000
vn 0.70711 0.70711 0.00000
vn 0.70711 0.70711 0.00000
vn 0.50000 0.86603 0.00000
vn 0.50000 0.86603 0.00000
vn 0.25882 0.96593 0.00000
vn 0.25882 0.96593 0.00000
vn 0.00000 1.00000 0.00000
vn 0.00000 1.00000 0.00000
vn -0.00000 0.44721 0.89443
vn -0.00000 0.44721 0.89443
vn -0.11575 0.43198 0.89443
vn -0.11575 0.43198 0.89443
vn -0.22361 0.38730 0.89443
vn -0.22361 0.38730 0.89443
vn -0.31623 0.31623 0.89443
vn -0.31623 0.31623 0.89443
vn -0.38730 0.22361 0.89443
vn -0.38730 0.22361 0.89443
vn -0.43198 0.11575 0.89443
vn -0.43198 0.11575 0.89443
vn -0.44721 0.00000 0.89443
vn -0.44721 0.00000 0.89443
vn -0.43198 -0.11575 0.89443
vn -0.43198 -0.11575 0.89443
vn -0.38730 -0.22361 0.89443
vn -0.38730 -0.22361 0.89443
vn -0.31623 -0.31623 0.89443
vn -0.31623 -0.31623 0.89443
vn -0.22361 -0.38730 0.89443
vn -0.22361 -0.38730 0.89443
vn -0.11575 -0.43198 0.89443
vn -0.11575 -0.43198 0.89443
vn -0.00000 -0.44721 0.89443
vn -0.00000 -0.44721 0.89443
vn 0.11575 -0.43198 0.89443
vn 0.11575 -0.43198 0.89443
vn 0.22361 -0.38730 0.89443
vn 0.22361 -0.38730 0.89443
vn 0.31623 -0.31623 0.89443
vn 0.31623 -0.31623 0.89443
vn 0.38730 -0.22361 0.89443
vn 0.38730 -0.22361 0.89443
vn 0.43198 -0.11575 0.89443
vn 0.43198 -0.11575 0.89443
vn 0.44721 -0.00000 0.89443
vn 0.44721 -0.00000 0.89443
vn 0.43198 0.11575 0.89443
vn 0.43198 0.11575 0.89443
vn 0.38730 0.22361 0.89443
vn 0.38730 0.22361 0.89443
vn 0.31623 0.31623 0.89443
vn 0.31623 0.31623 0.89443
vn 0.22361 0.38730 0.89443
vn 0.22361 0.38730 0.89443
vn 0.11575 0.43198 0.89443
vn 0.11575 0.43198 0.89443
vn 0.00000 0.44721 0.89443
vn 0.00000 0.44721 0.89443
vn -0.00000 0.51450 0.85749
vn -0.00000 0.51450 0.85749
vn -0.13316 0.49696 0.85749
vn -0.13316 0.49696 0.85749
vn -0.25725 0.44557 0.85749
vn -0.25725 0.44557 0.85749
vn -0.36380 0.36380 0.85749
vn -0.36380 0.36380 0.85749
vn -0.44557 0.25725 0.85749
vn -0.44557 0.25725 0.85749
vn -0.49696 0.13316 0.85749
vn -0.49696 0.13316 0.85749
vn -0.51450 0.00000 0.85749
vn -0.51450 0.00000 0.85749
vn -0.49696 -0.13316 0.85749
vn -0.49696 -0.13316 0.85749
vn -0.44557 -0.25725 0.85749
vn -0.44557 -0.25725 0.85749
vn -0.36380 -0.36380 0.85749
vn -0.36380 -0.36380 0.85749
vn -0.25725 -0.44557 0.85749
vn -0.25725 -0.44557 0.85749
vn -0.13316 -0.49696 0.85749
vn -0.13316 -0.49696 0.85749
vn -0.00000 -0.51450 0.85749
vn -0.00000 -0.51450 0.85749
vn 0.13316 -0.49696 0.85749
vn 0.13316 -0.49696 0.85749
vn 0.25725 -0.44557 0.85749
vn 0.25725 -0.44557 0.85749
vn 0.36380 -0.36380 0.85749
vn 0.36380 -0.36380 0.85749
vn 0.44557 -0.25725 0.85749
vn 0.44557 -0.25725 0.85749
vn 0.49696 -0.13316 0.85749
vn 0.49696 -0.13316 0.85749
vn 0.51450 -0.00000 0.85749
vn 0.51450 -0.00000 0.85749
vn 0.49696 0.13316 0.85749
vn 0.49696 0.13316 0.85749
vn 0.44557 0.25725 0.85749
vn 0.44557 0.25725 0.85749
vn 0.36380 0.36380 0.85749
vn 0.36380 0.36380 0.85749
vn 0.25725 0.44557 0.85749
vn 0.25725 0.44557 0.85749
vn 0.13316 0.49696 0.85749
vn 0.13316 0.49696 0.85749
vn 0.00000 0.51450 0.85749
vn 0.00000 0.51450 0.85749
vn -0.00000 1.00000 0.00000
vn -0.00000 1.00000 0.00000
vn -0.25882 0.96593 0.00000
vn -0.25882 0.96593 0.00000
vn -0.50000 0.86603 0.00000
vn -0.50000 0.86603 0.00000
vn -0.70711 0.70711 0.00000
vn -0.70711 0.70711 0.00000
vn -0.86603 0.50000 0.00000
vn -0.86603 0.50000 0.00000
vn -0.96593 0.25882 0.00000
vn -0.96593 0.25882 0.00000
vn -1.00000 0.00000 0.00000
vn -1.00000 0.00000 0.00000
vn -0.96593 -0.25882 0.00000
vn -0.96593 -0.25882 0.00000
vn -0.86603 -0.50000 0.00000
vn -0.86603 -0.50000 0.00000
vn -0.70711 -0.70711 0.00000
vn -0.70711 -0.70711 0.00000
vn -0.50000 -0.86603 0.00000
vn -0.50000 -0.86603 0.00000
vn -0.25882 -0.96593 0.00000
vn -0.25882 -0.96593 0.00000
vn -0.00000 -1.00000 0.00000
vn -0.00000 -1.00000 0.00000
vn 0.25882 -0.96593 0.00000
vn 0.25882 -0.96593 0.00000
vn 0.50000 -0.86603 0.00000
vn 0.50000 -0.86603 0.00000
vn 0.70711 -0.70711 0.00000
vn 0.70711 -0.70711 0.00000
vn 0.86603 -0.50000 0.00000
vn 0.86603 -0.50000 0.00000
vn 0.96593 -0.25882 0.00000
vn 0.96593 -0.25882 0.00000
vn 1.00000 -0.00000 0.00000
vn 1.00000 -0.00000 0.00000
vn 0.96593 0.25882 0.00000
vn 0.96593 0.25882 0.00000
vn 0.86603 0.50000 0.00000
vn 0.86603 0.50000 0.00000
vn 0.70711 0.70711 0.00000
vn 0.70711 0.70711 0.00000
vn 0.50000 0.86603 0.00000
vn 0.50000 0.86603 0.00000
vn 0.25882 0.96593 0.00000
vn 0.25882 0.96593 0.00000
vn 0.00000 1.00000 0.00000
vn 0.00000 1.00000 0.00000
vn -0.00000 0.47885 0.87790
vn -0.00000 0.47885 0.87790
vn -0.12394 0.46254 0.87790
vn -0.12394 0.46254 0.87790
vn -0.23943 0.41470 0.87790
vn -0.23943 0.41470 0.87790
vn -0.33860 0.33860 0.87790
vn -0.33860 0.33860 0.87790
vn -0.41470 0.23943 0.87790
vn -0.41470 0.23943 0.87790
vn -0.46254 0.12394 0.87790
vn -0.46254 0.12394 0.87790
vn -0.47885 0.00000 0.87790
vn -0.47885 0.00000 0.87790
vn -0.46254 -0.12394 0.87790
vn -0.46254 -0.12394 0.87790
vn -0.41470 -0.23943 0.87790
vn -0.41470 -0.23943 0.87790
vn -0.33860 -0.33860 0.87790
vn -0.33860 -0.33860 0.87790
vn -0.23943 -0.41470 0.87790
vn -0.23943 -0.41470 0.87790
vn -0.12394 -0.46254 0.87790
vn -0.12394 -0.46254 0.87790
vn -0.00000 -0.47885 0.87790
vn -0.00000 -0.47885 0.87790
vn 0.12394 -0.46254 0.87790
vn 0.12394 -0.46254 0.87790
vn 0.23943 -0.41470 0.87790
vn 0.23943 -0.41470 0.87790
vn 0.33860 -0.33860 0.87790
vn 0.33860 -0.33860 0.87790
vn 0.41470 -0.23943 0.87790
vn 0.41470 -0.23943 0.87790
vn 0.46254 -0.12394 0.87790
vn 0.46254 -0.12394 0.87790
vn 0.47885 -0.00000 0.87790
vn 0.47885 -0.00000 0.87790
vn 0.46254 0.12394 0.87790
vn 0.46254 0.12394 0.87790
vn 0.41470 0.23943 0.87790
vn 0.41470 0.23943 0.87790
vn 0.33860 0.33860 0.87790
vn 0.33860 0.33860 0.87790
vn 0.23943 0.41470 0.87790
vn 0.23943 0.41470 0.87790
vn 0.12394 0.46254 0.87790
vn 0.12394 0.46254 0.87790
vn 0.00000 0.47885 0.87790
vn 0.00000 0.47885 0.87790
vn -0.00000 1.00000 0.00000
vn -0.00000 1.00000 0.00000
vn -0.25882 0.96593 0.00000
vn -0.25882 0.96593 0.00000
vn -0.50000 0.86603 0.00000
vn -0.50000 0.86603 0.00000
vn -0.70711 0.70711 0.00000
vn -0.70711 0.70711 0.00000
vn -0.86603 0.50000 0.00000
vn -0.86603 0.50000 0.00000
vn -0.96593 0.25882 0.00000
vn -0.96593 0.25882 0.00000
vn -1.00000 0.00000 0.00000
vn -1.00000 0.00000 0.00000
vn -0.96593 -0.25882 0.00000
vn -0.96593 -0.25882 0.00000
vn -0.86603 -0.50000 0.00000
vn -0.86603 -0.50000 0.00000
vn -0.70711 -0.70711 0.00000
vn -0.70711 -0.70711 0.00000
vn -0.50000 -0.86603 0.00000
vn -0.50000 -0.86603 0.00000
vn -0.25882 -0.96593 0.00000
vn -0.25882 -0.96593 0.00000
vn -0.00000 -1.00000 0.00000
vn -0.00000 -1.00000 0.00000
vn 0.25882 -0.96593 0.00000
vn 0.25882 -0.96593 0.00000
vn 0.50000 -0.86603 0.00000
vn 0.50000 -0.86603 0.00000
vn 0.70711 -0.70711 0.00000
vn 0.70711 -0.70711 0.00000
vn 0.86603 -0.50000 0.00000
vn 0.86603 -0.50000 0.00000
vn 0.96593 -0.25882 0.00000
vn 0.96593 -0.25882 0.00000
vn 1.00000 -0.00000 0.00000
vn 1.00000 -0.00000 0.00000
vn 0.96593 0.25882 0.00000
vn 0.96593 0.25882 0.00000
vn 0.86603 0.50000 0.00000
vn 0.86603 0.50000 0.00000
vn 0.70711 0.70711 0.00000
vn 0.70711 0.70711 0.00000
vn 0.50000 0.86603 0.00000
vn 0.50000 0.86603 0.00000
vn 0.25882 0.96593 0.00000
vn 0.25882 0.96593 0.00000
vn 0.00000 1.00000 0.00000
vn 0.00000 1.00000 0.00000
vn -0.00000 0.47885 -0.87790
vn -0.00000 0.47885 -0.87790
vn -0.12394 0.46254 -0.87790
vn -0.12394 0.46254 -0.87790
vn -0.23943 0.41470 -0.87790
vn -0.23943 0.41470 -0.87790
vn -0.33860 0.33860 -0.87790
vn -0.33860 0.33860 -0.87790
vn -0.41470 0.23943 -0.87790
vn -0.41470 0.23943 -0.87790
vn -0.46254 0.12394 -0.87790
vn -0.46254 0.12394 -0.87790
vn -0.47885 0.00000 -0.87790
vn -0.47885 0.00000 -0.87790
vn -0.46254 -0.12394 -0.87790
vn -0.46254 -0.12394 -0.87790
vn -0.41470 -0.23943 -0.87790
vn -0.41470 -0.23943 -0.87790
vn -0.33860 -0.33860 -0.87790
vn -0.33860 -0.33860 -0.87790
vn -0.23943 -0.41470 -0.87790
vn -0.23943 -0.41470 -0.87790
vn -0.12394 -0.46254 -0.87790
vn -0.12394 -0.46254 -0.87790
vn -0.00000 -0.47885 -0.87790
vn -0.00000 -0.47885 -0.87790
vn 0.12394 -0.46254 -0.87790
vn 0.12394 -0.46254 -0.87790
vn 0.23943 -0.41470 -0.87790
vn 0.23943 -0.41470 -0.87790
vn 0.33860 -0.33860 -0.87790
vn 0.33860 -0.33860 -0.87790
vn 0.41470 -0.23943 -0.87790
vn 0.41470 -0.23943 -0.87790
vn 0.46254 -0.12394 -0.87790
vn 0.46254 -0.12394 -0.87790
vn 0.47885 -0.00000 -0.87790
vn 0.47885 -0.00000 -0.87790
vn 0.46254 0.12394 -0.87790
vn 0.46254 0.12394 -0.87790
vn 0.41470 0.23943 -0.87790
vn 0.41470 0.23943 -0.87790
vn 0.33860 0.33860 -0.87790
vn 0.33860 0.33860 -0.87790
vn 0.23943 0.41470 -0.87790
vn 0.23943 0.41470 -0.87790
vn 0.12394 0.46254 -0.87790
vn 0.12394 0.46254 -0.87790
vn 0.00000 0.47885 -0.87790
vn 0.00000 0.47885 -0.87790
vn -0.00000 1.00000 0.00000
vn -0.00000 1.00000 0.00000
vn -0.25882 0.96593 0.00000
vn -0.25882 0.96593 0.00000
vn -0.50000 0.86603 0.00000
vn -0.50000 0.86603 0.00000
vn -0.70711 0.70711 0.00000
vn -0.70711 0.70711 0.00000
vn -0.86603 0.50000 0.00000
vn -0.86603 0.50000 0.00000
vn -0.96593 0.25882 0.00000
vn -0.96593 0.25882 0.00000
vn -1.00000 0.00000 0.00000
vn -1.00000 0.00000 0.00000
vn -0.96593 -0.25882 0.00000
vn -0.96593 -0.25882 0.00000
vn -0.86603 -0.50000 0.00000
vn -0.86603 -0.50000 0.00000
vn -0.70711 -0.70711 0.00000
vn -0.70711 -0.70711 0.00000
vn -0.50000 -0.86603 0.00000
vn -0.50000 -0.86603 0.00000
vn -0.25882 -0.96593 0.00000
vn -0.25882 -0.96593 0.00000
vn -0.00000 -1.00000 0.00000
vn -0.00000 -1.00000 0.00000
vn 0.25882 -0.96593 0.00000
vn 0.25882 -0.96593 0.00000
vn 0.50000 -0.86603 0.00000
vn 0.50000 -0.86603 0.00000
vn 0.70711 -0.70711 0.00000
vn 0.70711 -0.70711 0.00000
vn 0.86603 -0.50000 0.00000
vn 0.86603 -0.50000 0.00000
vn 0.96593 -0.25882 0.00000
vn 0.96593 -0.25882 0.00000
vn 1.00000 -0.00000 0.00000
vn 1.00000 -0.00000 0.00000
vn 0.96593 0.25882 0.00000
vn 0.96593 0.25882 0.00000
vn 0.86603 0.50000 0.00000
vn 0.86603 0.50000 0.00000
vn 0.70711 0.70711 0.00000
vn 0.70711 0.70711 0.00000
vn 0.50000 0.86603 0.00000
vn 0.50000 0.86603 0.00000
vn 0.25882 0.96593 0.00000
vn 0.25882 0.96593 0.00000
vn 0.00000 1.00000 0.00000
vn 0.00000 1.00000 0.00000
vn -0.00000 0.47885 0.87790
vn -0.00000 0.47885 0.87790
vn -0.12394 0.46254 0.87790
vn -0.12394 0.46254 0.87790
vn -0.23943 0.41470 0.87790
vn -0.23943 0.41470 0.87790
vn -0.33860 0.33860 0.87790
vn -0.33860 0.33860 0.87790
vn -0.41470 0.23943 0.87790
vn -0.41470 0.23943 0.87790
vn -0.46254 0.12394 0.87790
vn -0.46254 0.12394 0.87790
vn -0.47885 0.00000 0.87790
vn -0.47885 0.00000 0.87790
vn -0.46254 -0.12394 0.87790
vn -0.46254 -0.12394 0.87790
vn -0.41470 -0.23943 0.87790
vn -0.41470 -0.23943 0.87790
vn -0.33860 -0.33860 0.87790
vn -0.33860 -0.33860 0.87790
vn -0.23943 -0.41470 0.87790
vn -0.23943 -0.41470 0.87790
vn -0.12394 -0.46254 0.87790
vn -0.12394 -0.46254 0.87790
vn -0.00000 -0.47885 0.87790
vn -0.00000 -0.47885 0.87790
vn 0.12394 -0.46254 0.87790
vn 0.12394 -0.46254 0.87790
vn 0.23943 -0.41470 0.87790
vn 0.23943 -0.41470 0.87790
vn 0.33860 -0.33860 0.87790
vn 0.33860 -0.33860 0.87790
vn 0.41470 -0.23943 0.87790
vn 0.41470 -0.23943 0.87790
vn 0.46254 -0.12394 0.87790
vn 0.46254 -0.12394 0.87790
vn 0.47885 -0.00000 0.87790
vn 0.47885 -0.00000 0.87790
vn 0.46254 0.12394 0.87790
vn 0.46254 0.12394 0.87790
vn 0.41470 0.23943 0.87790
vn 0.41470 0.23943 0.87790
vn 0.33860 0.33860 0.87790
vn 0.33860 0.33860 0.87790
vn 0.23943 0.41470 0.87790
vn 0.23943 0.41470 0.87790
vn 0.12394 0.46254 0.87790
vn 0.12394 0.46254 0.87790
vn 0.00000 0.47885 0.87790
vn 0.00000 0.47885 0.87790
vn -0.00000 1.00000 0.00000
vn -0.00000 1.00000 0.00000
vn -0.25882 0.96593 0.00000
vn -0.25882 0.96593 0.00000
vn -0.50000 0.86603 0.00000
vn -0.50000 0.86603 0.00000
vn -0.70711 0.70711 0.00000
vn -0.70711 0.70711 0.00000
vn -0.86603 0.50000 0.00000
vn -0.86603 0.50000 0.00000
vn -0.96593 0.25882 0.00000
vn -0.96593 0.25882 0.00000
vn -1.00000 0.00000 0.00000
vn -1.00000 0.00000 0.00000
vn -0.96593 -0.25882 0.00000
vn -0.96593 -0.25882 0.00000
vn -0.86603 -0.50000 0.00000
vn -0.86603 -0.50000 0.00000
vn -0.70711 -0.70711 0.00000
vn -0.70711 -0.70711 0.00000
vn -0.50000 -0.86603 0.00000
vn -0.50000 -0.86603 0.00000
vn -0.25882 -0.96593 0.00000
vn -0.25882 -0.96593 0.00000
vn -0.00000 -1.00000 0.00000
vn -0.00000 -1.00000 0.00000
vn 0.25882 -0.96593 0.00000
vn 0.25882 -0.96593 0.00000
vn 0.50000 -0.86603 0.00000
vn 0.50000 -0.86603 0.00000
vn 0.70711 -0.70711 0.00000
vn 0.70711 -0.70711 0.00000
vn 0.86603 -0.50000 0.00000
vn 0.86603 -0.50000 0.00000
vn 0.96593 -0.25882 0.00000
vn 0.96593 -0.25882 0.00000
vn 1.00000 -0.00000 0.00000
vn 1.00000 -0.00000 0.00000
vn 0.96593 0.25882 0.00000
vn 0.96593 0.25882 0.00000
vn 0.86603 0.50000 0.00000
vn 0.86603 0.50000 0.00000
vn 0.70711 0.70711 0.00000
vn 0.70711 0.70711 0.00000
vn 0.50000 0.86603 0.00000
vn 0.50000 0.86603 0.00000
vn 0.25882 0.96593 0.00000
vn 0.25882 0.96593 0.00000
vn 0.00000 1.00000 0.00000
vn 0.00000 1.00000 0.00000
vn -0.00000 0.47885 -0.87790
vn -0.00000 0.47885 -0.87790
vn -0.12394 0.46254 -0.87790
vn -0.12394 0.46254 -0.87790
vn -0.23943 0.41470 -0.87790
vn -0.23943 0.41470 -0.87790
vn -0.33860 0.33860 -0.87790
vn -0.33860 0.33860 -0.87790
vn -0.41470 0.23943 -0.87790
vn -0.41470 0.23943 -0.87790
vn -0.46254 0.12394 -0.87790
vn -0.46254 0.12394 -0.87790
vn -0.47885 0.00000 -0.87790
vn -0.47885 0.00000 -0.87790
vn -0.46254 -0.12394 -0.87790
vn -0.46254 -0.12394 -0.87790
vn -0.41470 -0.23943 -0.87790
vn -0.41470 -0.23943 -0.87790
vn -0.33860 -0.33860 -0.87790
vn -0.33860 -0.33860 -0.87790
vn -0.23943 -0.41470 -0.87790
vn -0.23943 -0.41470 -0.87790
vn -0.12394 -0.46254 -0.87790
vn -0.12394 -0.46254 -0.87790
vn -0.00000 -0.47885 -0.87790
vn -0.00000 -0.47885 -0.87790
vn 0.12394 -0.46254 -0.87790
vn 0.12394 -0.46254 -0.87790
vn 0.23943 -0.41470 -0.87790
vn 0.23943 -0.41470 -0.87790
vn 0.33860 -0.33860 -0.87790
vn 0.33860 -0.33860 -0.87790
vn 0.41470 -0.23943 -0.87790
vn 0.41470 -0.23943 -0.87790
vn 0.46254 -0.12394 -0.87790
vn 0.46254 -0.12394 -0.87790
vn 0.47885 -0.00000 -0.87790
vn 0.47885 -0.00000 -0.87790
vn 0.46254 0.12394 -0.87790
vn 0.46254 0.12394 -0.87790
vn 0.41470 0.23943 -0.87790
vn 0.41470 0.23943 -0.87790
vn 0.33860 0.33860 -0.87790
vn 0.33860 0.33860 -0.87790
vn 0.23943 0.41470 -0.87790
vn 0.23943 0.41470 -0.87790
vn 0.12394 0.46254 -0.87790
vn 0.12394 0.46254 -0.87790
vn 0.00000 0.47885 -0.87790
vn 0.00000 0.47885 -0.87790
vn -0.00000 1.00000 0.00000
vn -0.00000 1.00000 0.00000
vn -0.25882 0.96593 0.00000
vn -0.25882 0.96593 0.00000
vn -0.50000 0.86603 0.00000
vn -0.50000 0.86603 0.00000
vn -0.70711 0.70711 0.00000
vn -0.70711 0.70711 0.00000
vn -0.86603 0.50000 0.00000
vn -0.86603 0.50000 0.00000
vn -0.96593 0.25882 0.00000
vn -0.96593 0.25882 0.00000
vn -1.00000 0.00000 0.00000
vn -1.00000 0.00000 0.00000
vn -0.96593 -0.25882 0.00000
vn -0.96593 -0.25882 0.00000
vn -0.86603 -0.50000 0.00000
vn -0.86603 -0.50000 0.00000
vn -0.70711 -0.70711 0.00000
vn -0.70711 -0.70711 0.00000
vn -0.50000 -0.86603 0.00000
vn -0.50000 -0.86603 0.00000
vn -0.25882 -0.96593 0.00000
vn -0.25882 -0.96593 0.00000
vn -0.00000 -1.00000 0.00000
vn -0.00000 -1.00000 0.00000
vn 0.25882 -0.96593 0.00000
vn 0.25882 -0.96593 0.00000
vn 0.50000 -0.86603 0.00000
vn 0.50000 -0.86603 0.00000
vn 0.70711 -0.70711 0.00000
vn 0.70711 -0.70711 0.00000
vn 0.86603 -0.50000 0.00000
vn 0.86603 -0.50000 0.00000
vn 0.96593 -0.25882 0.00000
vn 0.96593 -0.25882 0.00000
vn 1.00000 -0.00000 0.00000
vn 1.00000 -0.00000 0.00000
vn 0.96593 0.25882 0.00000
vn 0.96593 0.25882 0.00000
vn 0.86603 0.50000 0.00000
vn 0.86603 0.50000 0.00000
vn 0.70711 0.70711 0.00000
vn 0.70711 0.70711 0.00000
vn 0.50000 0.86603 0.00000
vn 0.50000 0.86603 0.00000
vn 0.25882 0.96593 0.00000
vn 0.25882 0.96593 0.00000
vn 0.00000 1.00000 0.00000
vn 0.00000 1.00000 0.00000
vn -0.00000 0.47885 0.87790
vn -0.00000 0.47885 0.87790
vn -0.12394 0.46254 0.87790
vn -0.12394 0.46254 0.87790
vn -0.23943 0.41470 0.87790
vn -0.23943 0.41470 0.87790
vn -0.33860 0.33860 0.87790
vn -0.33860 0.33860 0.87790
vn -0.41470 0.23943 0.87790
vn -0.41470 0.23943 0.87790
vn -0.46254 0.12394 0.87790
vn -0.46254 0.12394 0.87790
vn -0.47885 0.00000 0.87790
vn -0.47885 0.00000 0.87790
vn -0.46254 -0.12394 0.87790
vn -0.46254 -0.12394 0.87790
vn -0.41470 -0.23943 0.87790
vn -0.41470 -0.23943 0.87790
vn -0.33860 -0.33860 0.87790
vn -0.33860 -0.33860 0.87790
vn -0.23943 -0.41470 0.87790
vn -0.23943 -0.41470 0.87790
vn -0.12394 -0.46254 0.87790
vn -0.12394 -0.46254 0.87790
vn -0.00000 -0.47885 0.87790
vn -0.00000 -0.47885 0.87790
vn 0.12394 -0.46254 0.87790
vn 0.12394 -0.46254 0.87790
vn 0.23943 -0.41470 0.87790
vn 0.23943 -0.41470 0.87790
vn 0.33860 -0.33860 0.87790
vn 0.33860 -0.33860 0.87790
vn 0.41470 -0.23943 0.87790
vn 0.41470 -0.23943 0.87790
vn 0.46254 -0.12394 0.87790
vn 0.46254 -0.12394 0.87790
vn 0.47885 -0.00000 0.87790
vn 0.47885 -0.00000 0.87790
vn 0.46254 0.12394 0.87790
vn 0.46254 0.12394 0.87790
vn 0.41470 0.23943 0.87790
vn 0.41470 0.23943 0.87790
vn 0.33860 0.33860 0.87790
vn 0.33860 0.33860 0.87790
vn 0.23943 0.41470 0.87790
vn 0.23943 0.41470 0.87790
vn 0.12394 0.46254 0.87790
vn 0.12394 0.46254 0.87790
vn 0.00000 0.47885 0.87790
vn 0.00000 0.47885 0.87790
vn -0.00000 1.00000 0.00000
vn -0.00000 1.00000 0.00000
vn -0.25882 0.96593 0.00000
vn -0.25882 0.96593 0.00000
vn -0.50000 0.86603 0.00000
vn -0.50000 0.86603 0.00000
vn -0.70711 0.70711 0.00000
vn -0.70711 0.70711 0.00000
vn -0.86603 0.50000 0.00000
vn -0.86603 0.50000 0.00000
vn -0.96593 0.25882 0.00000
vn -0.96593 0.25882 0.00000
vn -1.00000 0.00000 0.00000
vn -1.00000 0.00000 0.00000
vn -0.96593 -0.25882 0.00000
vn -0.96593 -0.25882 0.00000
vn -0.86603 -0.50000 0.00000
vn -0.86603 -0.50000 0.00000
vn -0.70711 -0.70711 0.00000
vn -0.70711 -0.70711 0.00000
vn -0.50000 -0.86603 0.00000
vn -0.50000 -0.86603 0.00000
vn -0.25882 -0.96593 0.00000
vn -0.25882 -0.96593 0.00000
vn -0.00000 -1.00000 0.00000
vn -0.00000 -1.00000 0.00000
vn 0.25882 -0.96593 0.00000
vn 0.25882 -0.96593 0.00000
vn 0.50000 -0.86603 0.00000
vn 0.50000 -0.86603 0.00000
vn 0.70711 -0.70711 0.00000
vn 0.70711 -0.70711 0.00000
vn 0.86603 -0.50000 0.00000
vn 0.86603 -0.50000 0.00000
vn 0.96593 -0.25882 0.00000
vn 0.96593 -0.25882 0.00000
vn 1.00000 -0.00000 0.00000
vn 1.00000 -0.00000 0.00000
vn 0.96593 0.25882 0.00000
vn 0.96593 0.25882 0.00000
vn 0.86603 0.50000 0.00000
vn 0.86603 0.50000 0.00000
vn 0.70711 0.70711 0.00000
vn 0.70711 0.70711 0.00000
vn 0.50000 0.86603 0.00000
vn 0.50000 0.86603 0.00000
vn 0.25882 0.96593 0.00000
vn 0.25882 0.96593 0.00000
vn 0.00000 1.00000 0.00000
vn 0.00000 1.00000 0.00000
vn -0.00000 0.47885 -0.87790
vn -0.00000 0.47885 -0.87790
vn -0.12394 0.46254 -0.87790
vn -0.12394 0.46254 -0.87790
vn -0.23943 0.41470 -0.87790
vn -0.23943 0.41470 -0.87790
vn -0.33860 0.33860 -0.87790
vn -0.33860 0.33860 -0.87790
vn -0.41470 0.23943 -0.87790
vn -0.41470 0.23943 -0.87790
vn -0.46254 0.12394 -0.87790
vn -0.46254 0.12394 -0.87790
vn -0.47885 0.00000 -0.87790
vn -0.47885 0.00000 -0.87790
vn -0.46254 -0.12394 -0.87790
vn -0.46254 -0.12394 -0.87790
vn -0.41470 -0.23943 -0.87790
vn -0.41470 -0.23943 -0.87790
vn -0.33860 -0.33860 -0.87790
vn -0.33860 -0.33860 -0.87790
vn -0.23943 -0.41470 -0.87790
vn -0.23943 -0.41470 -0.87790
vn -0.12394 -0.46254 -0.87790
vn -0.12394 -0.46254 -0.87790
vn -0.00000 -0.47885 -0.87790
vn -0.00000 -0.47885 -0.87790
vn 0.12394 -0.46254 -0.87790
vn 0.12394 -0.46254 -0.87790
vn 0.23943 -0.41470 -0.87790
vn 0.23943 -0.41470 -0.87790
vn 0.33860 -0.33860 -0.87790
vn 0.33860 -0.33860 -0.87790
vn 0.41470 -0.23943 -0.87790
vn 0.41470 -0.23943 -0.87790
vn 0.46254 -0.12394 -0.87790
vn 0.46254 -0.12394 -0.87790
vn 0.47885 -0.00000 -0.87790
vn 0.47885 -0.00000 -0.87790
vn 0.46254 0.12394 -0.87790
vn 0.46254 0.12394 -0.87790
vn 0.41470 0.23943 -0.87790
vn 0.41470 0.23943 -0.87790
vn 0.33860 0.33860 -0.87790
vn 0.33860 0.33860 -0.87790
vn 0.23943 0.41470 -0.87790
vn 0.23943 0.41470 -0.87790
vn 0.12394 0.46254 -0.87790
vn 0.12394 0.46254 -0.87790
vn 0.00000 0.47885 -0.87790
vn 0.00000 0.47885 -0.87790
vn -0.00000 1.00000 0.00000
vn -0.00000 1.00000 0.00000
vn -0.25882 0.96593 0.00000
vn -0.25882 0.96593 0.00000
vn -0.50000 0.86603 0.00000
vn -0.50000 0.86603 0.00000
vn -0.70711 0.70711 0.00000
vn -0.70711 0.70711 0.00000
vn -0.86603 0.50000 0.00000
vn -0.86603 0.50000 0.00000
vn -0.96593 0.25882 0.00000
vn -0.96593 0.25882 0.00000
vn -1.00000 0.00000 0.00000
vn -1.00000 0.00000 0.00000
vn -0.96593 -0.25882 0.00000
vn -0.96593 -0.25882 0.00000
vn -0.86603 -0.50000 0.00000
vn -0.86603 -0.50000 0.00000
vn -0.70711 -0.70711 0.00000
vn -0.70711 -0.70711 0.00000
vn -0.50000 -0.86603 0.00000
vn -0.50000 -0.86603 0.00000
vn -0.25882 -0.96593 0.00000
vn -0.25882 -0.96593 0.00000
vn -0.00000 -1.00000 0.00000
vn -0.00000 -1.00000 0.00000
vn 0.25882 -0.96593 0.00000
vn 0.25882 -0.96593 0.00000
vn 0.50000 -0.86603 0.00000
vn 0.50000 -0.86603 0.00000
vn 0.70711 -0.70711 0.00000
vn 0.70711 -0.70711 0.00000
vn 0.86603 -0.50000 0.00000
vn 0.86603 -0.50000 0.00000
vn 0.96593 -0.25882 0.00000
vn 0.96593 -0.25882 0.00000
vn 1.00000 -0.00000 0.00000
vn 1.00000 -0.00000 0.00000
vn 0.96593 0.25882 0.00000
vn 0.96593 0.25882 0.00000
vn 0.86603 0.50000 0.00000
vn 0.86603 0.50000 0.00000
vn 0.70711 0.70711 0.00000
vn 0.70711 0.70711 0.00000
vn 0.50000 0.86603 0.00000
vn 0.50000 0.86603 0.00000
vn 0.25882 0.96593 0.00000
vn 0.25882 0.96593 0.00000
vn 0.00000 1.00000 0.00000
vn 0.00000 1.00000 0.00000
vn -0.00000 0.93979 0.34174
vn -0.00000 0.93979 0.34174
vn -0.24324 0.90777 0.34174
vn -0.24324 0.90777 0.34174
vn -0.46990 0.81388 0.34174
vn -0.46990 0.81388 0.34174
vn -0.66453 0.66453 0.34174
vn -0.66453 0.66453 0.34174
vn -0.81388 0.46990 0.34174
vn -0.81388 0.46990 0.34174
vn -0.90777 0.24324 0.34174
vn -0.90777 0.24324 0.34174
vn -0.93979 0.00000 0.34174
vn -0.93979 0.00000 0.34174
vn -0.90777 -0.24324 0.34174
vn -0.90777 -0.24324 0.34174
vn -0.81388 -0.46990 0.34174
vn -0.81388 -0.46990 0.34174
vn -0.66453 -0.66453 0.34174
vn -0.66453 -0.66453 0.34174
vn -0.46990 -0.81388 0.34174
vn -0.46990 -0.81388 0.34174
vn -0.24324 -0.90777 0.34174
vn -0.24324 -0.90777 0.34174
vn -0.00000 -0.93979 0.34174
vn -0.00000 -0.93979 0.34174
vn 0.24324 -0.90777 0.34174
vn 0.24324 -0.90777 0.34174
vn 0.46990 -0.81388 0.34174
vn 0.46990 -0.81388 0.34174
vn 0.66453 -0.66453 0.34174
vn 0.66453 -0.66453 0.34174
vn 0.81388 -0.46990 0.34174
vn 0.81388 -0.46990 0.34174
vn 0.90777 -0.24324 0.34174
vn 0.90777 -0.24324 0.34174
vn 0.93979 -0.00000 0.34174
vn 0.93979 -0.00000 0.34174
vn 0.90777 0.24324 0.34174
vn 0.90777 0.24324 0.34174
vn 0.81388 0.46990 0.34174
vn 0.81388 0.46990 0.34174
vn 0.66453 0.66453 0.34174
vn 0.66453 0.66453 0.34174
vn 0.46990 0.81388 0.34174
vn 0.46990 0.81388 0.34174
vn 0.24324 0.90777 0.34174
vn 0.24324 0.90777 0.34174
vn 0.00000 0.93979 0.34174
vn 0.00000 0.93979 0.34174
vn -0.00000 0.89717 0.44168
vn -0.00000 0.89717 0.44168
vn -0.23220 0.86660 0.44168
vn -0.23220 0.86660 0.44168
vn -0.44859 0.77697 0.44168
vn -0.44859 0.77697 0.44168
vn -0.63440 0.63440 0.44168
vn -0.63440 0.63440 0.44168
vn -0.77697 0.44859 0.44168
vn -0.77697 0.44859 0.44168
vn -0.86660 0.23220 0.44168
vn -0.86660 0.23220 0.44168
vn -0.89717 0.00000 0.44168
vn -0.89717 0.00000 0.44168
vn -0.86660 -0.23220 0.44168
vn -0.86660 -0.23220 0.44168
vn -0.77697 -0.44859 0.44168
vn -0.77697 -0.44859 0.44168
vn -0.63440 -0.63440 0.44168
vn -0.63440 -0.63440 0.44168
vn -0.44859 -0.77697 0.44168
vn -0.44859 -0.77697 0.44168
vn -0.23220 -0.86660 0.44168
vn -0.23220 -0.86660 0.44168
vn -0.00000 -0.89717 0.44168
vn -0.00000 -0.89717 0.44168
vn 0.23220 -0.86660 0.44168
vn 0.23220 -0.86660 0.44168
vn 0.44859 -0.77697 0.44168
vn 0.44859 -0.77697 0.44168
vn 0.63440 -0.63440 0.44168
vn 0.63440 -0.63440 0.44168
vn 0.77697 -0.44859 0.44168
vn 0.77697 -0.44859 0.44168
vn 0.86660 -0.23220 0.44168
vn 0.86660 -0.23220 0.44168
vn 0.89717 -0.00000 0.44168
vn 0.89717 -0.00000 0.44168
vn 0.86660 0.23220 0.44168
vn 0.86660 0.23220 0.44168
vn 0.77697 0.44859 0.44168
vn 0.77697 0.44859 0.44168
vn 0.63440 0.63440 0.44168
vn 0.63440 0.63440 0.44168
vn 0.44859 0.77697 0.44168
vn 0.44859 0.77697 0.44168
vn 0.23220 0.86660 0.44168
vn 0.23220 0.86660 0.44168
vn 0.00000 0.89717 0.44168
vn 0.00000 0.89717 0.44168
vn -0.00000 0.92848 0.37139
vn -0.00000 0.92848 0.37139
vn -0.24031 0.89684 0.37139
vn -0.24031 0.89684 0.37139
vn -0.46424 0.80408 0.37139
vn -0.46424 0.80408 0.37139
vn -0.65653 0.65653 0.37139
vn -0.65653 0.65653 0.37139
vn -0.80408 0.46424 0.37139
vn -0.80408 0.46424 0.37139
vn -0.89684 0.24031 0.37139
vn -0.89684 0.24031 0.37139
vn -0.92848 0.00000 0.37139
vn -0.92848 0.00000 0.37139
vn -0.89684 -0.24031 0.37139
vn -0.89684 -0.24031 0.37139
vn -0.80408 -0.46424 0.37139
vn -0.80408 -0.46424 0.37139
vn -0.65653 -0.65653 0.37139
vn -0.65653 -0.65653 0.37139
vn -0.46424 -0.80408 0.37139
vn -0.46424 -0.80408 0.37139
vn -0.24031 -0.89684 0.37139
vn -0.24031 -0.89684 0.37139
vn -0.00000 -0.92848 0.37139
vn -0.00000 -0.92848 0.37139
vn 0.24031 -0.89684 0.37139
vn 0.24031 -0.89684 0.37139
vn 0.46424 -0.80408 0.37139
vn 0.46424 -0.80408 0.37139
vn 0.65653 -0.65653 0.37139
vn 0.65653 -0.65653 0.37139
vn 0.80408 -0.46424 0.37139
vn 0.80408 -0.46424 0.37139
vn 0.89684 -0.24031 0.37139
vn 0.89684 -0.24031 0.37139
vn 0.92848 -0.00000 0.37139
vn 0.92848 -0.00000 0.37139
vn 0.89684 0.24031 0.37139
vn 0.89684 0.24031 0.37139
vn 0.80408 0.46424 0.37139
vn 0.80408 0.46424 0.37139
vn 0.65653 0.65653 0.37139
vn 0.65653 0.65653 0.37139
vn 0.46424 0.80408 0.37139
vn 0.46424 0.80408 0.37139
vn 0.24031 0.89684 0.37139
vn 0.24031 0.89684 0.37139
vn 0.00000 0.92848 0.37139
vn 0.00000 0.92848 0.37139
vn -0.00000 0.64018 0.76822
vn -0.00000 0.64018 0.76822
vn -0.16569 0.61837 0.76822
vn -0.16569 0.61837 0.76822
vn -0.32009 0.55442 0.76822
vn -0.32009 0.55442 0.76822
vn -0.45268 0.45268 0.76822
vn -0.45268 0.45268 0.76822
vn -0.55442 0.32009 0.76822
vn -0.55442 0.32009 0.76822
vn -0.61837 0.16569 0.76822
vn -0.61837 0.16569 0.76822
vn -0.64018 0.00000 0.76822
vn -0.64018 0.00000 0.76822
vn -0.61837 -0.16569 0.76822
vn -0.61837 -0.16569 0.76822
vn -0.55442 -0.32009 0.76822
vn -0.55442 -0.32009 0.76822
vn -0.45268 -0.45268 0.76822
vn -0.45268 -0.45268 0.76822
vn -0.32009 -0.55442 0.76822
vn -0.32009 -0.55442 0.76822
vn -0.16569 -0.61837 0.76822
vn -0.16569 -0.61837 0.76822
vn -0.00000 -0.64018 0.76822
vn -0.00000 -0.64018 0.76822
vn 0.16569 -0.61837 0.76822
vn 0.16569 -0.61837 0.76822
vn 0.32009 -0.55442 0.76822
vn 0.32009 -0.55442 0.76822
vn 0.45268 -0.45268 0.76822
vn 0.45268 -0.45268 0.76822
vn 0.55442 -0.32009 0.76822
vn 0.55442 -0.32009 0.76822
vn 0.61837 -0.16569 0.76822
vn 0.61837 -0.16569 0.76822
vn 0.64018 -0.00000 0.76822
vn 0.64018 -0.00000 0.76822
vn 0.61837 0.16569 0.76822
vn 0.61837 0.16569 0.76822
vn 0.55442 0.32009 0.76822
vn 0.55442 0.32009 0.76822
vn 0.45268 0.45268 0.76822
vn 0.45268 0.45268 0.76822
vn 0.32009 0.55442 0.76822
vn 0.32009 0.55442 0.76822
vn 0.16569 0.61837 0.76822
vn 0.16569 0.61837 0.76822
vn 0.00000 0.64018 0.76822
vn 0.00000 0.64018 0.76822
vn -0.00000 1.00000 0.00000
vn -0.00000 1.00000 0.00000
vn -0.25882 0.96593 0.00000
vn -0.25882 0.96593 0.00000
vn -0.50000 0.86603 0.00000
vn -0.50000 0.86603 0.00000
vn -0.70711 0.70711 0.00000
vn -0.70711 0.70711 0.00000
vn -0.86603 0.50000 0.00000
vn -0.86603 0.50000 0.00000
vn -0.96593 0.25882 0.00000
vn -0.96593 0.25882 0.00000
vn -1.00000 0.00000 0.00000
vn -1.00000 0.00000 0.00000
vn -0.96593 -0.25882 0.00000
vn -0.96593 -0.25882 0.00000
vn -0.86603 -0.50000 0.00000
vn -0.86603 -0.50000 0.00000
vn -0.70711 -0.70711 0.00000
vn -0.70711 -0.70711 0.00000
vn -0.50000 -0.86603 0.00000
vn -0.50000 -0.86603 0.00000
vn -0.25882 -0.96593 0.00000
vn -0.25882 -0.96593 0.00000
vn -0.00000 -1.00000 0.00000
vn -0.00000 -1.00000 0.00000
vn 0.25882 -0.96593 0.00000
vn 0.25882 -0.96593 0.00000
vn 0.50000 -0.86603 0.00000
vn 0.50000 -0.86603 0.00000
vn 0.70711 -0.70711 0.00000
vn 0.70711 -0.70711 0.00000
vn 0.86603 -0.50000 0.00000
vn 0.86603 -0.50000 0.00000
vn 0.96593 -0.25882 0.00000
vn 0.96593 -0.25882 0.00000
vn 1.00000 -0.00000 0.00000
vn 1.00000 -0.00000 0.00000
vn 0.96593 0.25882 0.00000
vn 0.96593 0.25882 0.00000
vn 0.86603 0.50000 0.00000
vn 0.86603 0.50000 0.00000
vn 0.70711 0.70711 0.00000
vn 0.70711 0.70711 0.00000
vn 0.50000 0.86603 0.00000
vn 0.50000 0.86603 0.00000
vn 0.25882 0.96593 0.00000
vn 0.25882 0.96593 0.00000
vn 0.00000 1.00000 0.00000
vn 0.00000 1.00000 0.00000
vn -0.00000 0.27472 -0.96152
vn -0.00000 0.27472 -0.96152
vn -0.07110 0.26536 -0.96152
vn -0.07110 0.26536 -0.96152
vn -0.13736 0.23792 -0.96152
vn -0.13736 0.23792 -0.96152
vn -0.19426 0.19426 -0.96152
vn -0.19426 0.19426 -0.96152
vn -0.23792 0.13736 -0.96152
vn -0.23792 0.13736 -0.96152
vn -0.26536 0.07110 -0.96152
vn -0.26536 0.07110 -0.96152
vn -0.27472 0.00000 -0.96152
vn -0.27472 0.00000 -0.96152
vn -0.26536 -0.07110 -0.96152
vn -0.26536 -0.07110 -0.96152
vn -0.23792 -0.13736 -0.96152
vn -0.23792 -0.13736 -0.96152
vn -0.19426 -0.19426 -0.96152
vn -0.19426 -0.19426 -0.96152
vn -0.13736 -0.23792 -0.96152
vn -0.13736 -0.23792 -0.96152
vn -0.07110 -0.26536 -0.96152
vn -0.07110 -0.26536 -0.96152
vn -0.00000 -0.27472 -0.96152
vn -0.00000 -0.27472 -0.96152
vn 0.07110 -0.26536 -0.96152
vn 0.07110 -0.26536 -0.96152
vn 0.13736 -0.23792 -0.96152
vn 0.13736 -0.23792 -0.96152
vn 0.19426 -0.19426 -0.96152
vn 0.19426 -0.19426 -0.96152
vn 0.23792 -0.13736 -0.96152
vn 0.23792 -0.13736 -0.96152
vn 0.26536 -0.07110 -0.96152
vn 0.26536 -0.07110 -0.96152
vn 0.27472 -0.00000 -0.96152
vn 0.27472 -0.00000 -0.96152
vn 0.26536 0.07110 -0.96152
vn 0.26536 0.07110 -0.96152
vn 0.23792 0.13736 -0.96152
vn 0.23792 0.13736 -0.96152
vn 0.19426 0.19426 -0.96152
vn 0.19426 0.19426 -0.96152
vn 0.13736 0.23792 -0.96152
vn 0.13736 0.23792 -0.96152
vn 0.07110 0.26536 -0.96152
vn 0.07110 0.26536 -0.96152
vn 0.00000 0.27472 -0.96152
vn 0.00000 0.27472 -0.96152
vn -0.00000 1.00000 0.00000
vn -0.00000 1.00000 0.00000
vn -0.25882 0.96593 0.00000
vn -0.25882 0.96593 0.00000
vn -0.50000 0.86603 0.00000
vn -0.50000 0.86603 0.00000
vn -0.70711 0.70711 0.00000
vn -0.70711 0.70711 0.00000
vn -0.86603 0.50000 0.00000
vn -0.86603 0.50000 0.00000
vn -0.96593 0.25882 0.00000
vn -0.96593 0.25882 0.00000
vn -1.00000 0.00000 0.00000
vn -1.00000 0.00000 0.00000
vn -0.96593 -0.25882 0.00000
vn -0.96593 -0.25882 0.00000
vn -0.86603 -0.50000 0.00000
vn -0.86603 -0.50000 0.00000
vn -0.70711 -0.70711 0.00000
vn -0.70711 -0.70711 0.00000
vn -0.50000 -0.86603 0.00000
vn -0.50000 -0.86603 0.00000
vn -0.25882 -0.96593 0.00000
vn -0.25882 -0.96593 0.00000
vn -0.00000 -1.00000 0.00000
vn -0.00000 -1.00000 0.00000
vn 0.25882 -0.96593 0.00000
vn 0.25882 -0.96593 0.00000
vn 0.50000 -0.86603 0.00000
vn 0.50000 -0.86603 0.00000
vn 0.70711 -0.70711 0.00000
vn 0.70711 -0.70711 0.00000
vn 0.86603 -0.50000 0.00000
vn 0.86603 -0.50000 0.00000
vn 0.96593 -0.25882 0.00000
vn 0.96593 -0.25882 0.00000
vn 1.00000 -0.00000 0.00000
vn 1.00000 -0.00000 0.00000
vn 0.96593 0.25882 0.00000
vn 0.96593 0.25882 0.00000
vn 0.86603 0.50000 0.00000
vn 0.86603 0.50000 0.00000
vn 0.70711 0.70711 0.00000
vn 0.70711 0.70711 0.00000
vn 0.50000 0.86603 0.00000
vn 0.50000 0.86603 0.00000
vn 0.25882 0.96593 0.00000
vn 0.25882 0.96593 0.00000
vn 0.00000 1.00000 0.00000
vn 0.00000 1.00000 0.00000
vn -0.00000 0.27472 0.96152
vn -0.00000 0.27472 0.96152
vn -0.07110 0.26536 0.96152
vn -0.07110 0.26536 0.96152
vn -0.13736 0.23792 0.96152
vn -0.13736 0.23792 0.96152
vn -0.19426 0.19426 0.96152
vn -0.19426 0.19426 0.96152
vn -0.23792 0.13736 0.96152
vn -0.23792 0.13736 0.96152
vn -0.26536 0.07110 0.96152
vn -0.26536 0.07110 0.96152
vn -0.27472 0.00000 0.96152
vn -0.27472 0.00000 0.96152
vn -0.26536 -0.07110 0.96152
vn -0.26536 -0.07110 0.96152
vn -0.23792 -0.13736 0.96152
vn -0.23792 -0.13736 0.96152
vn -0.19426 -0.19426 0.96152
vn -0.19426 -0.19426 0.96152
vn -0.13736 -0.23792 0.96152
vn -0.13736 -0.23792 0.96152
vn -0.07110 -0.26536 0.96152
vn -0.07110 -0.26536 0.96152
vn -0.00000 -0.27472 0.96152
vn -0.00000 -0.27472 0.96152
vn 0.07110 -0.26536 0.96152
vn 0.07110 -0.26536 0.96152
vn 0.13736 -0.23792 0.96152
vn 0.13736 -0.23792 0.96152
vn 0.19426 -0.19426 0.96152
vn 0.19426 -0.19426 0.96152
vn 0.23792 -0.13736 0.96152
vn 0.23792 -0.13736 0.96152
vn 0.26536 -0.07110 0.96152
vn 0.26536 -0.07110 0.96152
vn 0.27472 -0.00000 0.96152
vn 0.27472 -0.00000 0.96152
vn 0.26536 0.07110 0.96152
vn 0.26536 0.07110 0.96152
vn 0.23792 0.13736 0.96152
vn 0.23792 0.13736 0.96152
vn 0.19426 0.19426 0.96152
vn 0.19426 0.19426 0.96152
vn 0.13736 0.23792 0.96152
vn 0.13736 0.23792 0.96152
vn 0.07110 0.26536 0.96152
vn 0.07110 0.26536 0.96152
vn 0.00000 0.27472 0.96152
vn 0.00000 0.27472 0.96152
vn -0.00000 1.00000 0.00000
vn -0.00000 1.00000 0.00000
vn -0.25882 0.96593 0.00000
vn -0.25882 0.96593 0.00000
vn -0.50000 0.86603 0.00000
vn -0.50000 0.86603 0.00000
vn -0.70711 0.70711 0.00000
vn -0.70711 0.70711 0.00000
vn -0.86603 0.50000 0.00000
vn -0.86603 0.50000 0.00000
vn -0.96593 0.25882 0.00000
vn -0.96593 0.25882 0.00000
vn -1.00000 0.00000 0.00000
vn -1.00000 0.00000 0.00000
vn -0.96593 -0.25882 0.00000
vn -0.96593 -0.25882 0.00000
vn -0.86603 -0.50000 0.00000
vn -0.86603 -0.50000 0.00000
vn -0.70711 -0.70711 0.00000
vn -0.70711 -0.70711 0.00000
vn -0.50000 -0.86603 0.00000
vn -0.50000 -0.86603 0.00000
vn -0.25882 -0.96593 0.00000
vn -0.25882 -0.96593 0.00000
vn -0.00000 -1.00000 0.00000
vn -0.00000 -1.00000 0.00000
vn 0.25882 -0.96593 0.00000
vn 0.25882 -0.96593 0.00000
vn 0.50000 -0.86603 0.00000
vn 0.50000 -0.86603 0.00000
vn 0.70711 -0.70711 0.00000
vn 0.70711 -0.70711 0.00000
vn 0.86603 -0.50000 0.00000
vn 0.86603 -0.50000 0.00000
vn 0.96593 -0.25882 0.00000
vn 0.96593 -0.25882 0.00000
vn 1.00000 -0.00000 0.00000
vn 1.00000 -0.00000 0.00000
vn 0.96593 0.25882 0.00000
vn 0.96593 0.25882 0.00000
vn 0.86603 0.50000 0.00000
vn 0.86603 0.50000 0.00000
vn 0.70711 0.70711 0.00000
vn 0.70711 0.70711 0.00000
vn 0.50000 0.86603 0.00000
vn 0.50000 0.86603 0.00000
vn 0.25882 0.96593 0.00000
vn 0.25882 0.96593 0.00000
vn 0.00000 1.00000 0.00000
vn 0.00000 1.00000 0.00000
vn -0.00000 0.27472 -0.96152
vn -0.00000 0.27472 -0.96152
vn -0.07110 0.26536 -0.96152
vn -0.07110 0.26536 -0.96152
vn -0.13736 0.23792 -0.96152
vn -0.13736 0.23792 -0.96152
vn -0.19426 0.19426 -0.96152
vn -0.19426 0.19426 -0.96152
vn -0.23792 0.13736 -0.96152
vn -0.23792 0.13736 -0.96152
vn -0.26536 0.07110 -0.96152
vn -0.26536 0.07110 -0.96152
vn -0.27472 0.00000 -0.96152
vn -0.27472 0.00000 -0.96152
vn -0.26536 -0.07110 -0.96152
vn -0.26536 -0.07110 -0.96152
vn -0.23792 -0.13736 -0.96152
vn -0.23792 -0.13736 -0.96152
vn -0.19426 -0.19426 -0.96152
vn -0.19426 -0.19426 -0.96152
vn -0.13736 -0.23792 -0.96152
vn -0.13736 -0.23792 -0.96152
vn -0.07110 -0.26536 -0.96152
vn -0.07110 -0.26536 -0.96152
vn -0.00000 -0.27472 -0.96152
vn -0.00000 -0.27472 -0.96152
vn 0.07110 -0.26536 -0.96152
vn 0.07110 -0.26536 -0.96152
vn 0.13736 -0.23792 -0.96152
vn 0.13736 -0.23792 -0.96152
vn 0.19426 -0.19426 -0.96152
vn 0.19426 -0.19426 -0.96152
vn 0.23792 -0.13736 -0.96152
vn 0.23792 -0.13736 -0.96152
vn 0.26536 -0.07110 -0.96152
vn 0.26536 -0.07110 -0.96152
vn 0.27472 -0.00000 -0.96152
vn 0.27472 -0.00000 -0.96152
vn 0.26536 0.07110 -0.96152
vn 0.26536 0.07110 -0.96152
vn 0.23792 0.13736 -0.96152
vn 0.23792 0.13736 -0.96152
vn 0.19426 0.19426 -0.96152
vn 0.19426 0.19426 -0.96152
vn 0.13736 0.23792 -0.96152
vn 0.13736 0.23792 -0.96152
vn 0.07110 0.26536 -0.96152
vn 0.07110 0.26536 -0.96152
vn 0.00000 0.27472 -0.96152
vn 0.00000 0.27472 -0.96152
vn -0.00000 1.00000 0.00000
vn -0.00000 1.00000 0.00000
vn -0.25882 0.96593 0.00000
vn -0.25882 0.96593 0.00000
vn -0.50000 0.86603 0.00000
vn -0.50000 0.86603 0.00000
vn -0.70711 0.70711 0.00000
vn -0.70711 0.70711 0.00000
vn -0.86603 0.50000 0.00000
vn -0.86603 0.50000 0.00000
vn -0.96593 0.25882 0.00000
vn -0.96593 0.25882 0.00000
vn -1.00000 0.00000 0.00000
vn -1.00000 0.00000 0.00000
vn -0.96593 -0.25882 0.00000
vn -0.96593 -0.25882 0.00000
vn -0.86603 -0.50000 0.00000
vn -0.86603 -0.50000 0.00000
vn -0.70711 -0.70711 0.00000
vn -0.70711 -0.70711 0.00000
vn -0.50000 -0.86603 0.00000
vn -0.50000 -0.86603 0.00000
vn -0.25882 -0.96593 0.00000
vn -0.25882 -0.96593 0.00000
vn -0.00000 -1.00000 0.00000
vn -0.00000 -1.00000 0.00000
vn 0.25882 -0.96593 0.00000
vn 0.25882 -0.96593 0.00000
vn 0.50000 -0.86603 0.00000
vn 0.50000 -0.86603 0.00000
vn 0.70711 -0.70711 0.00000
vn 0.70711 -0.70711 0.00000
vn 0.86603 -0.50000 0.00000
vn 0.86603 -0.50000 0.00000
vn 0.96593 -0.25882 0.00000
vn 0.96593 -0.25882 0.00000
vn 1.00000 -0.00000 0.00000
vn 1.00000 -0.00000 0.00000
vn 0.96593 0.25882 0.00000
vn 0.96593 0.25882 0.00000
vn 0.86603 0.50000 0.00000
vn 0.86603 0.50000 0.00000
vn 0.70711 0.70711 0.00000
vn 0.70711 0.70711 0.00000
vn 0.50000 0.86603 0.00000
vn 0.50000 0.86603 0.00000
vn 0.25882 0.96593 0.00000
vn 0.25882 0.96593 0.00000
vn 0.00000 1.00000 0.00000
vn 0.00000 1.00000 0.00000
vn -0.00000 0.27472 0.96152
vn -0.00000 0.27472 0.96152
vn -0.07110 0.26536 0.96152
vn -0.07110 0.26536 0.96152
vn -0.13736 0.23792 0.96152
vn -0.13736 0.23792 0.96152
vn -0.19426 0.19426 0.96152
vn -0.19426 0.19426 0.96152
vn -0.23792 0.13736 0.96152
vn -0.23792 0.13736 0.96152
vn -0.26536 0.07110 0.96152
vn -0.26536 0.07110 0.96152
vn -0.27472 0.00000 0.96152
vn -0.27472 0.00000 0.96152
vn -0.26536 -0.07110 0.96152
vn -0.26536 -0.07110 0.96152
vn -0.23792 -0.13736 0.96152
vn -0.23792 -0.13736 0.96152
vn -0.19426 -0.19426 0.96152
vn -0.19426 -0.19426 0.96152
vn -0.13736 -0.23792 0.96152
vn -0.13736 -0.23792 0.96152
vn -0.07110 -0.26536 0.96152
vn -0.07110 -0.26536 0.96152
vn -0.00000 -0.27472 0.96152
vn -0.00000 -0.27472 0.96152
vn 0.07110 -0.26536 0.96152
vn 0.07110 -0.26536 0.96152
vn 0.13736 -0.23792 0.96152
vn 0.13736 -0.23792 0.96152
vn 0.19426 -0.19426 0.96152
vn 0.19426 -0.19426 0.96152
vn 0.23792 -0.13736 0.96152
vn 0.23792 -0.13736 0.96152
vn 0.26536 -0.07110 0.96152
vn 0.26536 -0.07110 0.96152
vn 0.27472 -0.00000 0.96152
vn 0.27472 -0.00000 0.96152
vn 0.26536 0.07110 0.96152
vn 0.26536 0.07110 0.96152
vn 0.23792 0.13736 0.96152
vn 0.23792 0.13736 0.96152
vn 0.19426 0.19426 0.96152
vn 0.19426 0.19426 0.96152
vn 0.13736 0.23792 0.96152
vn 0.13736 0.23792 0.96152
vn 0.07110 0.26536 0.96152
vn 0.07110 0.26536 0.96152
vn 0.00000 0.27472 0.96152
vn 0.00000 0.27472 0.96152
vn -0.00000 1.00000 0.00000
vn -0.00000 1.00000 0.00000
vn -0.25882 0.96593 0.00000
vn -0.25882 0.96593 0.00000
vn -0.50000 0.86603 0.00000
vn -0.50000 0.86603 0.00000
vn -0.70711 0.70711 0.00000
vn -0.70711 0.70711 0.00000
vn -0.86603 0.50000 0.00000
vn -0.86603 0.50000 0.00000
vn -0.96593 0.25882 0.00000
vn -0.96593 0.25882 0.00000
vn -1.00000 0.00000 0.00000
vn -1.00000 0.00000 0.00000
vn -0.96593 -0.25882 0.00000
vn -0.96593 -0.25882 0.00000
vn -0.86603 -0.50000 0.00000
vn -0.86603 -0.50000 0.00000
vn -0.70711 -0.70711 0.00000
vn -0.70711 -0.70711 0.00000
vn -0.50000 -0.86603 0.00000
vn -0.50000 -0.86603 0.00000
vn -0.25882 -0.96593 0.00000
vn -0.25882 -0.96593 0.00000
vn -0.00000 -1.00000 0.00000
vn -0.00000 -1.00000 0.00000
vn 0.25882 -0.96593 0.00000
vn 0.25882 -0.96593 0.00000
vn 0.50000 -0.86603 0.00000
vn 0.50000 -0.86603 0.00000
vn 0.70711 -0.70711 0.00000
vn 0.70711 -0.70711 0.00000
vn 0.86603 -0.50000 0.00000
vn 0.86603 -0.50000 0.00000
vn 0.96593 -0.25882 0.00000
vn 0.96593 -0.25882 0.00000
vn 1.00000 -0.00000 0.00000
vn 1.00000 -0.00000 0.00000
vn 0.96593 0.25882 0.00000
vn 0.96593 0.25882 0.00000
vn 0.86603 0.50000 0.00000
vn 0.86603 0.50000 0.00000
vn 0.70711 0.70711 0.00000
vn 0.70711 0.70711 0.00000
vn 0.50000 0.86603 0.00000
vn 0.50000 0.86603 0.00000
vn 0.25882 0.96593 0.00000
vn 0.25882 0.96593 0.00000
vn 0.00000 1.00000 0.00000
vn 0.00000 1.00000 0.00000
vn -0.00000 0.27472 -0.96152
vn -0.00000 0.27472 -0.96152
vn -0.07110 0.26536 -0.96152
vn -0.07110 0.26536 -0.96152
vn -0.13736 0.23792 -0.96152
vn -0.13736 0.23792 -0.96152
vn -0.19426 0.19426 -0.96152
vn -0.19426 0.19426 -0.96152
vn -0.23792 0.13736 -0.96152
vn -0.23792 0.13736 -0.96152
vn -0.26536 0.07110 -0.96152
vn -0.26536 0.07110 -0.96152
vn -0.27472 0.00000 -0.96152
vn -0.27472 0.00000 -0.96152
vn -0.26536 -0.07110 -0.96152
vn -0.26536 -0.07110 -0.96152
vn -0.23792 -0.13736 -0.96152
vn -0.23792 -0.13736 -0.96152
vn -0.19426 -0.19426 -0.96152
vn -0.19426 -0.19426 -0.96152
vn -0.13736 -0.23792 -0.96152
vn -0.13736 -0.23792 -0.96152
vn -0.07110 -0.26536 -0.96152
vn -0.07110 -0.26536 -0.96152
vn -0.00000 -0.27472 -0.96152
vn -0.00000 -0.27472 -0.96152
vn 0.07110 -0.26536 -0.96152
vn 0.07110 -0.26536 -0.96152
vn 0.13736 -0.23792 -0.96152
vn 0.13736 -0.23792 -0.96152
vn 0.19426 -0.19426 -0.96152
vn 0.19426 -0.19426 -0.96152
vn 0.23792 -0.13736 -0.96152
vn 0.23792 -0.13736 -0.96152
vn 0.26536 -0.07110 -0.96152
vn 0.26536 -0.07110 -0.96152
vn 0.27472 -0.00000 -0.96152
vn 0.27472 -0.00000 -0.96152
vn 0.26536 0.07110 -0.96152
vn 0.26536 0.07110 -0.96152
vn 0.23792 0.13736 -0.96152
vn 0.23792 0.13736 -0.96152
vn 0.19426 0.19426 -0.96152
vn 0.19426 0.19426 -0.96152
vn 0.13736 0.23792 -0.96152
vn 0.13736 0.23792 -0.96152
vn 0.07110 0.26536 -0.96152
vn 0.07110 0.26536 -0.96152
vn 0.00000 0.27472 -0.96152
vn 0.00000 0.27472 -0.96152
vn -0.00000 1.00000 0.00000
vn -0.00000 1.00000 0.00000
vn -0.25882 0.96593 0.00000
vn -0.25882 0.96593 0.00000
vn -0.50000 0.86603 0.00000
vn -0.50000 0.86603 0.00000
vn -0.70711 0.70711 0.00000
vn -0.70711 0.70711 0.00000
vn -0.86603 0.50000 0.00000
vn -0.86603 0.50000 0.00000
vn -0.96593 0.25882 0.00000
vn -0.96593 0.25882 0.00000
vn -1.00000 0.00000 0.00000
vn -1.00000 0.00000 0.00000
vn -0.96593 -0.25882 0.00000
vn -0.96593 -0.25882 0.00000
vn -0.86603 -0.50000 0.00000
vn -0.86603 -0.50000 0.00000
vn -0.70711 -0.70711 0.00000
vn -0.70711 -0.70711 0.00000
vn -0.50000 -0.86603 0.00000
vn -0.50000 -0.86603 0.00000
vn -0.25882 -0.96593 0.00000
vn -0.25882 -0.96593 0.00000
vn -0.00000 -1.00000 0.00000
vn -0.00000 -1.00000 0.00000
vn 0.25882 -0.96593 0.00000
vn 0.25882 -0.96593 0.00000
vn 0.50000 -0.86603 0.00000
vn 0.50000 -0.86603 0.00000
vn 0.70711 -0.70711 0.00000
vn 0.70711 -0.70711 0.00000
vn 0.86603 -0.50000 0.00000
vn 0.86603 -0.50000 0.00000
vn 0.96593 -0.25882 0.00000
vn 0.96593 -0.25882 0.00000
vn 1.00000 -0.00000 0.00000
vn 1.00000 -0.00000 0.00000
vn 0.96593 0.25882 0.00000
vn 0.96593 0.25882 0.00000
vn 0.86603 0.50000 0.00000
vn 0.86603 0.50000 0.00000
vn 0.70711 0.70711 0.00000
vn 0.70711 0.70711 0.00000
vn 0.50000 0.86603 0.00000
vn 0.50000 0.86603 0.00000
vn 0.25882 0.96593 0.00000
vn 0.25882 0.96593 0.00000
vn 0.00000 1.00000 0.00000
vn 0.00000 1.00000 0.00000
vn -0.00000 0.27472 0.96152
vn -0.00000 0.27472 0.96152
vn -0.07110 0.26536 0.96152
vn -0.07110 0.26536 0.96152
vn -0.13736 0.23792 0.96152
vn -0.13736 0.23792 0.96152
vn -0.19426 0.19426 0.96152
vn -0.19426 0.19426 0.96152
vn -0.23792 0.13736 0.96152
vn -0.23792 0.13736 0.96152
vn -0.26536 0.07110 0.96152
vn -0.26536 0.07110 0.96152
vn -0.27472 0.00000 0.96152
vn -0.27472 0.00000 0.96152
vn -0.26536 -0.07110 0.96152
vn -0.26536 -0.07110 0.96152
vn -0.23792 -0.13736 0.96152
vn -0.23792 -0.13736 0.96152
vn -0.19426 -0.19426 0.96152
vn -0.19426 -0.19426 0.96152
vn -0.13736 -0.23792 0.96152
vn -0.13736 -0.23792 0.96152
vn -0.07110 -0.26536 0.96152
vn -0.07110 -0.26536 0.96152
vn -0.00000 -0.27472 0.96152
vn -0.00000 -0.27472 0.96152
vn 0.07110 -0.26536 0.96152
vn 0.07110 -0.26536 0.96152
vn 0.13736 -0.23792 0.96152
vn 0.13736 -0.23792 0.96152
vn 0.19426 -0.19426 0.96152
vn 0.19426 -0.19426 0.96152
vn 0.23792 -0.13736 0.96152
vn 0.23792 -0.13736 0.96152
vn 0.26536 -0.07110 0.96152
vn 0.26536 -0.07110 0.96152
vn 0.27472 -0.00000 0.96152
vn 0.27472 -0.00000 0.96152
vn 0.26536 0.07110 0.96152
vn 0.26536 0.07110 0.96152
vn 0.23792 0.13736 0.96152
vn 0.23792 0.13736 0.96152
vn 0.19426 0.19426 0.96152
vn 0.19426 0.19426 0.96152
vn 0.13736 0.23792 0.96152
vn 0.13736 0.23792 0.96152
vn 0.07110 0.26536 0.96152
vn 0.07110 0.26536 0.96152
vn 0.00000 0.27472 0.96152
vn 0.00000 0.27472 0.96152
vn -0.00000 1.00000 0.00000
vn -0.00000 1.00000 0.00000
vn -0.25882 0.96593 0.00000
vn -0.25882 0.96593 0.00000
vn -0.50000 0.86603 0.00000
vn -0.50000 0.86603 0.00000
vn -0.70711 0.70711 0.00000
vn -0.70711 0.70711 0.00000
vn -0.86603 0.50000 0.00000
vn -0.86603 0.50000 0.00000
vn -0.96593 0.25882 0.00000
vn -0.96593 0.25882 0.00000
vn -1.00000 0.00000 0.00000
vn -1.00000 0.00000 0.00000
vn -0.96593 -0.25882 0.00000
vn -0.96593 -0.25882 0.00000
vn -0.86603 -0.50000 0.00000
vn -0.86603 -0.50000 0.00000
vn -0.70711 -0.70711 0.00000
vn -0.70711 -0.70711 0.00000
vn -0.50000 -0.86603 0.00000
vn -0.50000 -0.86603 0.00000
vn -0.25882 -0.96593 0.00000
vn -0.25882 -0.96593 0.00000
vn -0.00000 -1.00000 0.00000
vn -0.00000 -1.00000 0.00000
vn 0.25882 -0.96593 0.00000
vn 0.25882 -0.96593 0.00000
vn 0.50000 -0.86603 0.00000
vn 0.50000 -0.86603 0.00000
vn 0.70711 -0.70711 0.00000
vn 0.70711 -0.70711 0.00000
vn 0.86603 -0.50000 0.00000
vn 0.86603 -0.50000 0.00000
vn 0.96593 -0.25882 0.00000
vn 0.96593 -0.25882 0.00000
vn 1.00000 -0.00000 0.00000
vn 1.00000 -0.00000 0.00000
vn 0.96593 0.25882 0.00000
vn 0.96593 0.25882 0.00000
vn 0.86603 0.50000 0.00000
vn 0.86603 0.50000 0.00000
vn 0.70711 0.70711 0.00000
vn 0.70711 0.70711 0.00000
vn 0.50000 0.86603 0.00000
vn 0.50000 0.86603 0.00000
vn 0.25882 0.96593 0.00000
vn 0.25882 0.96593 0.00000
vn 0.00000 1.00000 0.00000
vn 0.00000 1.00000 0.00000
vn -0.00000 0.53000 0.84800
vn -0.00000 0.53000 0.84800
vn -0.13717 0.51194 0.84800
vn -0.13717 0.51194 0.84800
vn -0.26500 0.45899 0.84800
vn -0.26500 0.45899 0.84800
vn -0.37477 0.37477 0.84800
vn -0.37477 0.37477 0.84800
vn -0.45899 0.26500 0.84800
vn -0.45899 0.26500 0.84800
vn -0.51194 0.13717 0.84800
vn -0.51194 0.13717 0.84800
vn -0.53000 0.00000 0.84800
vn -0.53000 0.00000 0.84800
vn -0.51194 -0.13717 0.84800
vn -0.51194 -0.13717 0.84800
vn -0.45899 -0.26500 0.84800
vn -0.45899 -0.26500 0.84800
vn -0.37477 -0.37477 0.84800
vn -0.37477 -0.37477 0.84800
vn -0.26500 -0.45899 0.84800
vn -0.26500 -0.45899 0.84800
vn -0.13717 -0.51194 0.84800
vn -0.13717 -0.51194 0.84800
vn -0.00000 -0.53000 0.84800
vn -0.00000 -0.53000 0.84800
vn 0.13717 -0.51194 0.84800
vn 0.13717 -0.51194 0.84800
vn 0.26500 -0.45899 0.84800
vn 0.26500 -0.45899 0.84800
vn 0.37477 -0.37477 0.84800
vn 0.37477 -0.37477 0.84800
vn 0.45899 -0.26500 0.84800
vn 0.45899 -0.26500 0.84800
vn 0.51194 -0.13717 0.84800
vn 0.51194 -0.13717 0.84800
vn 0.53000 -0.00000 0.84800
vn 0.53000 -0.00000 0.84800
vn 0.51194 0.13717 0.84800
vn 0.51194 0.13717 0.84800
vn 0.45899 0.26500 0.84800
vn 0.45899 0.26500 0.84800
vn 0.37477 0.37477 0.84800
vn 0.37477 0.37477 0.84800
vn 0.26500 0.45899 0.84800
vn 0.26500 0.45899 0.84800
vn 0.13717 0.51194 0.84800
vn 0.13717 0.51194 0.84800
vn 0.00000 0.53000 0.84800
vn 0.00000 0.53000 0.84800
vn -0.00000 1.00000 0.00000
vn -0.00000 1.00000 0.00000
vn -0.25882 0.96593 0.00000
vn -0.25882 0.96593 0.00000
vn -0.50000 0.86603 0.00000
vn -0.50000 0.86603 0.00000
vn -0.70711 0.70711 0.00000
vn -0.70711 0.70711 0.00000
vn -0.86603 0.50000 0.00000
vn -0.86603 0.50000 0.00000
vn -0.96593 0.25882 0.00000
vn -0.96593 0.25882 0.00000
vn -1.00000 0.00000 0.00000
vn -1.00000 0.00000 0.00000
vn -0.96593 -0.25882 0.00000
vn -0.96593 -0.25882 0.00000
vn -0.86603 -0.50000 0.00000
vn -0.86603 -0.50000 0.00000
vn -0.70711 -0.70711 0.00000
vn -0.70711 -0.70711 0.00000
vn -0.50000 -0.86603 0.00000
vn -0.50000 -0.86603 0.00000
vn -0.25882 -0.96593 0.00000
vn -0.25882 -0.96593 0.00000
vn -0.00000 -1.00000 0.00000
vn -0.00000 -1.00000 0.00000
vn 0.25882 -0.96593 0.00000
vn 0.25882 -0.96593 0.00000
vn 0.50000 -0.86603 0.00000
vn 0.50000 -0.86603 0.00000
vn 0.70711 -0.70711 0.00000
vn 0.70711 -0.70711 0.00000
vn 0.86603 -0.50000 0.00000
vn 0.86603 -0.50000 0.00000
vn 0.96593 -0.25882 0.00000
vn 0.96593 -0.25882 0.00000
vn 1.00000 -0.00000 0.00000
vn 1.00000 -0.00000 0.00000
vn 0.96593 0.25882 0.00000
vn 0.96593 0.25882 0.00000
vn 0.86603 0.50000 0.00000
vn 0.86603 0.50000 0.00000
vn 0.70711 0.70711 0.00000
vn 0.70711 0.70711 0.00000
vn 0.50000 0.86603 0.00000
vn 0.50000 0.86603 0.00000
vn 0.25882 0.96593 0.00000
vn 0.25882 0.96593 0.00000
vn 0.00000 1.00000 0.00000
vn 0.00000 1.00000 0.00000
vn -0.06976 0.99756 0.00000
vn -0.06976 0.99756 0.00000
vn -0.18266 0.98318 0.00000
vn -0.18266 0.98318 0.00000
vn -0.29321 0.95605 0.00000
vn -0.29321 0.95605 0.00000
vn -0.39995 0.91654 0.00000
vn -0.39995 0.91654 0.00000
vn -0.50151 0.86515 0.00000
vn -0.50151 0.86515 0.00000
vn 0.06976 -0.99756 0.00000
vn 0.06976 -0.99756 0.00000
vn 0.18266 -0.98318 0.00000
vn 0.18266 -0.98318 0.00000
vn 0.29321 -0.95605 0.00000
vn 0.29321 -0.95605 0.00000
vn 0.39995 -0.91654 0.00000
vn 0.39995 -0.91654 0.00000
vn 0.50151 -0.86515 0.00000
vn 0.50151 -0.86515 0.00000
vn -0.00000 0.00000 -1.00000
vn -0.00000 0.00000 -1.00000
vn -0.00000 0.00000 -1.00000
vn -0.00000 0.00000 -1.00000
vn -0.00000 0.00000 -1.00000
vn -0.00000 0.00000 -1.00000
vn -0.00000 0.00000 -1.00000
vn -0.00000 0.00000 -1.00000
vn -0.00000 0.00000 -1.00000
vn -0.00000 0.00000 -1.00000
vn 0.99756 0.06976 -0.00000
vn 0.99756 0.06976 -0.00000
vn 0.99756 0.06976 -0.00000
vn 0.99756 0.06976 -0.00000
vn -0.86515 -0.50151 -0.00000
vn -0.86515 -0.50151 -0.00000
vn -0.86515 -0.50151 -0.00000
vn -0.86515 -0.50151 -0.00000
vn -0.75471 0.65606 0.00000
vn -0.75471 0.65606 0.00000
vn -0.82437 0.56605 0.00000
vn -0.82437 0.56605 0.00000
vn -0.88336 0.46870 0.00000
vn -0.88336 0.46870 0.00000
vn -0.93090 0.36528 0.00000
vn -0.93090 0.36528 0.00000
vn -0.96638 0.25713 0.00000
vn -0.96638 0.25713 0.00000
vn 0.75471 -0.65606 0.00000
vn 0.75471 -0.65606 0.00000
vn 0.82437 -0.56605 0.00000
vn 0.82437 -0.56605 0.00000
vn 0.88336 -0.46870 0.00000
vn 0.88336 -0.46870 0.00000
vn 0.93090 -0.36528 0.00000
vn 0.93090 -0.36528 0.00000
vn 0.96638 -0.25713 0.00000
vn 0.96638 -0.25713 0.00000
vn -0.00000 0.00000 -1.00000
vn -0.00000 0.00000 -1.00000
vn -0.00000 0.00000 -1.00000
vn -0.00000 0.00000 -1.00000
vn -0.00000 0.00000 -1.00000
vn -0.00000 0.00000 -1.00000
vn -0.00000 0.00000 -1.00000
vn -0.00000 0.00000 -1.00000
vn -0.00000 0.00000 -1.00000
vn -0.00000 0.00000 -1.00000
vn 0.65606 0.75471 -0.00000
vn 0.65606 0.75471 -0.00000
vn 0.65606 0.75471 -0.00000
vn 0.65606 0.75471 -0.00000
vn -0.25713 -0.96638 -0.00000
vn -0.25713 -0.96638 -0.00000
vn -0.25713 -0.96638 -0.00000
vn -0.25713 -0.96638 -0.00000
vn -0.99756 -0.06976 0.00000
vn -0.99756 -0.06976 0.00000
vn -0.98318 -0.18266 0.00000
vn -0.98318 -0.18266 0.00000
vn -0.95605 -0.29321 0.00000
vn -0.95605 -0.29321 0.00000
vn -0.91654 -0.39995 0.00000
vn -0.91654 -0.39995 0.00000
vn -0.86515 -0.50151 0.00000
vn -0.86515 -0.50151 0.00000
vn 0.99756 0.06976 0.00000
vn 0.99756 0.06976 0.00000
vn 0.98318 0.18266 0.00000
vn 0.98318 0.18266 0.00000
vn 0.95605 0.29321 0.00000
vn 0.95605 0.29321 0.00000
vn 0.91654 0.39995 0.00000
vn 0.91654 0.39995 0.00000
vn 0.86515 0.50151 0.00000
vn 0.86515 0.50151 0.00000
vn -0.00000 -0.00000 -1.00000
vn -0.00000 -0.00000 -1.00000
vn -0.00000 -0.00000 -1.00000
vn -0.00000 -0.00000 -1.00000
vn -0.00000 -0.00000 -1.00000
vn -0.00000 -0.00000 -1.00000
vn -0.00000 -0.00000 -1.00000
vn -0.00000 -0.00000 -1.00000
vn -0.00000 -0.00000 -1.00000
vn -0.00000 -0.00000 -1.00000
vn -0.06976 0.99756 -0.00000
vn -0.06976 0.99756 -0.00000
vn -0.06976 0.99756 -0.00000
vn -0.06976 0.99756 -0.00000
vn 0.50151 -0.86515 -0.00000
vn 0.50151 -0.86515 -0.00000
vn 0.50151 -0.86515 -0.00000
vn 0.50151 -0.86515 -0.00000
vn -0.65606 -0.75471 0.00000
vn -0.65606 -0.75471 0.00000
vn -0.56605 -0.82437 0.00000
vn -0.56605 -0.82437 0.00000
vn -0.46870 -0.88336 0.00000
vn -0.46870 -0.88336 0.00000
vn -0.36528 -0.93090 0.00000
vn -0.36528 -0.93090 0.00000
vn -0.25713 -0.96638 0.00000
vn -0.25713 -0.96638 0.00000
vn 0.65606 0.75471 0.00000
vn 0.65606 0.75471 0.00000
vn 0.56605 0.82437 0.00000
vn 0.56605 0.82437 0.00000
vn 0.46870 0.88336 0.00000
vn 0.46870 0.88336 0.00000
vn 0.36528 0.93090 0.00000
vn 0.36528 0.93090 0.00000
vn 0.25713 0.96638 0.00000
vn 0.25713 0.96638 0.00000
vn -0.00000 -0.00000 -1.00000
vn -0.00000 -0.00000 -1.00000
vn -0.00000 -0.00000 -1.00000
vn -0.00000 -0.00000 -1.00000
vn -0.00000 -0.00000 -1.00000
vn -0.00000 -0.00000 -1.00000
vn -0.00000 -0.00000 -1.00000
vn -0.00000 -0.00000 -1.00000
vn -0.00000 -0.00000 -1.00000
vn -0.00000 -0.00000 -1.00000
vn -0.75471 0.65606 -0.00000
vn -0.75471 0.65606 -0.00000
vn -0.75471 0.65606 -0.00000
vn -0.75471 0.65606 -0.00000
vn 0.96638 -0.25713 -0.00000
vn 0.96638 -0.25713 -0.00000
vn 0.96638 -0.25713 -0.00000
vn 0.96638 -0.25713 -0.00000
vn 0.06976 -0.99756 0.00000
vn 0.06976 -0.99756 0.00000
vn 0.18266 -0.98318 0.00000
vn 0.18266 -0.98318 0.00000
vn 0.29321 -0.95605 0.00000
vn 0.29321 -0.95605 0.00000
vn 0.39995 -0.91654 0.00000
vn 0.39995 -0.91654 0.00000
vn 0.50151 -0.86515 0.00000
vn 0.50151 -0.86515 0.00000
vn -0.06976 0.99756 0.00000
vn -0.06976 0.99756 0.00000
vn -0.18266 0.98318 0.00000
vn -0.18266 0.98318 0.00000
vn -0.29321 0.95605 0.00000
vn -0.29321 0.95605 0.00000
vn -0.39995 0.91654 0.00000
vn -0.39995 0.91654 0.00000
vn -0.50151 0.86515 0.00000
vn -0.50151 0.86515 0.00000
vn 0.00000 -0.00000 -1.00000
vn 0.00000 -0.00000 -1.00000
vn 0.00000 -0.00000 -1.00000
vn 0.00000 -0.00000 -1.00000
vn 0.00000 -0.00000 -1.00000
vn 0.00000 -0.00000 -1.00000
vn 0.00000 -0.00000 -1.00000
vn 0.00000 -0.00000 -1.00000
vn 0.00000 -0.00000 -1.00000
vn 0.00000 -0.00000 -1.00000
vn -0.99756 -0.06976 -0.00000
vn -0.99756 -0.06976 -0.00000
vn -0.99756 -0.06976 -0.00000
vn -0.99756 -0.06976 -0.00000
vn 0.86515 0.50151 -0.00000
vn 0.86515 0.50151 -0.00000
vn 0.86515 0.50151 -0.00000
vn 0.86515 0.50151 -0.00000
vn 0.75471 -0.65606 0.00000
vn 0.75471 -0.65606 0.00000
vn 0.82437 -0.56605 0.00000
vn 0.82437 -0.56605 0.00000
vn 0.88336 -0.46870 0.00000
vn 0.88336 -0.46870 0.00000
vn 0.93090 -0.36528 0.00000
vn 0.93090 -0.36528 0.00000
vn 0.96638 -0.25713 0.00000
vn 0.96638 -0.25713 0.00000
vn -0.75471 0.65606 0.00000
vn -0.75471 0.65606 0.00000
vn -0.82437 0.56605 0.00000
vn -0.82437 0.56605 0.00000
vn -0.88336 0.46870 0.00000
vn -0.88336 0.46870 0.00000
vn -0.93090 0.36528 0.00000
vn -0.93090 0.36528 0.00000
vn -0.96638 0.25713 0.00000
vn -0.96638 0.25713 0.00000
vn 0.00000 -0.00000 -1.00000
vn 0.00000 -0.00000 -1.00000
vn 0.00000 -0.00000 -1.00000
vn 0.00000 -0.00000 -1.00000
vn 0.00000 -0.00000 -1.00000
vn 0.00000 -0.00000 -1.00000
vn 0.00000 -0.00000 -1.00000
vn 0.00000 -0.00000 -1.00000
vn 0.00000 -0.00000 -1.00000
vn 0.00000 -0.00000 -1.00000
vn -0.65606 -0.75471 -0.00000
vn -0.65606 -0.75471 -0.00000
vn -0.65606 -0.75471 -0.00000
vn -0.65606 -0.75471 -0.00000
vn 0.25713 0.96638 -0.00000
vn 0.25713 0.96638 -0.00000
vn 0.25713 0.96638 -0.00000
vn 0.25713 0.96638 -0.00000
vn 0.99756 0.06976 0.00000
vn 0.99756 0.06976 0.00000
vn 0.98318 0.18266 0.00000
vn 0.98318 0.18266 0.00000
vn 0.95605 0.29321 0.00000
vn 0.95605 0.29321 0.00000
vn 0.91654 0.39995 0.00000
vn 0.91654 0.39995 0.00000
vn 0.86515 0.50151 0.00000
vn 0.86515 0.50151 0.00000
vn -0.99756 -0.06976 0.00000
vn -0.99756 -0.06976 0.00000
vn -0.98318 -0.18266 0.00000
vn -0.98318 -0.18266 0.00000
vn -0.95605 -0.29321 0.00000
vn -0.95605 -0.29321 0.00000
vn -0.91654 -0.39995 0.00000
vn -0.91654 -0.39995 0.00000
vn -0.86515 -0.50151 0.00000
vn -0.86515 -0.50151 0.00000
vn 0.00000 0.00000 -1.00000
vn 0.00000 0.00000 -1.00000
vn 0.00000 0.00000 -1.00000
vn 0.00000 0.00000 -1.00000
vn 0.00000 0.00000 -1.00000
vn 0.00000 0.00000 -1.00000
vn 0.00000 0.00000 -1.00000
vn 0.00000 0.00000 -1.00000
vn 0.00000 0.00000 -1.00000
vn 0.00000 0.00000 -1.00000
vn 0.06976 -0.99756 -0.00000
vn 0.06976 -0.99756 -0.00000
vn 0.06976 -0.99756 -0.00000
vn 0.06976 -0.99756 -0.00000
vn -0.50151 0.86515 -0.00000
vn -0.50151 0.86515 -0.00000
vn -0.50151 0.86515 -0.00000
vn -0.50151 0.86515 -0.00000
vn 0.65606 0.75471 0.00000
vn 0.65606 0.75471 0.00000
vn 0.56605 0.82437 0.00000
vn 0.56605 0.82437 0.00000
vn 0.46870 0.88336 0.00000
vn 0.46870 0.88336 0.00000
vn 0.36528 0.93090 0.00000
vn 0.36528 0.93090 0.00000
vn 0.25713 0.96638 0.00000
vn 0.25713 0.96638 0.00000
vn -0.65606 -0.75471 0.00000
vn -0.65606 -0.75471 0.00000
vn -0.56605 -0.82437 0.00000
vn -0.56605 -0.82437 0.00000
vn -0.46870 -0.88336 0.00000
vn -0.46870 -0.88336 0.00000
vn -0.36528 -0.93090 0.00000
vn -0.36528 -0.93090 0.00000
vn -0.25713 -0.96638 0.00000
vn -0.25713 -0.96638 0.00000
vn 0.00000 0.00000 -1.00000
vn 0.00000 0.00000 -1.00000
vn 0.00000 0.00000 -1.00000
vn 0.00000 0.00000 -1.00000
vn 0.00000 0.00000 -1.00000
vn 0.00000 0.00000 -1.00000
vn 0.00000 0.00000 -1.00000
vn 0.00000 0.00000 -1.00000
vn 0.00000 0.00000 -1.00000
vn 0.00000 0.00000 -1.00000
vn 0.75471 -0.65606 -0.00000
vn 0.75471 -0.65606 -0.00000
vn 0.75471 -0.65606 -0.00000
vn 0.75471 -0.65606 -0.00000
vn -0.96638 0.25713 -0.00000
vn -0.96638 0.25713 -0.00000
vn -0.96638 0.25713 -0.00000
vn -0.96638 0.25713 -0.00000
vn -0.00000 0.00000 -1.00000
vn -0.00000 0.00000 -1.00000
vn -0.00000 0.00000 -1.00000
vn -0.00000 0.00000 -1.00000
vn -0.00000 0.00000 -1.00000
vn -0.00000 0.00000 -1.00000
vn -0.00000 0.00000 -1.00000
vn -0.00000 0.00000 -1.00000
vn -0.00000 0.00000 -1.00000
vn -0.00000 0.00000 -1.00000
vn -0.00000 0.00000 -1.00000
vn -0.00000 0.00000 -1.00000
vn -0.00000 0.00000 -1.00000
vn -0.00000 0.00000 -1.00000
vn -0.00000 -0.00000 -1.00000
vn -0.00000 -0.00000 -1.00000
vn -0.00000 -0.00000 -1.00000
vn -0.00000 -0.00000 -1.00000
vn -0.00000 -0.00000 -1.00000
vn -0.00000 -0.00000 -1.00000
vn -0.00000 -0.00000 -1.00000
vn -0.00000 -0.00000 -1.00000
vn -0.00000 -0.00000 -1.00000
vn -0.00000 -0.00000 -1.00000
vn -0.00000 -0.00000 -1.00000
vn -0.00000 -0.00000 -1.00000
vn 0.00000 -0.00000 -1.00000
vn 0.00000 -0.00000 -1.00000
vn 0.00000 -0.00000 -1.00000
vn 0.00000 -0.00000 -1.00000
vn 0.00000 -0.00000 -1.00000
vn 0.00000 -0.00000 -1.00000
vn 0.00000 -0.00000 -1.00000
vn 0.00000 -0.00000 -1.00000
vn 0.00000 -0.00000 -1.00000
vn 0.00000 -0.00000 -1.00000
vn 0.00000 -0.00000 -1.00000
vn 0.00000 -0.00000 -1.00000
vn 0.00000 0.00000 -1.00000
vn 0.00000 0.00000 -1.00000
vn 0.00000 0.00000 -1.00000
vn 0.00000 0.00000 -1.00000
vn 0.00000 0.00000 -1.00000
vn 0.00000 0.00000 -1.00000
vn 0.00000 0.00000 -1.00000
vn 0.00000 0.00000 -1.00000
vn 0.00000 0.00000 -1.00000
vn 0.00000 0.00000 -1.00000
vn 0.00000 0.00000 -1.00000
vn 0.00000 0.00000 -1.00000
vn -0.00000 1.00000 -0.00000
vn -0.00000 1.00000 -0.00000
vn -0.25882 0.96593 -0.00000
vn -0.25882 0.96593 -0.00000
vn -0.50000 0.86603 -0.00000
vn -0.50000 0.86603 -0.00000
vn -0.70711 0.70711 -0.00000
vn -0.70711 0.70711 -0.00000
vn -0.86603 0.50000 -0.00000
vn -0.86603 0.50000 -0.00000
vn -0.96593 0.25882 -0.00000
vn -0.96593 0.25882 -0.00000
vn -1.00000 0.00000 -0.00000
vn -1.00000 0.00000 -0.00000
vn -0.96593 -0.25882 -0.00000
vn -0.96593 -0.25882 -0.00000
vn -0.86603 -0.50000 -0.00000
vn -0.86603 -0.50000 -0.00000
vn -0.70711 -0.70711 -0.00000
vn -0.70711 -0.70711 -0.00000
vn -0.50000 -0.86603 -0.00000
vn -0.50000 -0.86603 -0.00000
vn -0.25882 -0.96593 -0.00000
vn -0.25882 -0.96593 -0.00000
vn -0.00000 -1.00000 -0.00000
vn -0.00000 -1.00000 -0.00000
vn 0.25882 -0.96593 -0.00000
vn 0.25882 -0.96593 -0.00000
vn 0.50000 -0.86603 -0.00000
vn 0.50000 -0.86603 -0.00000
vn 0.70711 -0.70711 -0.00000
vn 0.70711 -0.70711 -0.00000
vn 0.86603 -0.50000 -0.00000
vn 0.86603 -0.50000 -0.00000
vn 0.96593 -0.25882 -0.00000
vn 0.96593 -0.25882 -0.00000
vn 1.00000 -0.00000 -0.00000
vn 1.00000 -0.00000 -0.00000
vn 0.96593 0.25882 -0.00000
vn 0.96593 0.25882 -0.00000
vn 0.86603 0.50000 -0.00000
vn 0.86603 0.50000 -0.00000
vn 0.70711 0.70711 -0.00000
vn 0.70711 0.70711 -0.00000
vn 0.50000 0.86603 -0.00000
vn 0.50000 0.86603 -0.00000
vn 0.25882 0.96593 -0.00000
vn 0.25882 0.96593 -0.00000
vn 0.00000 1.00000 -0.00000
vn 0.00000 1.00000 -0.00000
vn -0.00000 0.00000 -1.00000
vn -0.00000 0.00000 -1.00000
vn -0.00000 0.00000 -1.00000
vn -0.00000 0.00000 -1.00000
vn -0.00000 0.00000 -1.00000
vn -0.00000 0.00000 -1.00000
vn -0.00000 0.00000 -1.00000
vn -0.00000 0.00000 -1.00000
vn -0.00000 0.00000 -1.00000
vn -0.00000 0.00000 -1.00000
vn -0.00000 0.00000 -1.00000
vn -0.00000 0.00000 -1.00000
vn -0.00000 0.00000 -1.00000
vn -0.00000 0.00000 -1.00000
vn -0.00000 0.00000 -1.00000
vn -0.00000 0.00000 -1.00000
vn -0.00000 0.00000 -1.00000
vn -0.00000 0.00000 -1.00000
vn -0.00000 0.00000 -1.00000
vn -0.00000 0.00000 -1.00000
vn -0.00000 0.00000 -1.00000
vn -0.00000 0.00000 -1.00000
vn -0.00000 0.00000 -1.00000
vn -0.00000 0.00000 -1.00000
vn -0.00000 0.00000 -1.00000
vn -0.00000 0.00000 -1.00000
vn 0.31429 0.94933 -0.00000
vn 0.15071 0.53611 0.83059
vn 0.09027 0.48859 0.86783
vn 0.04429 0.48354 0.87420
vn -0.00000 0.48484 0.87461
vn -0.04429 0.48354 0.87420
vn -0.09027 0.48859 0.86783
vn -0.15071 0.53611 0.83059
vn -0.31429 0.94933 0.00000
vn 0.97158 0.23673 -0.00000
vn 0.71692 0.44084 0.54007
vn 0.23015 0.66445 0.71101
vn 0.08184 0.68347 0.72538
vn -0.00000 0.68750 0.72618
vn -0.08184 0.68347 0.72538
vn -0.23015 0.66445 0.71101
vn -0.71692 0.44084 0.54007
vn -0.97158 0.23673 0.00000
vn 0.98458 0.17491 -0.00000
vn 0.88227 0.45886 0.10511
vn 0.34171 0.92328 0.17546
vn 0.12069 0.97564 0.18320
vn -0.00000 0.98299 0.18364
vn -0.12069 0.97564 0.18320
vn -0.34171 0.92328 0.17546
vn -0.88227 0.45886 0.10511
vn -0.98458 0.17491 0.00000
vn 0.98653 0.16357 -0.00000
vn 0.89322 0.44921 0.01931
vn 0.35092 0.93583 0.03300
vn 0.12349 0.99174 0.03453
vn -0.00000 0.99940 0.03462
vn -0.12349 0.99174 0.03453
vn -0.35092 0.93583 0.03300
vn -0.89322 0.44921 0.01931
vn -0.98653 0.16357 0.00000
vn 0.98665 0.16284 -0.00000
vn 0.89378 0.44851 -0.00000
vn 0.35137 0.93624 -0.00000
vn 0.12361 0.99233 -0.00000
vn -0.00000 1.00000 -0.00000
vn -0.12361 0.99233 0.00000
vn -0.35137 0.93624 0.00000
vn -0.89378 0.44851 0.00000
vn -0.98665 0.16284 0.00000
vn 0.98653 0.16357 -0.00000
vn 0.89322 0.44921 -0.01931
vn 0.35092 0.93583 -0.03300
vn 0.12349 0.99174 -0.03453
vn 0.00000 0.99940 -0.03462
vn -0.12349 0.99174 -0.03453
vn -0.35092 0.93583 -0.03300
vn -0.89322 0.44921 -0.01931
vn -0.98653 0.16357 0.00000
vn 0.98458 0.17491 -0.00000
vn 0.88227 0.45886 -0.10511
vn 0.34171 0.92328 -0.17546
vn 0.12069 0.97564 -0.18320
vn 0.00000 0.98299 -0.18364
vn -0.12069 0.97564 -0.18320
vn -0.34171 0.92328 -0.17546
vn -0.88227 0.45886 -0.10511
vn -0.98458 0.17491 0.00000
vn 0.97158 0.23673 -0.00000
vn 0.71692 0.44084 -0.54007
vn 0.23015 0.66445 -0.71101
vn 0.08184 0.68347 -0.72538
vn 0.00000 0.68750 -0.72618
vn -0.08184 0.68347 -0.72538
vn -0.23015 0.66445 -0.71101
vn -0.71692 0.44084 -0.54007
vn -0.97158 0.23673 0.00000
vn 0.31429 0.94933 -0.00000
vn 0.15071 0.53611 -0.83059
vn 0.09027 0.48859 -0.86783
vn 0.04429 0.48354 -0.87420
vn 0.00000 0.48484 -0.87461
vn -0.04429 0.48354 -0.87420
vn -0.09027 0.48859 -0.86783
vn -0.15071 0.53611 -0.83059
vn -0.31429 0.94933 0.00000
vn 0.00000 0.99696 -0.07789
vn 0.86603 0.49848 -0.03894
vn 0.86603 -0.49848 0.03894
vn 0.00000 -0.99696 0.07789
vn -0.86603 -0.49848 0.03894
vn -0.86603 0.49848 -0.03894
vn -0.00000 0.99696 -0.07789
vn 0.00000 0.99138 0.13105
vn 0.86603 0.49569 0.06553
vn 0.86603 -0.49569 -0.06553
vn 0.00000 -0.99138 -0.13105
vn -0.86603 -0.49569 -0.06553
vn -0.86603 0.49569 0.06553
vn -0.00000 0.99138 0.13105
vn -0.00000 0.50000 -0.86603
vn -0.86603 0.25000 -0.43301
vn -0.86603 -0.25000 0.43301
vn -0.00000 -0.50000 0.86603
vn 0.86603 -0.25000 0.43301
vn 0.86603 0.25000 -0.43301
vn 0.00000 0.50000 -0.86603
vn -0.00000 0.86603 -0.50000
vn -0.86603 0.43301 -0.25000
vn -0.86603 -0.43301 0.25000
vn -0.00000 -0.86603 0.50000
vn 0.86603 -0.43301 0.25000
vn 0.86603 0.43301 -0.25000
vn 0.00000 0.86603 -0.50000
vn -0.00000 1.00000 -0.00000
vn -0.86603 0.50000 -0.00000
vn -0.86603 -0.50000 0.00000
vn -0.00000 -1.00000 0.00000
vn 0.86603 -0.50000 0.00000
vn 0.86603 0.50000 -0.00000
vn 0.00000 1.00000 -0.00000
vn -0.00000 0.86603 0.50000
vn -0.86603 0.43301 0.25000
vn -0.86603 -0.43301 -0.25000
vn -0.00000 -0.86603 -0.50000
vn 0.86603 -0.43301 -0.25000
vn 0.86603 0.43301 0.25000
vn 0.00000 0.86603 0.50000
vn -0.00000 0.50000 0.86603
vn -0.86603 0.25000 0.43301
vn -0.86603 -0.25000 -0.43301
vn -0.00000 -0.50000 -0.86603
vn 0.86603 -0.25000 -0.43301
vn 0.86603 0.25000 0.43301
vn 0.00000 0.50000 0.86603
vn -0.00000 0.99138 -0.13105
vn 0.86603 0.49569 -0.06553
vn 0.86603 -0.49569 0.06553
vn 0.00000 -0.99138 0.13105
vn -0.86603 -0.49569 0.06553
vn -0.86603 0.49569 -0.06553
vn -0.00000 0.99138 -0.13105
vn -0.00000 0.99696 0.07789
vn 0.86603 0.49848 0.03894
vn 0.86603 -0.49848 -0.03894
vn 0.00000 -0.99696 -0.07789
vn -0.86603 -0.49848 -0.03894
vn -0.86603 0.49848 0.03894
vn -0.00000 0.99696 0.07789
vn -0.00000 -1.00000 -0.00000
vn 0.60651 -0.70711 0.36353
vn 0.85773 -0.00000 0.51410
vn 0.60651 0.70711 0.36353
vn 0.00000 1.00000 0.00000
vn -0.60651 0.70711 -0.36353
vn -0.85773 0.00000 -0.51410
vn -0.60651 -0.70711 -0.36353
vn -0.00000 -1.00000 -0.00000
vn 0.37368 -0.67218 -0.63917
vn 0.87467 -0.47530 -0.09509
vn 0.86329 -0.00000 0.50470
vn 0.34621 0.47530 0.80884
vn -0.37368 0.67218 0.63917
vn -0.87467 0.47530 0.09509
vn -0.86329 0.00000 -0.50470
vn -0.34621 -0.47530 -0.80884
vn 0.37368 -0.67218 -0.63917
vn 0.44401 -0.46392 -0.76657
vn 0.92775 -0.32061 -0.19103
vn 0.86802 0.01052 0.49641
vn 0.29982 0.33548 0.89306
vn -0.44401 0.46392 0.76657
vn -0.92775 0.32061 0.19103
vn -0.86802 -0.01052 -0.49641
vn -0.29982 -0.33548 -0.89306
vn 0.44401 -0.46392 -0.76657
vn 0.46431 -0.36520 -0.80687
vn 0.94401 -0.24299 -0.22315
vn 0.87073 0.02156 0.49129
vn 0.28738 0.27348 0.91794
vn -0.46431 0.36520 0.80687
vn -0.94401 0.24299 0.22315
vn -0.87073 -0.02156 -0.49129
vn -0.28738 -0.27348 -0.91794
vn 0.46431 -0.36520 -0.80687
vn 0.47287 -0.30719 -0.82585
vn 0.95119 -0.19532 -0.23893
vn 0.87232 0.03096 0.48795
vn 0.28246 0.23910 0.92900
vn -0.47287 0.30719 0.82585
vn -0.95119 0.19532 0.23893
vn -0.87232 -0.03096 -0.48795
vn -0.28246 -0.23910 -0.92900
vn 0.47287 -0.30719 -0.82585
vn 0.47752 -0.26583 -0.83744
vn 0.95510 -0.16118 -0.24859
vn 0.87320 0.03788 0.48588
vn 0.27979 0.21475 0.93573
vn -0.47752 0.26583 0.83744
vn -0.95510 0.16118 0.24859
vn -0.87320 -0.03788 -0.48588
vn -0.27979 -0.21475 -0.93573
vn 0.47752 -0.26583 -0.83744
vn 0.48063 -0.23044 -0.84610
vn 0.95758 -0.13342 -0.25543
vn 0.87359 0.04175 0.48487
vn 0.27786 0.19247 0.94114
vn -0.48063 0.23044 0.84610
vn -0.95758 0.13342 0.25543
vn -0.87359 -0.04175 -0.48487
vn -0.27786 -0.19247 -0.94114
vn 0.48063 -0.23044 -0.84610
vn 0.48306 -0.19530 -0.85353
vn 0.95931 -0.10834 -0.26073
vn 0.87361 0.04209 0.48480
vn 0.27616 0.16786 0.94634
vn -0.48306 0.19530 0.85353
vn -0.95931 0.10834 0.26073
vn -0.87361 -0.04209 -0.48480
vn -0.27616 -0.16786 -0.94634
vn 0.48306 -0.19530 -0.85353
vn 0.48512 -0.15682 -0.86027
vn 0.96061 -0.08371 -0.26500
vn 0.87339 0.03843 0.48551
vn 0.27455 0.13807 0.95161
vn -0.48512 0.15682 0.86027
vn -0.96061 0.08371 0.26500
vn -0.87339 -0.03843 -0.48551
vn -0.27455 -0.13807 -0.95161
vn 0.48512 -0.15682 -0.86027
vn 0.48688 -0.11249 -0.86620
vn 0.96158 -0.05807 -0.26830
vn 0.87301 0.03037 0.48676
vn 0.27303 0.10102 0.95669
vn -0.48688 0.11249 0.86620
vn -0.96158 0.05807 0.26830
vn -0.87301 -0.03037 -0.48676
vn -0.27303 -0.10102 -0.95669
vn 0.48688 -0.11249 -0.86620
vn 0.48829 -0.06042 -0.87059
vn 0.96227 -0.03034 -0.27040
vn 0.87256 0.01751 0.48818
vn 0.27172 0.05511 0.96080
vn -0.48829 0.06042 0.87059
vn -0.96227 0.03034 0.27040
vn -0.87256 -0.01751 -0.48818
vn -0.27172 -0.05511 -0.96080
vn 0.48829 -0.06042 -0.87059
vn 0.48921 0.00076 -0.87217
vn 0.96264 0.00024 -0.27079
vn 0.87217 -0.00043 0.48921
vn 0.27079 -0.00084 0.96264
vn -0.48921 -0.00076 0.87217
vn -0.96264 -0.00024 0.27079
vn -0.87217 0.00043 -0.48921
vn -0.27079 0.00084 -0.96264
vn 0.48921 0.00076 -0.87217
vn 0.48941 0.07190 -0.86909
vn 0.96261 0.03415 -0.26872
vn 0.87193 -0.02361 0.48905
vn 0.27049 -0.06753 0.96035
vn -0.48941 -0.07190 0.86909
vn -0.96261 -0.03415 0.26872
vn -0.87193 0.02361 -0.48905
vn -0.27049 0.06753 -0.96035
vn 0.48941 0.07190 -0.86909
vn 0.48859 0.15314 -0.85897
vn 0.96208 0.07158 -0.26320
vn 0.87200 -0.05191 0.48675
vn 0.27111 -0.14499 0.95157
vn -0.48859 -0.15314 0.85897
vn -0.96208 -0.07158 0.26320
vn -0.87200 0.05191 -0.48675
vn -0.27111 0.14499 -0.95157
vn 0.48859 0.15314 -0.85897
vn 0.48642 0.24373 -0.83904
vn 0.96091 0.11232 -0.25306
vn 0.87251 -0.08488 0.48116
vn 0.27301 -0.23236 0.93353
vn -0.48642 -0.24373 0.83904
vn -0.96091 -0.11232 0.25306
vn -0.87251 0.08488 -0.48116
vn -0.27301 0.23236 -0.93353
vn 0.48642 0.24373 -0.83904
vn 0.48248 0.34196 -0.80639
vn 0.95892 0.15581 -0.23706
vn 0.87363 -0.12162 0.47114
vn 0.27658 -0.32780 0.90335
vn -0.48248 -0.34196 0.80639
vn -0.95892 -0.15581 0.23706
vn -0.87363 0.12162 -0.47114
vn -0.27658 0.32780 -0.90335
vn 0.48248 0.34196 -0.80639
vn 0.47637 0.44523 -0.75819
vn 0.95592 0.20110 -0.21393
vn 0.87551 -0.16083 0.45564
vn 0.28224 -0.42855 0.85831
vn -0.47637 -0.44523 0.75819
vn -0.95592 -0.20110 0.21393
vn -0.87551 0.16083 -0.45564
vn -0.28224 0.42855 -0.85831
vn 0.47637 0.44523 -0.75819
vn 0.46759 0.55034 -0.69173
vn 0.95169 0.24706 -0.18236
vn 0.87830 -0.20095 0.43383
vn 0.29042 -0.53124 0.79589
vn -0.46759 -0.55034 0.69173
vn -0.95169 -0.24706 0.18236
vn -0.87830 0.20095 -0.43383
vn -0.29042 0.53124 -0.79589
vn 0.46759 0.55034 -0.69173
vn 0.45556 0.65387 -0.60409
vn 0.94589 0.29237 -0.14075
vn 0.88213 -0.24039 0.40504
vn 0.30163 -0.63234 0.71356
vn -0.45556 -0.65387 0.60409
vn -0.94589 -0.29237 0.14075
vn -0.88213 0.24039 -0.40504
vn -0.30163 0.63234 -0.71356
vn 0.45556 0.65387 -0.60409
vn 0.43941 0.75211 -0.49118
vn 0.93805 0.33547 -0.08675
vn 0.88719 -0.27767 0.36850
vn 0.31663 -0.72816 0.60789
vn -0.43941 -0.75211 0.49118
vn -0.93805 -0.33547 0.08675
vn -0.88719 0.27767 -0.36850
vn -0.31663 0.72816 -0.60789
vn 0.43941 0.75211 -0.49118
vn 0.41774 0.83988 -0.34654
vn 0.92738 0.37375 -0.01675
vn 0.89378 -0.31133 0.32286
vn 0.33661 -0.81403 0.47334
vn -0.41774 -0.83988 0.34654
vn -0.92738 -0.37375 0.01675
vn -0.89378 0.31133 -0.32286
vn -0.33661 0.81403 -0.47334
vn 0.41774 0.83988 -0.34654
vn 0.38841 0.90734 -0.16085
vn 0.91274 0.40175 0.07417
vn 0.90240 -0.33918 0.26575
vn 0.36345 -0.88142 0.30165
vn -0.38841 -0.90734 0.16085
vn -0.91274 -0.40175 -0.07417
vn -0.90240 0.33918 -0.26575
vn -0.36345 0.88142 -0.30165
vn 0.38841 0.90734 -0.16085
vn 0.34896 0.93420 0.07414
vn 0.89291 0.40831 0.18971
vn 0.91380 -0.35675 0.19415
vn 0.39940 -0.91284 0.08486
vn -0.34896 -0.93420 -0.07414
vn -0.89291 -0.40831 -0.18971
vn -0.91380 0.35675 -0.19415
vn -0.39940 0.91284 -0.08486
vn 0.34896 0.93420 0.07414
vn 0.29904 0.88756 0.35044
vn 0.86799 0.37631 0.32400
vn 0.92849 -0.35538 0.10777
vn 0.44508 -0.87890 -0.17159
vn -0.29904 -0.88756 -0.35044
vn -0.86799 -0.37631 -0.32400
vn -0.92849 0.35538 -0.10777
vn -0.44508 0.87890 0.17159
vn 0.29904 0.88756 0.35044
vn 0.24471 0.74337 0.62251
vn 0.84163 0.29576 0.45187
vn 0.94553 -0.32511 0.01654
vn 0.49556 -0.75553 -0.42849
vn -0.24471 -0.74337 -0.62251
vn -0.84163 -0.29576 -0.45187
vn -0.94553 0.32511 -0.01654
vn -0.49556 0.75553 0.42849
vn 0.24471 0.74337 0.62251
vn 0.19733 0.52829 0.82582
vn 0.81962 0.18447 0.54240
vn 0.96179 -0.26741 -0.05875
vn 0.54056 -0.56264 -0.62549
vn -0.19733 -0.52829 -0.82582
vn -0.81962 -0.18447 -0.54240
vn -0.96179 0.26741 0.05875
vn -0.54056 0.56264 0.62549
vn 0.19733 0.52829 0.82582
vn 0.16395 0.30693 0.93751
vn 0.80478 0.07571 0.58872
vn 0.97419 -0.19986 -0.10493
vn 0.57293 -0.35835 -0.73711
vn -0.16395 -0.30693 -0.93751
vn -0.80478 -0.07571 -0.58872
vn -0.97419 0.19986 0.10493
vn -0.57293 0.35835 0.73711
vn 0.16395 0.30693 0.93751
vn 0.14358 0.12248 0.98203
vn 0.79606 -0.01163 0.60511
vn 0.98222 -0.13892 -0.12628
vn 0.59301 -0.18484 -0.78370
vn -0.14358 -0.12248 -0.98203
vn -0.79606 0.01163 -0.60511
vn -0.98222 0.13892 0.12628
vn -0.59301 0.18484 0.78370
vn 0.14358 0.12248 0.98203
vn 0.13211 -0.01657 0.99110
vn 0.79133 -0.07541 0.60671
vn 0.98700 -0.09009 -0.13307
vn 0.60450 -0.05199 -0.79491
vn -0.13211 0.01657 -0.99110
vn -0.79133 0.07541 -0.60671
vn -0.98700 0.09009 0.13307
vn -0.60450 0.05199 0.79491
vn 0.13211 -0.01657 0.99110
vn 0.12599 -0.11710 0.98510
vn 0.78896 -0.11980 0.60266
vn 0.98976 -0.05232 -0.13281
vn 0.61078 0.04581 -0.79048
vn -0.12599 0.11710 -0.98510
vn -0.78896 0.11980 -0.60266
vn -0.98976 0.05232 0.13281
vn -0.61078 -0.04581 0.79048
vn 0.12599 -0.11710 0.98510
vn 0.12294 -0.18833 0.97438
vn 0.78789 -0.14943 0.59741
vn 0.99131 -0.02300 -0.12952
vn 0.61403 0.11690 -0.78058
vn -0.12294 0.18833 -0.97438
vn -0.78789 0.14943 -0.59741
vn -0.99131 0.02300 0.12952
vn -0.61403 -0.11690 0.78058
vn 0.12294 -0.18833 0.97438
vn 0.12160 -0.23774 0.96369
vn 0.78754 -0.16791 0.59295
vn 0.99214 0.00028 -0.12513
vn 0.61556 0.16831 -0.76991
vn -0.12160 0.23774 -0.96369
vn -0.78754 0.16791 -0.59295
vn -0.99214 -0.00028 0.12513
vn -0.61556 -0.16831 0.76991
vn 0.12160 -0.23774 0.96369
vn 0.12119 -0.27082 0.95497
vn 0.78752 -0.17781 0.59008
vn 0.99253 0.01936 -0.12047
vn 0.61613 0.20519 -0.76045
vn -0.12119 0.27082 -0.95497
vn -0.78752 0.17781 -0.59008
vn -0.99253 -0.01936 0.12047
vn -0.61613 -0.20519 0.76045
vn 0.12119 -0.27082 0.95497
vn 0.12122 -0.29151 0.94886
vn 0.78761 -0.18095 0.58901
vn 0.99263 0.03560 -0.11588
vn 0.61618 0.23130 -0.75288
vn -0.12122 0.29151 -0.94886
vn -0.78761 0.18095 -0.58901
vn -0.99263 -0.03560 0.11588
vn -0.61618 -0.23130 0.75288
vn 0.12122 -0.29151 0.94886
vn 0.12139 -0.30272 0.94532
vn 0.78765 -0.17866 0.58965
vn 0.99251 0.05005 -0.11142
vn 0.61598 0.24945 -0.74723
vn -0.12139 0.30272 -0.94532
vn -0.78765 0.17866 -0.58965
vn -0.99251 -0.05005 0.11142
vn -0.61598 -0.24945 0.74723
vn 0.12139 -0.30272 0.94532
vn 0.12151 -0.30683 0.94397
vn 0.78752 -0.17199 0.59180
vn 0.99222 0.06361 -0.10704
vn 0.61569 0.26194 -0.74318
vn -0.12151 0.30683 -0.94397
vn -0.78752 0.17199 -0.59180
vn -0.99222 -0.06361 0.10704
vn -0.61569 -0.26194 0.74318
vn 0.12151 -0.30683 0.94397
vn 0.12147 -0.30597 0.94426
vn 0.78715 -0.16183 0.59515
vn 0.99173 0.07711 -0.10259
vn 0.61537 0.27087 -0.74024
vn -0.12147 0.30597 -0.94426
vn -0.78715 0.16183 -0.59515
vn -0.99173 -0.07711 0.10259
vn -0.61537 -0.27087 0.74024
vn 0.12147 -0.30597 0.94426
vn 0.12125 -0.30230 0.94547
vn 0.78647 -0.14908 0.59936
vn 0.99099 0.09147 -0.09784
vn 0.61500 0.27843 -0.73773
vn -0.12125 0.30230 -0.94547
vn -0.78647 0.14908 -0.59936
vn -0.99099 -0.09147 0.09784
vn -0.61500 -0.27843 0.73773
vn 0.12125 -0.30230 0.94547
vn 0.12094 -0.29839 0.94675
vn 0.78546 -0.13472 0.60408
vn 0.98986 0.10786 -0.09245
vn 0.61441 0.28727 -0.73483
vn -0.12094 0.29839 -0.94675
vn -0.78546 0.13472 -0.60408
vn -0.98986 -0.10786 0.09245
vn -0.61441 -0.28727 0.73483
vn 0.12094 -0.29839 0.94675
vn 0.12087 -0.29765 0.94699
vn 0.78412 -0.11993 0.60891
vn 0.98805 0.12804 -0.08586
vn 0.61319 0.30101 -0.73034
vn -0.12087 0.29765 -0.94699
vn -0.78412 0.11993 -0.60891
vn -0.98805 -0.12804 0.08586
vn -0.61319 -0.30101 0.73034
vn 0.12087 -0.29765 0.94699
vn 0.12186 -0.30524 0.94444
vn 0.78261 -0.10629 0.61337
vn 0.98492 0.15493 -0.07701
vn 0.61027 0.32539 -0.72228
vn -0.12186 0.30524 -0.94444
vn -0.78261 0.10629 -0.61337
vn -0.98492 -0.15493 0.07701
vn -0.61027 -0.32539 0.72228
vn 0.12186 -0.30524 0.94444
vn 0.12626 -0.33032 0.93539
vn 0.78145 -0.09616 0.61652
vn 0.97888 0.19434 -0.06350
vn 0.60290 0.37099 -0.70632
vn -0.12626 0.33032 -0.93539
vn -0.78145 0.09616 -0.61652
vn -0.97888 -0.19434 0.06350
vn -0.60290 -0.37099 0.70632
vn 0.12626 -0.33032 0.93539
vn 0.14197 -0.39256 0.90870
vn 0.78262 -0.09364 0.61542
vn 0.96481 0.26013 -0.03836
vn 0.58183 0.46152 -0.66968
vn -0.14197 0.39256 -0.90870
vn -0.78262 0.09364 -0.61542
vn -0.96481 -0.26013 0.03836
vn -0.58183 -0.46152 0.66968
vn 0.14197 -0.39256 0.90870
vn 0.21050 -0.54365 0.81249
vn 0.79730 -0.10319 0.59469
vn 0.91706 0.39772 0.02853
vn 0.49962 0.66565 -0.55434
vn -0.21050 0.54365 -0.81249
vn -0.79730 0.10319 -0.59469
vn -0.91706 -0.39772 -0.02853
vn -0.49962 -0.66565 0.55434
vn 0.21050 -0.54365 0.81249
vn -0.00000 -1.00000 -0.00000
vn -0.00000 -1.00000 -0.00000
vn -0.00000 -1.00000 -0.00000
vn -0.00000 -1.00000 -0.00000
vn -0.00000 -1.00000 -0.00000
vn -0.00000 -1.00000 -0.00000
vn -0.00000 -1.00000 -0.00000
vn -0.00000 -1.00000 -0.00000
vn -0.00000 -1.00000 -0.00000
vn -0.00000 -1.00000 -0.00000
vn -0.00000 -1.00000 -0.00000
vn -0.00000 -1.00000 -0.00000
vn -0.00000 -1.00000 -0.00000
vn -0.00000 -1.00000 -0.00000
vn -0.00000 -1.00000 -0.00000
vn -0.00000 -1.00000 -0.00000
vn -0.00000 -1.00000 -0.00000
vn -0.00000 -1.00000 -0.00000
vn -0.00000 -1.00000 -0.00000
vn -0.00000 -1.00000 -0.00000
vn -0.00000 -1.00000 -0.00000
vn -0.00000 -1.00000 -0.00000
vn -0.00000 -1.00000 -0.00000
vn -0.00000 -1.00000 -0.00000
vn -0.00000 -1.00000 -0.00000
vn -0.00000 -1.00000 -0.00000
vn -0.00000 -0.85749 0.51450
vn -0.00000 -0.85749 0.51450
vn -0.25725 -0.85749 0.44557
vn -0.25725 -0.85749 0.44557
vn -0.44557 -0.85749 0.25725
vn -0.44557 -0.85749 0.25725
vn -0.51450 -0.85749 0.00000
vn -0.51450 -0.85749 0.00000
vn -0.44557 -0.85749 -0.25725
vn -0.44557 -0.85749 -0.25725
vn -0.25725 -0.85749 -0.44557
vn -0.25725 -0.85749 -0.44557
vn -0.00000 -0.85749 -0.51450
vn -0.00000 -0.85749 -0.51450
vn 0.25725 -0.85749 -0.44557
vn 0.25725 -0.85749 -0.44557
vn 0.44557 -0.85749 -0.25725
vn 0.44557 -0.85749 -0.25725
vn 0.51450 -0.85749 -0.00000
vn 0.51450 -0.85749 -0.00000
vn 0.44557 -0.85749 0.25725
vn 0.44557 -0.85749 0.25725
vn 0.25725 -0.85749 0.44557
vn 0.25725 -0.85749 0.44557
vn 0.00000 -0.85749 0.51450
vn 0.00000 -0.85749 0.51450
vn -0.00000 0.00000 1.00000
vn -0.00000 0.00000 1.00000
vn -0.50000 0.00000 0.86603
vn -0.50000 0.00000 0.86603
vn -0.86603 0.00000 0.50000
vn -0.86603 0.00000 0.50000
vn -1.00000 0.00000 0.00000
vn -1.00000 0.00000 0.00000
vn -0.86603 0.00000 -0.50000
vn -0.86603 0.00000 -0.50000
vn -0.50000 0.00000 -0.86603
vn -0.50000 0.00000 -0.86603
vn -0.00000 0.00000 -1.00000
vn -0.00000 0.00000 -1.00000
vn 0.50000 0.00000 -0.86603
vn 0.50000 0.00000 -0.86603
vn 0.86603 0.00000 -0.50000
vn 0.86603 0.00000 -0.50000
vn 1.00000 0.00000 -0.00000
vn 1.00000 0.00000 -0.00000
vn 0.86603 0.00000 0.50000
vn 0.86603 0.00000 0.50000
vn 0.50000 0.00000 0.86603
vn 0.50000 0.00000 0.86603
vn 0.00000 0.00000 1.00000
vn 0.00000 0.00000 1.00000
vn -0.00000 0.85749 0.51450
vn -0.00000 0.85749 0.51450
vn -0.25725 0.85749 0.44557
vn -0.25725 0.85749 0.44557
vn -0.44557 0.85749 0.25725
vn -0.44557 0.85749 0.25725
vn -0.51450 0.85749 0.00000
vn -0.51450 0.85749 0.00000
vn -0.44557 0.85749 -0.25725
vn -0.44557 0.85749 -0.25725
vn -0.25725 0.85749 -0.44557
vn -0.25725 0.85749 -0.44557
vn -0.00000 0.85749 -0.51450
vn -0.00000 0.85749 -0.51450
vn 0.25725 0.85749 -0.44557
vn 0.25725 0.85749 -0.44557
vn 0.44557 0.85749 -0.25725
vn 0.44557 0.85749 -0.25725
vn 0.51450 0.85749 -0.00000
vn 0.51450 0.85749 -0.00000
vn 0.44557 0.85749 0.25725
vn 0.44557 0.85749 0.25725
vn 0.25725 0.85749 0.44557
vn 0.25725 0.85749 0.44557
vn 0.00000 0.85749 0.51450
vn 0.00000 0.85749 0.51450
vn -0.00000 1.00000 -0.00000
vn -0.00000 1.00000 -0.00000
vn -0.00000 1.00000 -0.00000
vn -0.00000 1.00000 -0.00000
vn -0.00000 1.00000 -0.00000
vn -0.00000 1.00000 -0.00000
vn -0.00000 1.00000 -0.00000
vn -0.00000 1.00000 -0.00000
vn -0.00000 1.00000 -0.00000
vn -0.00000 1.00000 -0.00000
vn -0.00000 1.00000 -0.00000
vn -0.00000 1.00000 -0.00000
vn -0.00000 1.00000 -0.00000
vn -0.00000 1.00000 -0.00000
vn -0.00000 1.00000 -0.00000
vn -0.00000 1.00000 -0.00000
vn -0.00000 1.00000 -0.00000
vn -0.00000 1.00000 -0.00000
vn -0.00000 1.00000 -0.00000
vn -0.00000 1.00000 -0.00000
vn -0.00000 1.00000 -0.00000
vn -0.00000 1.00000 -0.00000
vn -0.00000 1.00000 -0.00000
vn -0.00000 1.00000 -0.00000
vn -0.00000 1.00000 -0.00000
vn -0.00000 1.00000 -0.00000
usemtl grip
f 451/451/451 452/452/452 454/454/454 453/453/453
f 453/453/453 454/454/454 456/456/456 455/455/455
f 455/455/455 456/456/456 458/458/458 457/457/457
f 457/457/457 458/458/458 460/460/460 459/459/459
f 459/459/459 460/460/460 462/462/462 461/461/461
f 461/461/461 462/462/462 464/464/464 463/463/463
f 463/463/463 464/464/464 466/466/466 465/465/465
f 465/465/465 466/466/466 468/468/468 467/467/467
f 467/467/467 468/468/468 470/470/470 469/469/469
f 469/469/469 470/470/470 472/472/472 471/471/471
f 471/471/471 472/472/472 474/474/474 473/473/473
f 473/473/473 474/474/474 476/476/476 475/475/475
f 475/475/475 476/476/476 478/478/478 477/477/477
f 477/477/477 478/478/478 480/480/480 479/479/479
f 479/479/479 480/480/480 482/482/482 481/481/481
f 481/481/481 482/482/482 484/484/484 483/483/483
f 483/483/483 484/484/484 486/486/486 485/485/485
f 485/485/485 486/486/486 488/488/488 487/487/487
f 487/487/487 488/488/488 490/490/490 489/489/489
f 489/489/489 490/490/490 492/492/492 491/491/491
f 491/491/491 492/492/492 494/494/494 493/493/493
f 493/493/493 494/494/494 496/496/496 495/495/495
f 495/495/495 496/496/496 498/498/498 497/497/497
f 497/497/497 498/498/498 500/500/500 499/499/499
usemtl anodized
f 251/251/251 252/252/252 254/254/254 253/253/253
f 253/253/253 254/254/254 256/256/256 255/255/255
f 255/255/255 256/256/256 258/258/258 257/257/257
f 257/257/257 258/258/258 260/260/260 259/259/259
f 259/259/259 260/260/260 262/262/262 261/261/261
f 261/261/261 262/262/262 264/264/264 263/263/263
f 263/263/263 264/264/264 266/266/266 265/265/265
f 265/265/265 266/266/266 268/268/268 267/267/267
f 267/267/267 268/268/268 270/270/270 269/269/269
f 269/269/269 270/270/270 272/272/272 271/271/271
f 271/271/271 272/272/272 274/274/274 273/273/273
f 273/273/273 274/274/274 276/276/276 275/275/275
f 275/275/275 276/276/276 278/278/278 277/277/277
f 277/277/277 278/278/278 280/280/280 279/279/279
f 279/279/279 280/280/280 282/282/282 281/281/281
f 281/281/281 282/282/282 284/284/284 283/283/283
f 283/283/283 284/284/284 286/286/286 285/285/285
f 285/285/285 286/286/286 288/288/288 287/287/287
f 287/287/287 288/288/288 290/290/290 289/289/289
f 289/289/289 290/290/290 292/292/292 291/291/291
f 291/291/291 292/292/292 294/294/294 293/293/293
f 293/293/293 294/294/294 296/296/296 295/295/295
f 295/295/295 296/296/296 298/298/298 297/297/297
f 297/297/297 298/298/298 300/300/300 299/299/299
f 301/301/301 302/302/302 304/304/304 303/303/303
f 303/303/303 304/304/304 306/306/306 305/305/305
f 305/305/305 306/306/306 308/308/308 307/307/307
f 307/307/307 308/308/308 310/310/310 309/309/309
f 309/309/309 310/310/310 312/312/312 311/311/311
f 311/311/311 312/312/312 314/314/314 313/313/313
f 313/313/313 314/314/314 316/316/316 315/315/315
f 315/315/315 316/316/316 318/318/318 317/317/317
f 317/317/317 318/318/318 320/320/320 319/319/319
f 319/319/319 320/320/320 322/322/322 321/321/321
f 321/321/321 322/322/322 324/324/324 323/323/323
f 323/323/323 324/324/324 326/326/326 325/325/325
f 325/325/325 326/326/326 328/328/328 327/327/327
f 327/327/327 328/328/328 330/330/330 329/329/329
f 329/329/329 330/330/330 332/332/332 331/331/331
f 331/331/331 332/332/332 334/334/334 333/333/333
f 333/333/333 334/334/334 336/336/336 335/335/335
f 335/335/335 336/336/336 338/338/338 337/337/337
f 337/337/337 338/338/338 340/340/340 339/339/339
f 339/339/339 340/340/340 342/342/342 341/341/341
f 341/341/341 342/342/342 344/344/344 343/343/343
f 343/343/343 344/344/344 346/346/346 345/345/345
f 345/345/345 346/346/346 348/348/348 347/347/347
f 347/347/347 348/348/348 350/350/350 349/349/349
f 351/351/351 352/352/352 354/354/354 353/353/353
f 353/353/353 354/354/354 356/356/356 355/355/355
f 355/355/355 356/356/356 358/358/358 357/357/357
f 357/357/357 358/358/358 360/360/360 359/359/359
f 359/359/359 360/360/360 362/362/362 361/361/361
f 361/361/361 362/362/362 364/364/364 363/363/363
f 363/363/363 364/364/364 366/366/366 365/365/365
f 365/365/365 366/366/366 368/368/368 367/367/367
f 367/367/367 368/368/368 370/370/370 369/369/369
f 369/369/369 370/370/370 372/372/372 371/371/371
f 371/371/371 372/372/372 374/374/374 373/373/373
f 373/373/373 374/374/374 376/376/376 375/375/375
f 375/375/375 376/376/376 378/378/378 377/377/377
f 377/377/377 378/378/378 380/380/380 379/379/379
f 379/379/379 380/380/380 382/382/382 381/381/381
f 381/381/381 382/382/382 384/384/384 383/383/383
f 383/383/383 384/384/384 386/386/386 385/385/385
f 385/385/385 386/386/386 388/388/388 387/387/387
f 387/387/387 388/388/388 390/390/390 389/389/389
f 389/389/389 390/390/390 392/392/392 391/391/391
f 391/391/391 392/392/392 394/394/394 393/393/393
f 393/393/393 394/394/394 396/396/396 395/395/395
f 395/395/395 396/396/396 398/398/398 397/397/397
f 397/397/397 398/398/398 400/400/400 399/399/399
f 401/401/401 402/402/402 404/404/404 403/403/403
f 403/403/403 404/404/404 406/406/406 405/405/405
f 405/405/405 406/406/406 408/408/408 407/407/407
f 407/407/407 408/408/408 410/410/410 409/409/409
f 409/409/409 410/410/410 412/412/412 411/411/411
f 411/411/411 412/412/412 414/414/414 413/413/413
f 413/413/413 414/414/414 416/416/416 415/415/415
f 415/415/415 416/416/416 418/418/418 417/417/417
f 417/417/417 418/418/418 420/420/420 419/419/419
f 419/419/419 420/420/420 422/422/422 421/421/421
f 421/421/421 422/422/422 424/424/424 423/423/423
f 423/423/423 424/424/424 426/426/426 425/425/425
f 425/425/425 426/426/426 428/428/428 427/427/427
f 427/427/427 428/428/428 430/430/430 429/429/429
f 429/429/429 430/430/430 432/432/432 431/431/431
f 431/431/431 432/432/432 434/434/434 433/433/433
f 433/433/433 434/434/434 436/436/436 435/435/435
f 435/435/435 436/436/436 438/438/438 437/437/437
f 437/437/437 438/438/438 440/440/440 439/439/439
f 439/439/439 440/440/440 442/442/442 441/441/441
f 441/441/441 442/442/442 444/444/444 443/443/443
f 443/443/443 444/444/444 446/446/446 445/445/445
f 445/445/445 446/446/446 448/448/448 447/447/447
f 447/447/447 448/448/448 450/450/450 449/449/449
f 501/501/501 502/502/502 504/504/504 503/503/503
f 503/503/503 504/504/504 506/506/506 505/505/505
f 505/505/505 506/506/506 508/508/508 507/507/507
f 507/507/507 508/508/508 510/510/510 509/509/509
f 509/509/509 510/510/510 512/512/512 511/511/511
f 511/511/511 512/512/512 514/514/514 513/513/513
f 513/513/513 514/514/514 516/516/516 515/515/515
f 515/515/515 516/516/516 518/518/518 517/517/517
f 517/517/517 518/518/518 520/520/520 519/519/519
f 519/519/519 520/520/520 522/522/522 521/521/521
f 521/521/521 522/522/522 524/524/524 523/523/523
f 523/523/523 524/524/524 526/526/526 525/525/525
f 525/525/525 526/526/526 528/528/528 527/527/527
f 527/527/527 528/528/528 530/530/530 529/529/529
f 529/529/529 530/530/530 532/532/532 531/531/531
f 531/531/531 532/532/532 534/534/534 533/533/533
f 533/533/533 534/534/534 536/536/536 535/535/535
f 535/535/535 536/536/536 538/538/538 537/537/537
f 537/537/537 538/538/538 540/540/540 539/539/539
f 539/539/539 540/540/540 542/542/542 541/541/541
f 541/541/541 542/542/542 544/544/544 543/543/543
f 543/543/543 544/544/544 546/546/546 545/545/545
f 545/545/545 546/546/546 548/548/548 547/547/547
f 547/547/547 548/548/548 550/550/550 549/549/549
f 551/551/551 552/552/552 554/554/554 553/553/553
f 553/553/553 554/554/554 556/556/556 555/555/555
f 555/555/555 556/556/556 558/558/558 557/557/557
f 557/557/557 558/558/558 560/560/560 559/559/559
f 559/559/559 560/560/560 562/562/562 561/561/561
f 561/561/561 562/562/562 564/564/564 563/563/563
f 563/563/563 564/564/564 566/566/566 565/565/565
f 565/565/565 566/566/566 568/568/568 567/567/567
f 567/567/567 568/568/568 570/570/570 569/569/569
f 569/569/569 570/570/570 572/572/572 571/571/571
f 571/571/571 572/572/572 574/574/574 573/573/573
f 573/573/573 574/574/574 576/576/576 575/575/575
f 575/575/575 576/576/576 578/578/578 577/577/577
f 577/577/577 578/578/578 580/580/580 579/579/579
f 579/579/579 580/580/580 582/582/582 581/581/581
f 581/581/581 582/582/582 584/584/584 583/583/583
f 583/583/583 584/584/584 586/586/586 585/585/585
f 585/585/585 586/586/586 588/588/588 587/587/587
f 587/587/587 588/588/588 590/590/590 589/589/589
f 589/589/589 590/590/590 592/592/592 591/591/591
f 591/591/591 592/592/592 594/594/594 593/593/593
f 593/593/593 594/594/594 596/596/596 595/595/595
f 595/595/595 596/596/596 598/598/598 597/597/597
f 597/597/597 598/598/598 600/600/600 599/599/599
f 601/601/601 602/602/602 604/604/604 603/603/603
f 603/603/603 604/604/604 606/606/606 605/605/605
f 605/605/605 606/606/606 608/608/608 607/607/607
f 607/607/607 608/608/608 610/610/610 609/609/609
f 609/609/609 610/610/610 612/612/612 611/611/611
f 611/611/611 612/612/612 614/614/614 613/613/613
f 613/613/613 614/614/614 616/616/616 615/615/615
f 615/615/615 616/616/616 618/618/618 617/617/617
f 617/617/617 618/618/618 620/620/620 619/619/619
f 619/619/619 620/620/620 622/622/622 621/621/621
f 621/621/621 622/622/622 624/624/624 623/623/623
f 623/623/623 624/624/624 626/626/626 625/625/625
f 625/625/625 626/626/626 628/628/628 627/627/627
f 627/627/627 628/628/628 630/630/630 629/629/629
f 629/629/629 630/630/630 632/632/632 631/631/631
f 631/631/631 632/632/632 634/634/634 633/633/633
f 633/633/633 634/634/634 636/636/636 635/635/635
f 635/635/635 636/636/636 638/638/638 637/637/637
f 637/637/637 638/638/638 640/640/640 639/639/639
f 639/639/639 640/640/640 642/642/642 641/641/641
f 641/641/641 642/642/642 644/644/644 643/643/643
f 643/643/643 644/644/644 646/646/646 645/645/645
f 645/645/645 646/646/646 648/648/648 647/647/647
f 647/647/647 648/648/648 650/650/650 649/649/649
f 1501/1501/1501 1502/1502/1502 1504/1504/1504 1503/1503/1503
f 1503/1503/1503 1504/1504/1504 1506/1506/1506 1505/1505/1505
f 1505/1505/1505 1506/1506/1506 1508/1508/1508 1507/1507/1507
f 1507/1507/1507 1508/1508/1508 1510/1510/1510 1509/1509/1509
f 1509/1509/1509 1510/1510/1510 1512/1512/1512 1511/1511/1511
f 1511/1511/1511 1512/1512/1512 1514/1514/1514 1513/1513/1513
f 1513/1513/1513 1514/1514/1514 1516/1516/1516 1515/1515/1515
f 1515/1515/1515 1516/1516/1516 1518/1518/1518 1517/1517/1517
f 1517/1517/1517 1518/1518/1518 1520/1520/1520 1519/1519/1519
f 1519/1519/1519 1520/1520/1520 1522/1522/1522 1521/1521/1521
f 1521/1521/1521 1522/1522/1522 1524/1524/1524 1523/1523/1523
f 1523/1523/1523 1524/1524/1524 1526/1526/1526 1525/1525/1525
f 1525/1525/1525 1526/1526/1526 1528/1528/1528 1527/1527/1527
f 1527/1527/1527 1528/1528/1528 1530/1530/1530 1529/1529/1529
f 1529/1529/1529 1530/1530/1530 1532/1532/1532 1531/1531/1531
f 1531/1531/1531 1532/1532/1532 1534/1534/1534 1533/1533/1533
f 1533/1533/1533 1534/1534/1534 1536/1536/1536 1535/1535/1535
f 1535/1535/1535 1536/1536/1536 1538/1538/1538 1537/1537/1537
f 1537/1537/1537 1538/1538/1538 1540/1540/1540 1539/1539/1539
f 1539/1539/1539 1540/1540/1540 1542/1542/1542 1541/1541/1541
f 1541/1541/1541 1542/1542/1542 1544/1544/1544 1543/1543/1543
f 1543/1543/1543 1544/1544/1544 1546/1546/1546 1545/1545/1545
f 1545/1545/1545 1546/1546/1546 1548/1548/1548 1547/1547/1547
f 1547/1547/1547 1548/1548/1548 1550/1550/1550 1549/1549/1549
f 1551/1551/1551 1552/1552/1552 1554/1554/1554 1553/1553/1553
f 1553/1553/1553 1554/1554/1554 1556/1556/1556 1555/1555/1555
f 1555/1555/1555 1556/1556/1556 1558/1558/1558 1557/1557/1557
f 1557/1557/1557 1558/1558/1558 1560/1560/1560 1559/1559/1559
f 1559/1559/1559 1560/1560/1560 1562/1562/1562 1561/1561/1561
f 1561/1561/1561 1562/1562/1562 1564/1564/1564 1563/1563/1563
f 1563/1563/1563 1564/1564/1564 1566/1566/1566 1565/1565/1565
f 1565/1565/1565 1566/1566/1566 1568/1568/1568 1567/1567/1567
f 1567/1567/1567 1568/1568/1568 1570/1570/1570 1569/1569/1569
f 1569/1569/1569 1570/1570/1570 1572/1572/1572 1571/1571/1571
f 1571/1571/1571 1572/1572/1572 1574/1574/1574 1573/1573/1573
f 1573/1573/1573 1574/1574/1574 1576/1576/1576 1575/1575/1575
f 1575/1575/1575 1576/1576/1576 1578/1578/1578 1577/1577/1577
f 1577/1577/1577 1578/1578/1578 1580/1580/1580 1579/1579/1579
f 1579/1579/1579 1580/1580/1580 1582/1582/1582 1581/1581/1581
f 1581/1581/1581 1582/1582/1582 1584/1584/1584 1583/1583/1583
f 1583/1583/1583 1584/1584/1584 1586/1586/1586 1585/1585/1585
f 1585/1585/1585 1586/1586/1586 1588/1588/1588 1587/1587/1587
f 1587/1587/1587 1588/1588/1588 1590/1590/1590 1589/1589/1589
f 1589/1589/1589 1590/1590/1590 1592/1592/1592 1591/1591/1591
f 1591/1591/1591 1592/1592/1592 1594/1594/1594 1593/1593/1593
f 1593/1593/1593 1594/1594/1594 1596/1596/1596 1595/1595/1595
f 1595/1595/1595 1596/1596/1596 1598/1598/1598 1597/1597/1597
f 1597/1597/1597 1598/1598/1598 1600/1600/1600 1599/1599/1599
f 1601/1601/1601 1602/1602/1602 1604/1604/1604 1603/1603/1603
f 1603/1603/1603 1604/1604/1604 1606/1606/1606 1605/1605/1605
f 1605/1605/1605 1606/1606/1606 1608/1608/1608 1607/1607/1607
f 1607/1607/1607 1608/1608/1608 1610/1610/1610 1609/1609/1609
f 1609/1609/1609 1610/1610/1610 1612/1612/1612 1611/1611/1611
f 1611/1611/1611 1612/1612/1612 1614/1614/1614 1613/1613/1613
f 1613/1613/1613 1614/1614/1614 1616/1616/1616 1615/1615/1615
f 1615/1615/1615 1616/1616/1616 1618/1618/1618 1617/1617/1617
f 1617/1617/1617 1618/1618/1618 1620/1620/1620 1619/1619/1619
f 1619/1619/1619 1620/1620/1620 1622/1622/1622 1621/1621/1621
f 1621/1621/1621 1622/1622/1622 1624/1624/1624 1623/1623/1623
f 1623/1623/1623 1624/1624/1624 1626/1626/1626 1625/1625/1625
f 1625/1625/1625 1626/1626/1626 1628/1628/1628 1627/1627/1627
f 1627/1627/1627 1628/1628/1628 1630/1630/1630 1629/1629/1629
f 1629/1629/1629 1630/1630/1630 1632/1632/1632 1631/1631/1631
f 1631/1631/1631 1632/1632/1632 1634/1634/1634 1633/1633/1633
f 1633/1633/1633 1634/1634/1634 1636/1636/1636 1635/1635/1635
f 1635/1635/1635 1636/1636/1636 1638/1638/1638 1637/1637/1637
f 1637/1637/1637 1638/1638/1638 1640/1640/1640 1639/1639/1639
f 1639/1639/1639 1640/1640/1640 1642/1642/1642 1641/1641/1641
f 1641/1641/1641 1642/1642/1642 1644/1644/1644 1643/1643/1643
f 1643/1643/1643 1644/1644/1644 1646/1646/1646 1645/1645/1645
f 1645/1645/1645 1646/1646/1646 1648/1648/1648 1647/1647/1647
f 1647/1647/1647 1648/1648/1648 1650/1650/1650 1649/1649/1649
f 1651/1651/1651 1652/1652/1652 1654/1654/1654 1653/1653/1653
f 1653/1653/1653 1654/1654/1654 1656/1656/1656 1655/1655/1655
f 1655/1655/1655 1656/1656/1656 1658/1658/1658 1657/1657/1657
f 1657/1657/1657 1658/1658/1658 1660/1660/1660 1659/1659/1659
f 1659/1659/1659 1660/1660/1660 1662/1662/1662 1661/1661/1661
f 1661/1661/1661 1662/1662/1662 1664/1664/1664 1663/1663/1663
f 1663/1663/1663 1664/1664/1664 1666/1666/1666 1665/1665/1665
f 1665/1665/1665 1666/1666/1666 1668/1668/1668 1667/1667/1667
f 1667/1667/1667 1668/1668/1668 1670/1670/1670 1669/1669/1669
f 1669/1669/1669 1670/1670/1670 1672/1672/1672 1671/1671/1671
f 1671/1671/1671 1672/1672/1672 1674/1674/1674 1673/1673/1673
f 1673/1673/1673 1674/1674/1674 1676/1676/1676 1675/1675/1675
f 1675/1675/1675 1676/1676/1676 1678/1678/1678 1677/1677/1677
f 1677/1677/1677 1678/1678/1678 1680/1680/1680 1679/1679/1679
f 1679/1679/1679 1680/1680/1680 1682/1682/1682 1681/1681/1681
f 1681/1681/1681 1682/1682/1682 1684/1684/1684 1683/1683/1683
f 1683/1683/1683 1684/1684/1684 1686/1686/1686 1685/1685/1685
f 1685/1685/1685 1686/1686/1686 1688/1688/1688 1687/1687/1687
f 1687/1687/1687 1688/1688/1688 1690/1690/1690 1689/1689/1689
f 1689/1689/1689 1690/1690/1690 1692/1692/1692 1691/1691/1691
f 1691/1691/1691 1692/1692/1692 1694/1694/1694 1693/1693/1693
f 1693/1693/1693 1694/1694/1694 1696/1696/1696 1695/1695/1695
f 1695/1695/1695 1696/1696/1696 1698/1698/1698 1697/1697/1697
f 1697/1697/1697 1698/1698/1698 1700/1700/1700 1699/1699/1699
f 1701/1701/1701 1702/1702/1702 1704/1704/1704 1703/1703/1703
f 1703/1703/1703 1704/1704/1704 1706/1706/1706 1705/1705/1705
f 1705/1705/1705 1706/1706/1706 1708/1708/1708 1707/1707/1707
f 1707/1707/1707 1708/1708/1708 1710/1710/1710 1709/1709/1709
f 1709/1709/1709 1710/1710/1710 1712/1712/1712 1711/1711/1711
f 1711/1711/1711 1712/1712/1712 1714/1714/1714 1713/1713/1713
f 1713/1713/1713 1714/1714/1714 1716/1716/1716 1715/1715/1715
f 1715/1715/1715 1716/1716/1716 1718/1718/1718 1717/1717/1717
f 1717/1717/1717 1718/1718/1718 1720/1720/1720 1719/1719/1719
f 1719/1719/1719 1720/1720/1720 1722/1722/1722 1721/1721/1721
f 1721/1721/1721 1722/1722/1722 1724/1724/1724 1723/1723/1723
f 1723/1723/1723 1724/1724/1724 1726/1726/1726 1725/1725/1725
f 1725/1725/1725 1726/1726/1726 1728/1728/1728 1727/1727/1727
f 1727/1727/1727 1728/1728/1728 1730/1730/1730 1729/1729/1729
f 1729/1729/1729 1730/1730/1730 1732/1732/1732 1731/1731/1731
f 1731/1731/1731 1732/1732/1732 1734/1734/1734 1733/1733/1733
f 1733/1733/1733 1734/1734/1734 1736/1736/1736 1735/1735/1735
f 1735/1735/1735 1736/1736/1736 1738/1738/1738 1737/1737/1737
f 1737/1737/1737 1738/1738/1738 1740/1740/1740 1739/1739/1739
f 1739/1739/1739 1740/1740/1740 1742/1742/1742 1741/1741/1741
f 1741/1741/1741 1742/1742/1742 1744/1744/1744 1743/1743/1743
f 1743/1743/1743 1744/1744/1744 1746/1746/1746 1745/1745/1745
f 1745/1745/1745 1746/1746/1746 1748/1748/1748 1747/1747/1747
f 1747/1747/1747 1748/1748/1748 1750/1750/1750 1749/1749/1749
f 1751/1751/1751 1752/1752/1752 1754/1754/1754 1753/1753/1753
f 1753/1753/1753 1754/1754/1754 1756/1756/1756 1755/1755/1755
f 1755/1755/1755 1756/1756/1756 1758/1758/1758 1757/1757/1757
f 1757/1757/1757 1758/1758/1758 1760/1760/1760 1759/1759/1759
f 1759/1759/1759 1760/1760/1760 1762/1762/1762 1761/1761/1761
f 1761/1761/1761 1762/1762/1762 1764/1764/1764 1763/1763/1763
f 1763/1763/1763 1764/1764/1764 1766/1766/1766 1765/1765/1765
f 1765/1765/1765 1766/1766/1766 1768/1768/1768 1767/1767/1767
f 1767/1767/1767 1768/1768/1768 1770/1770/1770 1769/1769/1769
f 1769/1769/1769 1770/1770/1770 1772/1772/1772 1771/1771/1771
f 1771/1771/1771 1772/1772/1772 1774/1774/1774 1773/1773/1773
f 1773/1773/1773 1774/1774/1774 1776/1776/1776 1775/1775/1775
f 1775/1775/1775 1776/1776/1776 1778/1778/1778 1777/1777/1777
f 1777/1777/1777 1778/1778/1778 1780/1780/1780 1779/1779/1779
f 1779/1779/1779 1780/1780/1780 1782/1782/1782 1781/1781/1781
f 1781/1781/1781 1782/1782/1782 1784/1784/1784 1783/1783/1783
f 1783/1783/1783 1784/1784/1784 1786/1786/1786 1785/1785/1785
f 1785/1785/1785 1786/1786/1786 1788/1788/1788 1787/1787/1787
f 1787/1787/1787 1788/1788/1788 1790/1790/1790 1789/1789/1789
f 1789/1789/1789 1790/1790/1790 1792/1792/1792 1791/1791/1791
f 1791/1791/1791 1792/1792/1792 1794/1794/1794 1793/1793/1793
f 1793/1793/1793 1794/1794/1794 1796/1796/1796 1795/1795/1795
f 1795/1795/1795 1796/1796/1796 1798/1798/1798 1797/1797/1797
f 1797/1797/1797 1798/1798/1798 1800/1800/1800 1799/1799/1799
f 1801/1801/1801 1802/1802/1802 1804/1804/1804 1803/1803/1803
f 1803/1803/1803 1804/1804/1804 1806/1806/1806 1805/1805/1805
f 1805/1805/1805 1806/1806/1806 1808/1808/1808 1807/1807/1807
f 1807/1807/1807 1808/1808/1808 1810/1810/1810 1809/1809/1809
f 1809/1809/1809 1810/1810/1810 1812/1812/1812 1811/1811/1811
f 1811/1811/1811 1812/1812/1812 1814/1814/1814 1813/1813/1813
f 1813/1813/1813 1814/1814/1814 1816/1816/1816 1815/1815/1815
f 1815/1815/1815 1816/1816/1816 1818/1818/1818 1817/1817/1817
f 1817/1817/1817 1818/1818/1818 1820/1820/1820 1819/1819/1819
f 1819/1819/1819 1820/1820/1820 1822/1822/1822 1821/1821/1821
f 1821/1821/1821 1822/1822/1822 1824/1824/1824 1823/1823/1823
f 1823/1823/1823 1824/1824/1824 1826/1826/1826 1825/1825/1825
f 1825/1825/1825 1826/1826/1826 1828/1828/1828 1827/1827/1827
f 1827/1827/1827 1828/1828/1828 1830/1830/1830 1829/1829/1829
f 1829/1829/1829 1830/1830/1830 1832/1832/1832 1831/1831/1831
f 1831/1831/1831 1832/1832/1832 1834/1834/1834 1833/1833/1833
f 1833/1833/1833 1834/1834/1834 1836/1836/1836 1835/1835/1835
f 1835/1835/1835 1836/1836/1836 1838/1838/1838 1837/1837/1837
f 1837/1837/1837 1838/1838/1838 1840/1840/1840 1839/1839/1839
f 1839/1839/1839 1840/1840/1840 1842/1842/1842 1841/1841/1841
f 1841/1841/1841 1842/1842/1842 1844/1844/1844 1843/1843/1843
f 1843/1843/1843 1844/1844/1844 1846/1846/1846 1845/1845/1845
f 1845/1845/1845 1846/1846/1846 1848/1848/1848 1847/1847/1847
f 1847/1847/1847 1848/1848/1848 1850/1850/1850 1849/1849/1849
f 1851/1851/1851 1852/1852/1852 1854/1854/1854 1853/1853/1853
f 1853/1853/1853 1854/1854/1854 1856/1856/1856 1855/1855/1855
f 1855/1855/1855 1856/1856/1856 1858/1858/1858 1857/1857/1857
f 1857/1857/1857 1858/1858/1858 1860/1860/1860 1859/1859/1859
f 1859/1859/1859 1860/1860/1860 1862/1862/1862 1861/1861/1861
f 1861/1861/1861 1862/1862/1862 1864/1864/1864 1863/1863/1863
f 1863/1863/1863 1864/1864/1864 1866/1866/1866 1865/1865/1865
f 1865/1865/1865 1866/1866/1866 1868/1868/1868 1867/1867/1867
f 1867/1867/1867 1868/1868/1868 1870/1870/1870 1869/1869/1869
f 1869/1869/1869 1870/1870/1870 1872/1872/1872 1871/1871/1871
f 1871/1871/1871 1872/1872/1872 1874/1874/1874 1873/1873/1873
f 1873/1873/1873 1874/1874/1874 1876/1876/1876 1875/1875/1875
f 1875/1875/1875 1876/1876/1876 1878/1878/1878 1877/1877/1877
f 1877/1877/1877 1878/1878/1878 1880/1880/1880 1879/1879/1879
f 1879/1879/1879 1880/1880/1880 1882/1882/1882 1881/1881/1881
f 1881/1881/1881 1882/1882/1882 1884/1884/1884 1883/1883/1883
f 1883/1883/1883 1884/1884/1884 1886/1886/1886 1885/1885/1885
f 1885/1885/1885 1886/1886/1886 1888/1888/1888 1887/1887/1887
f 1887/1887/1887 1888/1888/1888 1890/1890/1890 1889/1889/1889
f 1889/1889/1889 1890/1890/1890 1892/1892/1892 1891/1891/1891
f 1891/1891/1891 1892/1892/1892 1894/1894/1894 1893/1893/1893
f 1893/1893/1893 1894/1894/1894 1896/1896/1896 1895/1895/1895
f 1895/1895/1895 1896/1896/1896 1898/1898/1898 1897/1897/1897
f 1897/1897/1897 1898/1898/1898 1900/1900/1900 1899/1899/1899
f 1901/1901/1901 1902/1902/1902 1904/1904/1904 1903/1903/1903
f 1903/1903/1903 1904/1904/1904 1906/1906/1906 1905/1905/1905
f 1905/1905/1905 1906/1906/1906 1908/1908/1908 1907/1907/1907
f 1907/1907/1907 1908/1908/1908 1910/1910/1910 1909/1909/1909
f 1909/1909/1909 1910/1910/1910 1912/1912/1912 1911/1911/1911
f 1911/1911/1911 1912/1912/1912 1914/1914/1914 1913/1913/1913
f 1913/1913/1913 1914/1914/1914 1916/1916/1916 1915/1915/1915
f 1915/1915/1915 1916/1916/1916 1918/1918/1918 1917/1917/1917
f 1917/1917/1917 1918/1918/1918 1920/1920/1920 1919/1919/1919
f 1919/1919/1919 1920/1920/1920 1922/1922/1922 1921/1921/1921
f 1921/1921/1921 1922/1922/1922 1924/1924/1924 1923/1923/1923
f 1923/1923/1923 1924/1924/1924 1926/1926/1926 1925/1925/1925
f 1925/1925/1925 1926/1926/1926 1928/1928/1928 1927/1927/1927
f 1927/1927/1927 1928/1928/1928 1930/1930/1930 1929/1929/1929
f 1929/1929/1929 1930/1930/1930 1932/1932/1932 1931/1931/1931
f 1931/1931/1931 1932/1932/1932 1934/1934/1934 1933/1933/1933
f 1933/1933/1933 1934/1934/1934 1936/1936/1936 1935/1935/1935
f 1935/1935/1935 1936/1936/1936 1938/1938/1938 1937/1937/1937
f 1937/1937/1937 1938/1938/1938 1940/1940/1940 1939/1939/1939
f 1939/1939/1939 1940/1940/1940 1942/1942/1942 1941/1941/1941
f 1941/1941/1941 1942/1942/1942 1944/1944/1944 1943/1943/1943
f 1943/1943/1943 1944/1944/1944 1946/1946/1946 1945/1945/1945
f 1945/1945/1945 1946/1946/1946 1948/1948/1948 1947/1947/1947
f 1947/1947/1947 1948/1948/1948 1950/1950/1950 1949/1949/1949
f 1951/1951/1951 1952/1952/1952 1954/1954/1954 1953/1953/1953
f 1953/1953/1953 1954/1954/1954 1956/1956/1956 1955/1955/1955
f 1955/1955/1955 1956/1956/1956 1958/1958/1958 1957/1957/1957
f 1957/1957/1957 1958/1958/1958 1960/1960/1960 1959/1959/1959
f 1959/1959/1959 1960/1960/1960 1962/1962/1962 1961/1961/1961
f 1961/1961/1961 1962/1962/1962 1964/1964/1964 1963/1963/1963
f 1963/1963/1963 1964/1964/1964 1966/1966/1966 1965/1965/1965
f 1965/1965/1965 1966/1966/1966 1968/1968/1968 1967/1967/1967
f 1967/1967/1967 1968/1968/1968 1970/1970/1970 1969/1969/1969
f 1969/1969/1969 1970/1970/1970 1972/1972/1972 1971/1971/1971
f 1971/1971/1971 1972/1972/1972 1974/1974/1974 1973/1973/1973
f 1973/1973/1973 1974/1974/1974 1976/1976/1976 1975/1975/1975
f 1975/1975/1975 1976/1976/1976 1978/1978/1978 1977/1977/1977
f 1977/1977/1977 1978/1978/1978 1980/1980/1980 1979/1979/1979
f 1979/1979/1979 1980/1980/1980 1982/1982/1982 1981/1981/1981
f 1981/1981/1981 1982/1982/1982 1984/1984/1984 1983/1983/1983
f 1983/1983/1983 1984/1984/1984 1986/1986/1986 1985/1985/1985
f 1985/1985/1985 1986/1986/1986 1988/1988/1988 1987/1987/1987
f 1987/1987/1987 1988/1988/1988 1990/1990/1990 1989/1989/1989
f 1989/1989/1989 1990/1990/1990 1992/1992/1992 1991/1991/1991
f 1991/1991/1991 1992/1992/1992 1994/1994/1994 1993/1993/1993
f 1993/1993/1993 1994/1994/1994 1996/1996/1996 1995/1995/1995
f 1995/1995/1995 1996/1996/1996 1998/1998/1998 1997/1997/1997
f 1997/1997/1997 1998/1998/1998 2000/2000/2000 1999/1999/1999
f 2001/2001/2001 2002/2002/2002 2004/2004/2004 2003/2003/2003
f 2003/2003/2003 2004/2004/2004 2006/2006/2006 2005/2005/2005
f 2005/2005/2005 2006/2006/2006 2008/2008/2008 2007/2007/2007
f 2007/2007/2007 2008/2008/2008 2010/2010/2010 2009/2009/2009
f 2009/2009/2009 2010/2010/2010 2012/2012/2012 2011/2011/2011
f 2011/2011/2011 2012/2012/2012 2014/2014/2014 2013/2013/2013
f 2013/2013/2013 2014/2014/2014 2016/2016/2016 2015/2015/2015
f 2015/2015/2015 2016/2016/2016 2018/2018/2018 2017/2017/2017
f 2017/2017/2017 2018/2018/2018 2020/2020/2020 2019/2019/2019
f 2019/2019/2019 2020/2020/2020 2022/2022/2022 2021/2021/2021
f 2021/2021/2021 2022/2022/2022 2024/2024/2024 2023/2023/2023
f 2023/2023/2023 2024/2024/2024 2026/2026/2026 2025/2025/2025
f 2025/2025/2025 2026/2026/2026 2028/2028/2028 2027/2027/2027
f 2027/2027/2027 2028/2028/2028 2030/2030/2030 2029/2029/2029
f 2029/2029/2029 2030/2030/2030 2032/2032/2032 2031/2031/2031
f 2031/2031/2031 2032/2032/2032 2034/2034/2034 2033/2033/2033
f 2033/2033/2033 2034/2034/2034 2036/2036/2036 2035/2035/2035
f 2035/2035/2035 2036/2036/2036 2038/2038/2038 2037/2037/2037
f 2037/2037/2037 2038/2038/2038 2040/2040/2040 2039/2039/2039
f 2039/2039/2039 2040/2040/2040 2042/2042/2042 2041/2041/2041
f 2041/2041/2041 2042/2042/2042 2044/2044/2044 2043/2043/2043
f 2043/2043/2043 2044/2044/2044 2046/2046/2046 2045/2045/2045
f 2045/2045/2045 2046/2046/2046 2048/2048/2048 2047/2047/2047
f 2047/2047/2047 2048/2048/2048 2050/2050/2050 2049/2049/2049
f 2051/2051/2051 2052/2052/2052 2054/2054/2054 2053/2053/2053
f 2053/2053/2053 2054/2054/2054 2056/2056/2056 2055/2055/2055
f 2055/2055/2055 2056/2056/2056 2058/2058/2058 2057/2057/2057
f 2057/2057/2057 2058/2058/2058 2060/2060/2060 2059/2059/2059
f 2059/2059/2059 2060/2060/2060 2062/2062/2062 2061/2061/2061
f 2061/2061/2061 2062/2062/2062 2064/2064/2064 2063/2063/2063
f 2063/2063/2063 2064/2064/2064 2066/2066/2066 2065/2065/2065
f 2065/2065/2065 2066/2066/2066 2068/2068/2068 2067/2067/2067
f 2067/2067/2067 2068/2068/2068 2070/2070/2070 2069/2069/2069
f 2069/2069/2069 2070/2070/2070 2072/2072/2072 2071/2071/2071
f 2071/2071/2071 2072/2072/2072 2074/2074/2074 2073/2073/2073
f 2073/2073/2073 2074/2074/2074 2076/2076/2076 2075/2075/2075
f 2075/2075/2075 2076/2076/2076 2078/2078/2078 2077/2077/2077
f 2077/2077/2077 2078/2078/2078 2080/2080/2080 2079/2079/2079
f 2079/2079/2079 2080/2080/2080 2082/2082/2082 2081/2081/2081
f 2081/2081/2081 2082/2082/2082 2084/2084/2084 2083/2083/2083
f 2083/2083/2083 2084/2084/2084 2086/2086/2086 2085/2085/2085
f 2085/2085/2085 2086/2086/2086 2088/2088/2088 2087/2087/2087
f 2087/2087/2087 2088/2088/2088 2090/2090/2090 2089/2089/2089
f 2089/2089/2089 2090/2090/2090 2092/2092/2092 2091/2091/2091
f 2091/2091/2091 2092/2092/2092 2094/2094/2094 2093/2093/2093
f 2093/2093/2093 2094/2094/2094 2096/2096/2096 2095/2095/2095
f 2095/2095/2095 2096/2096/2096 2098/2098/2098 2097/2097/2097
f 2097/2097/2097 2098/2098/2098 2100/2100/2100 2099/2099/2099
f 2101/2101/2101 2102/2102/2102 2104/2104/2104 2103/2103/2103
f 2103/2103/2103 2104/2104/2104 2106/2106/2106 2105/2105/2105
f 2105/2105/2105 2106/2106/2106 2108/2108/2108 2107/2107/2107
f 2107/2107/2107 2108/2108/2108 2110/2110/2110 2109/2109/2109
f 2109/2109/2109 2110/2110/2110 2112/2112/2112 2111/2111/2111
f 2111/2111/2111 2112/2112/2112 2114/2114/2114 2113/2113/2113
f 2113/2113/2113 2114/2114/2114 2116/2116/2116 2115/2115/2115
f 2115/2115/2115 2116/2116/2116 2118/2118/2118 2117/2117/2117
f 2117/2117/2117 2118/2118/2118 2120/2120/2120 2119/2119/2119
f 2119/2119/2119 2120/2120/2120 2122/2122/2122 2121/2121/2121
f 2121/2121/2121 2122/2122/2122 2124/2124/2124 2123/2123/2123
f 2123/2123/2123 2124/2124/2124 2126/2126/2126 2125/2125/2125
f 2125/2125/2125 2126/2126/2126 2128/2128/2128 2127/2127/2127
f 2127/2127/2127 2128/2128/2128 2130/2130/2130 2129/2129/2129
f 2129/2129/2129 2130/2130/2130 2132/2132/2132 2131/2131/2131
f 2131/2131/2131 2132/2132/2132 2134/2134/2134 2133/2133/2133
f 2133/2133/2133 2134/2134/2134 2136/2136/2136 2135/2135/2135
f 2135/2135/2135 2136/2136/2136 2138/2138/2138 2137/2137/2137
f 2137/2137/2137 2138/2138/2138 2140/2140/2140 2139/2139/2139
f 2139/2139/2139 2140/2140/2140 2142/2142/2142 2141/2141/2141
f 2141/2141/2141 2142/2142/2142 2144/2144/2144 2143/2143/2143
f 2143/2143/2143 2144/2144/2144 2146/2146/2146 2145/2145/2145
f 2145/2145/2145 2146/2146/2146 2148/2148/2148 2147/2147/2147
f 2147/2147/2147 2148/2148/2148 2150/2150/2150 2149/2149/2149
f 2151/2151/2151 2152/2152/2152 2154/2154/2154 2153/2153/2153
f 2153/2153/2153 2154/2154/2154 2156/2156/2156 2155/2155/2155
f 2155/2155/2155 2156/2156/2156 2158/2158/2158 2157/2157/2157
f 2157/2157/2157 2158/2158/2158 2160/2160/2160 2159/2159/2159
f 2159/2159/2159 2160/2160/2160 2162/2162/2162 2161/2161/2161
f 2161/2161/2161 2162/2162/2162 2164/2164/2164 2163/2163/2163
f 2163/2163/2163 2164/2164/2164 2166/2166/2166 2165/2165/2165
f 2165/2165/2165 2166/2166/2166 2168/2168/2168 2167/2167/2167
f 2167/2167/2167 2168/2168/2168 2170/2170/2170 2169/2169/2169
f 2169/2169/2169 2170/2170/2170 2172/2172/2172 2171/2171/2171
f 2171/2171/2171 2172/2172/2172 2174/2174/2174 2173/2173/2173
f 2173/2173/2173 2174/2174/2174 2176/2176/2176 2175/2175/2175
f 2175/2175/2175 2176/2176/2176 2178/2178/2178 2177/2177/2177
f 2177/2177/2177 2178/2178/2178 2180/2180/2180 2179/2179/2179
f 2179/2179/2179 2180/2180/2180 2182/2182/2182 2181/2181/2181
f 2181/2181/2181 2182/2182/2182 2184/2184/2184 2183/2183/2183
f 2183/2183/2183 2184/2184/2184 2186/2186/2186 2185/2185/2185
f 2185/2185/2185 2186/2186/2186 2188/2188/2188 2187/2187/2187
f 2187/2187/2187 2188/2188/2188 2190/2190/2190 2189/2189/2189
f 2189/2189/2189 2190/2190/2190 2192/2192/2192 2191/2191/2191
f 2191/2191/2191 2192/2192/2192 2194/2194/2194 2193/2193/2193
f 2193/2193/2193 2194/2194/2194 2196/2196/2196 2195/2195/2195
f 2195/2195/2195 2196/2196/2196 2198/2198/2198 2197/2197/2197
f 2197/2197/2197 2198/2198/2198 2200/2200/2200 2199/2199/2199
f 2812/2812/2812 2813/2813/2813 2820/2820/2820 2819/2819/2819
f 2813/2813/2813 2814/2814/2814 2821/2821/2821 2820/2820/2820
f 2814/2814/2814 2815/2815/2815 2822/2822/2822 2821/2821/2821
f 2815/2815/2815 2816/2816/2816 2823/2823/2823 2822/2822/2822
f 2816/2816/2816 2817/2817/2817 2824/2824/2824 2823/2823/2823
f 2817/2817/2817 2818/2818/2818 2825/2825/2825 2824/2824/2824
f 2819/2819/2819 2820/2820/2820 2827/2827/2827 2826/2826/2826
f 2820/2820/2820 2821/2821/2821 2828/2828/2828 2827/2827/2827
f 2821/2821/2821 2822/2822/2822 2829/2829/2829 2828/2828/2828
f 2822/2822/2822 2823/2823/2823 2830/2830/2830 2829/2829/2829
f 2823/2823/2823 2824/2824/2824 2831/2831/2831 2830/2830/2830
f 2824/2824/2824 2825/2825/2825 2832/2832/2832 2831/2831/2831
f 2826/2826/2826 2827/2827/2827 2834/2834/2834 2833/2833/2833
f 2827/2827/2827 2828/2828/2828 2835/2835/2835 2834/2834/2834
f 2828/2828/2828 2829/2829/2829 2836/2836/2836 2835/2835/2835
f 2829/2829/2829 2830/2830/2830 2837/2837/2837 2836/2836/2836
f 2830/2830/2830 2831/2831/2831 2838/2838/2838 2837/2837/2837
f 2831/2831/2831 2832/2832/2832 2839/2839/2839 2838/2838/2838
f 2833/2833/2833 2834/2834/2834 2841/2841/2841 2840/2840/2840
f 2834/2834/2834 2835/2835/2835 2842/2842/2842 2841/2841/2841
f 2835/2835/2835 2836/2836/2836 2843/2843/2843 2842/2842/2842
f 2836/2836/2836 2837/2837/2837 2844/2844/2844 2843/2843/2843
f 2837/2837/2837 2838/2838/2838 2845/2845/2845 2844/2844/2844
f 2838/2838/2838 2839/2839/2839 2846/2846/2846 2845/2845/2845
f 2840/2840/2840 2841/2841/2841 2848/2848/2848 2847/2847/2847
f 2841/2841/2841 2842/2842/2842 2849/2849/2849 2848/2848/2848
f 2842/2842/2842 2843/2843/2843 2850/2850/2850 2849/2849/2849
f 2843/2843/2843 2844/2844/2844 2851/2851/2851 2850/2850/2850
f 2844/2844/2844 2845/2845/2845 2852/2852/2852 2851/2851/2851
f 2845/2845/2845 2846/2846/2846 2853/2853/2853 2852/2852/2852
f 2847/2847/2847 2848/2848/2848 2855/2855/2855 2854/2854/2854
f 2848/2848/2848 2849/2849/2849 2856/2856/2856 2855/2855/2855
f 2849/2849/2849 2850/2850/2850 2857/2857/2857 2856/2856/2856
f 2850/2850/2850 2851/2851/2851 2858/2858/2858 2857/2857/2857
f 2851/2851/2851 2852/2852/2852 2859/2859/2859 2858/2858/2858
f 2852/2852/2852 2853/2853/2853 2860/2860/2860 2859/2859/2859
f 2854/2854/2854 2855/2855/2855 2862/2862/2862 2861/2861/2861
f 2855/2855/2855 2856/2856/2856 2863/2863/2863 2862/2862/2862
f 2856/2856/2856 2857/2857/2857 2864/2864/2864 2863/2863/2863
f 2857/2857/2857 2858/2858/2858 2865/2865/2865 2864/2864/2864
f 2858/2858/2858 2859/2859/2859 2866/2866/2866 2865/2865/2865
f 2859/2859/2859 2860/2860/2860 2867/2867/2867 2866/2866/2866
f 2861/2861/2861 2862/2862/2862 2869/2869/2869 2868/2868/2868
f 2862/2862/2862 2863/2863/2863 2870/2870/2870 2869/2869/2869
f 2863/2863/2863 2864/2864/2864 2871/2871/2871 2870/2870/2870
f 2864/2864/2864 2865/2865/2865 2872/2872/2872 2871/2871/2871
f 2865/2865/2865 2866/2866/2866 2873/2873/2873 2872/2872/2872
f 2866/2866/2866 2867/2867/2867 2874/2874/2874 2873/2873/2873
usemtl armour
f 651/651/651 652/652/652 654/654/654 653/653/653
f 653/653/653 654/654/654 656/656/656 655/655/655
f 655/655/655 656/656/656 658/658/658 657/657/657
f 657/657/657 658/658/658 660/660/660 659/659/659
f 659/659/659 660/660/660 662/662/662 661/661/661
f 661/661/661 662/662/662 664/664/664 663/663/663
f 663/663/663 664/664/664 666/666/666 665/665/665
f 665/665/665 666/666/666 668/668/668 667/667/667
f 667/667/667 668/668/668 670/670/670 669/669/669
f 669/669/669 670/670/670 672/672/672 671/671/671
f 671/671/671 672/672/672 674/674/674 673/673/673
f 673/673/673 674/674/674 676/676/676 675/675/675
f 675/675/675 676/676/676 678/678/678 677/677/677
f 677/677/677 678/678/678 680/680/680 679/679/679
f 679/679/679 680/680/680 682/682/682 681/681/681
f 681/681/681 682/682/682 684/684/684 683/683/683
f 683/683/683 684/684/684 686/686/686 685/685/685
f 685/685/685 686/686/686 688/688/688 687/687/687
f 687/687/687 688/688/688 690/690/690 689/689/689
f 689/689/689 690/690/690 692/692/692 691/691/691
f 691/691/691 692/692/692 694/694/694 693/693/693
f 693/693/693 694/694/694 696/696/696 695/695/695
f 695/695/695 696/696/696 698/698/698 697/697/697
f 697/697/697 698/698/698 700/700/700 699/699/699
f 701/701/701 702/702/702 704/704/704 703/703/703
f 703/703/703 704/704/704 706/706/706 705/705/705
f 705/705/705 706/706/706 708/708/708 707/707/707
f 707/707/707 708/708/708 710/710/710 709/709/709
f 709/709/709 710/710/710 712/712/712 711/711/711
f 711/711/711 712/712/712 714/714/714 713/713/713
f 713/713/713 714/714/714 716/716/716 715/715/715
f 715/715/715 716/716/716 718/718/718 717/717/717
f 717/717/717 718/718/718 720/720/720 719/719/719
f 719/719/719 720/720/720 722/722/722 721/721/721
f 721/721/721 722/722/722 724/724/724 723/723/723
f 723/723/723 724/724/724 726/726/726 725/725/725
f 725/725/725 726/726/726 728/728/728 727/727/727
f 727/727/727 728/728/728 730/730/730 729/729/729
f 729/729/729 730/730/730 732/732/732 731/731/731
f 731/731/731 732/732/732 734/734/734 733/733/733
f 733/733/733 734/734/734 736/736/736 735/735/735
f 735/735/735 736/736/736 738/738/738 737/737/737
f 737/737/737 738/738/738 740/740/740 739/739/739
f 739/739/739 740/740/740 742/742/742 741/741/741
f 741/741/741 742/742/742 744/744/744 743/743/743
f 743/743/743 744/744/744 746/746/746 745/745/745
f 745/745/745 746/746/746 748/748/748 747/747/747
f 747/747/747 748/748/748 750/750/750 749/749/749
f 751/751/751 752/752/752 754/754/754 753/753/753
f 753/753/753 754/754/754 756/756/756 755/755/755
f 755/755/755 756/756/756 758/758/758 757/757/757
f 757/757/757 758/758/758 760/760/760 759/759/759
f 759/759/759 760/760/760 762/762/762 761/761/761
f 761/761/761 762/762/762 764/764/764 763/763/763
f 763/763/763 764/764/764 766/766/766 765/765/765
f 765/765/765 766/766/766 768/768/768 767/767/767
f 767/767/767 768/768/768 770/770/770 769/769/769
f 769/769/769 770/770/770 772/772/772 771/771/771
f 771/771/771 772/772/772 774/774/774 773/773/773
f 773/773/773 774/774/774 776/776/776 775/775/775
f 775/775/775 776/776/776 778/778/778 777/777/777
f 777/777/777 778/778/778 780/780/780 779/779/779
f 779/779/779 780/780/780 782/782/782 781/781/781
f 781/781/781 782/782/782 784/784/784 783/783/783
f 783/783/783 784/784/784 786/786/786 785/785/785
f 785/785/785 786/786/786 788/788/788 787/787/787
f 787/787/787 788/788/788 790/790/790 789/789/789
f 789/789/789 790/790/790 792/792/792 791/791/791
f 791/791/791 792/792/792 794/794/794 793/793/793
f 793/793/793 794/794/794 796/796/796 795/795/795
f 795/795/795 796/796/796 798/798/798 797/797/797
f 797/797/797 798/798/798 800/800/800 799/799/799
f 801/801/801 802/802/802 804/804/804 803/803/803
f 803/803/803 804/804/804 806/806/806 805/805/805
f 805/805/805 806/806/806 808/808/808 807/807/807
f 807/807/807 808/808/808 810/810/810 809/809/809
f 809/809/809 810/810/810 812/812/812 811/811/811
f 811/811/811 812/812/812 814/814/814 813/813/813
f 813/813/813 814/814/814 816/816/816 815/815/815
f 815/815/815 816/816/816 818/818/818 817/817/817
f 817/817/817 818/818/818 820/820/820 819/819/819
f 819/819/819 820/820/820 822/822/822 821/821/821
f 821/821/821 822/822/822 824/824/824 823/823/823
f 823/823/823 824/824/824 826/826/826 825/825/825
f 825/825/825 826/826/826 828/828/828 827/827/827
f 827/827/827 828/828/828 830/830/830 829/829/829
f 829/829/829 830/830/830 832/832/832 831/831/831
f 831/831/831 832/832/832 834/834/834 833/833/833
f 833/833/833 834/834/834 836/836/836 835/835/835
f 835/835/835 836/836/836 838/838/838 837/837/837
f 837/837/837 838/838/838 840/840/840 839/839/839
f 839/839/839 840/840/840 842/842/842 841/841/841
f 841/841/841 842/842/842 844/844/844 843/843/843
f 843/843/843 844/844/844 846/846/846 845/845/845
f 845/845/845 846/846/846 848/848/848 847/847/847
f 847/847/847 848/848/848 850/850/850 849/849/849
f 851/851/851 852/852/852 854/854/854 853/853/853
f 853/853/853 854/854/854 856/856/856 855/855/855
f 855/855/855 856/856/856 858/858/858 857/857/857
f 857/857/857 858/858/858 860/860/860 859/859/859
f 859/859/859 860/860/860 862/862/862 861/861/861
f 861/861/861 862/862/862 864/864/864 863/863/863
f 863/863/863 864/864/864 866/866/866 865/865/865
f 865/865/865 866/866/866 868/868/868 867/867/867
f 867/867/867 868/868/868 870/870/870 869/869/869
f 869/869/869 870/870/870 872/872/872 871/871/871
f 871/871/871 872/872/872 874/874/874 873/873/873
f 873/873/873 874/874/874 876/876/876 875/875/875
f 875/875/875 876/876/876 878/878/878 877/877/877
f 877/877/877 878/878/878 880/880/880 879/879/879
f 879/879/879 880/880/880 882/882/882 881/881/881
f 881/881/881 882/882/882 884/884/884 883/883/883
f 883/883/883 884/884/884 886/886/886 885/885/885
f 885/885/885 886/886/886 888/888/888 887/887/887
f 887/887/887 888/888/888 890/890/890 889/889/889
f 889/889/889 890/890/890 892/892/892 891/891/891
f 891/891/891 892/892/892 894/894/894 893/893/893
f 893/893/893 894/894/894 896/896/896 895/895/895
f 895/895/895 896/896/896 898/898/898 897/897/897
f 897/897/897 898/898/898 900/900/900 899/899/899
f 901/901/901 902/902/902 904/904/904 903/903/903
f 903/903/903 904/904/904 906/906/906 905/905/905
f 905/905/905 906/906/906 908/908/908 907/907/907
f 907/907/907 908/908/908 910/910/910 909/909/909
f 909/909/909 910/910/910 912/912/912 911/911/911
f 911/911/911 912/912/912 914/914/914 913/913/913
f 913/913/913 914/914/914 916/916/916 915/915/915
f 915/915/915 916/916/916 918/918/918 917/917/917
f 917/917/917 918/918/918 920/920/920 919/919/919
f 919/919/919 920/920/920 922/922/922 921/921/921
f 921/921/921 922/922/922 924/924/924 923/923/923
f 923/923/923 924/924/924 926/926/926 925/925/925
f 925/925/925 926/926/926 928/928/928 927/927/927
f 927/927/927 928/928/928 930/930/930 929/929/929
f 929/929/929 930/930/930 932/932/932 931/931/931
f 931/931/931 932/932/932 934/934/934 933/933/933
f 933/933/933 934/934/934 936/936/936 935/935/935
f 935/935/935 936/936/936 938/938/938 937/937/937
f 937/937/937 938/938/938 940/940/940 939/939/939
f 939/939/939 940/940/940 942/942/942 941/941/941
f 941/941/941 942/942/942 944/944/944 943/943/943
f 943/943/943 944/944/944 946/946/946 945/945/945
f 945/945/945 946/946/946 948/948/948 947/947/947
f 947/947/947 948/948/948 950/950/950 949/949/949
f 951/951/951 952/952/952 954/954/954 953/953/953
f 953/953/953 954/954/954 956/956/956 955/955/955
f 955/955/955 956/956/956 958/958/958 957/957/957
f 957/957/957 958/958/958 960/960/960 959/959/959
f 959/959/959 960/960/960 962/962/962 961/961/961
f 961/961/961 962/962/962 964/964/964 963/963/963
f 963/963/963 964/964/964 966/966/966 965/965/965
f 965/965/965 966/966/966 968/968/968 967/967/967
f 967/967/967 968/968/968 970/970/970 969/969/969
f 969/969/969 970/970/970 972/972/972 971/971/971
f 971/971/971 972/972/972 974/974/974 973/973/973
f 973/973/973 974/974/974 976/976/976 975/975/975
f 975/975/975 976/976/976 978/978/978 977/977/977
f 977/977/977 978/978/978 980/980/980 979/979/979
f 979/979/979 980/980/980 982/982/982 981/981/981
f 981/981/981 982/982/982 984/984/984 983/983/983
f 983/983/983 984/984/984 986/986/986 985/985/985
f 985/985/985 986/986/986 988/988/988 987/987/987
f 987/987/987 988/988/988 990/990/990 989/989/989
f 989/989/989 990/990/990 992/992/992 991/991/991
f 991/991/991 992/992/992 994/994/994 993/993/993
f 993/993/993 994/994/994 996/996/996 995/995/995
f 995/995/995 996/996/996 998/998/998 997/997/997
f 997/997/997 998/998/998 1000/1000/1000 999/999/999
f 1001/1001/1001 1002/1002/1002 1004/1004/1004 1003/1003/1003
f 1003/1003/1003 1004/1004/1004 1006/1006/1006 1005/1005/1005
f 1005/1005/1005 1006/1006/1006 1008/1008/1008 1007/1007/1007
f 1007/1007/1007 1008/1008/1008 1010/1010/1010 1009/1009/1009
f 1009/1009/1009 1010/1010/1010 1012/1012/1012 1011/1011/1011
f 1011/1011/1011 1012/1012/1012 1014/1014/1014 1013/1013/1013
f 1013/1013/1013 1014/1014/1014 1016/1016/1016 1015/1015/1015
f 1015/1015/1015 1016/1016/1016 1018/1018/1018 1017/1017/1017
f 1017/1017/1017 1018/1018/1018 1020/1020/1020 1019/1019/1019
f 1019/1019/1019 1020/1020/1020 1022/1022/1022 1021/1021/1021
f 1021/1021/1021 1022/1022/1022 1024/1024/1024 1023/1023/1023
f 1023/1023/1023 1024/1024/1024 1026/1026/1026 1025/1025/1025
f 1025/1025/1025 1026/1026/1026 1028/1028/1028 1027/1027/1027
f 1027/1027/1027 1028/1028/1028 1030/1030/1030 1029/1029/1029
f 1029/1029/1029 1030/1030/1030 1032/1032/1032 1031/1031/1031
f 1031/1031/1031 1032/1032/1032 1034/1034/1034 1033/1033/1033
f 1033/1033/1033 1034/1034/1034 1036/1036/1036 1035/1035/1035
f 1035/1035/1035 1036/1036/1036 1038/1038/1038 1037/1037/1037
f 1037/1037/1037 1038/1038/1038 1040/1040/1040 1039/1039/1039
f 1039/1039/1039 1040/1040/1040 1042/1042/1042 1041/1041/1041
f 1041/1041/1041 1042/1042/1042 1044/1044/1044 1043/1043/1043
f 1043/1043/1043 1044/1044/1044 1046/1046/1046 1045/1045/1045
f 1045/1045/1045 1046/1046/1046 1048/1048/1048 1047/1047/1047
f 1047/1047/1047 1048/1048/1048 1050/1050/1050 1049/1049/1049
f 1051/1051/1051 1052/1052/1052 1054/1054/1054 1053/1053/1053
f 1053/1053/1053 1054/1054/1054 1056/1056/1056 1055/1055/1055
f 1055/1055/1055 1056/1056/1056 1058/1058/1058 1057/1057/1057
f 1057/1057/1057 1058/1058/1058 1060/1060/1060 1059/1059/1059
f 1059/1059/1059 1060/1060/1060 1062/1062/1062 1061/1061/1061
f 1061/1061/1061 1062/1062/1062 1064/1064/1064 1063/1063/1063
f 1063/1063/1063 1064/1064/1064 1066/1066/1066 1065/1065/1065
f 1065/1065/1065 1066/1066/1066 1068/1068/1068 1067/1067/1067
f 1067/1067/1067 1068/1068/1068 1070/1070/1070 1069/1069/1069
f 1069/1069/1069 1070/1070/1070 1072/1072/1072 1071/1071/1071
f 1071/1071/1071 1072/1072/1072 1074/1074/1074 1073/1073/1073
f 1073/1073/1073 1074/1074/1074 1076/1076/1076 1075/1075/1075
f 1075/1075/1075 1076/1076/1076 1078/1078/1078 1077/1077/1077
f 1077/1077/1077 1078/1078/1078 1080/1080/1080 1079/1079/1079
f 1079/1079/1079 1080/1080/1080 1082/1082/1082 1081/1081/1081
f 1081/1081/1081 1082/1082/1082 1084/1084/1084 1083/1083/1083
f 1083/1083/1083 1084/1084/1084 1086/1086/1086 1085/1085/1085
f 1085/1085/1085 1086/1086/1086 1088/1088/1088 1087/1087/1087
f 1087/1087/1087 1088/1088/1088 1090/1090/1090 1089/1089/1089
f 1089/1089/1089 1090/1090/1090 1092/1092/1092 1091/1091/1091
f 1091/1091/1091 1092/1092/1092 1094/1094/1094 1093/1093/1093
f 1093/1093/1093 1094/1094/1094 1096/1096/1096 1095/1095/1095
f 1095/1095/1095 1096/1096/1096 1098/1098/1098 1097/1097/1097
f 1097/1097/1097 1098/1098/1098 1100/1100/1100 1099/1099/1099
f 1101/1101/1101 1102/1102/1102 1104/1104/1104 1103/1103/1103
f 1103/1103/1103 1104/1104/1104 1106/1106/1106 1105/1105/1105
f 1105/1105/1105 1106/1106/1106 1108/1108/1108 1107/1107/1107
f 1107/1107/1107 1108/1108/1108 1110/1110/1110 1109/1109/1109
f 1109/1109/1109 1110/1110/1110 1112/1112/1112 1111/1111/1111
f 1111/1111/1111 1112/1112/1112 1114/1114/1114 1113/1113/1113
f 1113/1113/1113 1114/1114/1114 1116/1116/1116 1115/1115/1115
f 1115/1115/1115 1116/1116/1116 1118/1118/1118 1117/1117/1117
f 1117/1117/1117 1118/1118/1118 1120/1120/1120 1119/1119/1119
f 1119/1119/1119 1120/1120/1120 1122/1122/1122 1121/1121/1121
f 1121/1121/1121 1122/1122/1122 1124/1124/1124 1123/1123/1123
f 1123/1123/1123 1124/1124/1124 1126/1126/1126 1125/1125/1125
f 1125/1125/1125 1126/1126/1126 1128/1128/1128 1127/1127/1127
f 1127/1127/1127 1128/1128/1128 1130/1130/1130 1129/1129/1129
f 1129/1129/1129 1130/1130/1130 1132/1132/1132 1131/1131/1131
f 1131/1131/1131 1132/1132/1132 1134/1134/1134 1133/1133/1133
f 1133/1133/1133 1134/1134/1134 1136/1136/1136 1135/1135/1135
f 1135/1135/1135 1136/1136/1136 1138/1138/1138 1137/1137/1137
f 1137/1137/1137 1138/1138/1138 1140/1140/1140 1139/1139/1139
f 1139/1139/1139 1140/1140/1140 1142/1142/1142 1141/1141/1141
f 1141/1141/1141 1142/1142/1142 1144/1144/1144 1143/1143/1143
f 1143/1143/1143 1144/1144/1144 1146/1146/1146 1145/1145/1145
f 1145/1145/1145 1146/1146/1146 1148/1148/1148 1147/1147/1147
f 1147/1147/1147 1148/1148/1148 1150/1150/1150 1149/1149/1149
f 1151/1151/1151 1152/1152/1152 1154/1154/1154 1153/1153/1153
f 1153/1153/1153 1154/1154/1154 1156/1156/1156 1155/1155/1155
f 1155/1155/1155 1156/1156/1156 1158/1158/1158 1157/1157/1157
f 1157/1157/1157 1158/1158/1158 1160/1160/1160 1159/1159/1159
f 1159/1159/1159 1160/1160/1160 1162/1162/1162 1161/1161/1161
f 1161/1161/1161 1162/1162/1162 1164/1164/1164 1163/1163/1163
f 1163/1163/1163 1164/1164/1164 1166/1166/1166 1165/1165/1165
f 1165/1165/1165 1166/1166/1166 1168/1168/1168 1167/1167/1167
f 1167/1167/1167 1168/1168/1168 1170/1170/1170 1169/1169/1169
f 1169/1169/1169 1170/1170/1170 1172/1172/1172 1171/1171/1171
f 1171/1171/1171 1172/1172/1172 1174/1174/1174 1173/1173/1173
f 1173/1173/1173 1174/1174/1174 1176/1176/1176 1175/1175/1175
f 1175/1175/1175 1176/1176/1176 1178/1178/1178 1177/1177/1177
f 1177/1177/1177 1178/1178/1178 1180/1180/1180 1179/1179/1179
f 1179/1179/1179 1180/1180/1180 1182/1182/1182 1181/1181/1181
f 1181/1181/1181 1182/1182/1182 1184/1184/1184 1183/1183/1183
f 1183/1183/1183 1184/1184/1184 1186/1186/1186 1185/1185/1185
f 1185/1185/1185 1186/1186/1186 1188/1188/1188 1187/1187/1187
f 1187/1187/1187 1188/1188/1188 1190/1190/1190 1189/1189/1189
f 1189/1189/1189 1190/1190/1190 1192/1192/1192 1191/1191/1191
f 1191/1191/1191 1192/1192/1192 1194/1194/1194 1193/1193/1193
f 1193/1193/1193 1194/1194/1194 1196/1196/1196 1195/1195/1195
f 1195/1195/1195 1196/1196/1196 1198/1198/1198 1197/1197/1197
f 1197/1197/1197 1198/1198/1198 1200/1200/1200 1199/1199/1199
f 1201/1201/1201 1202/1202/1202 1204/1204/1204 1203/1203/1203
f 1203/1203/1203 1204/1204/1204 1206/1206/1206 1205/1205/1205
f 1205/1205/1205 1206/1206/1206 1208/1208/1208 1207/1207/1207
f 1207/1207/1207 1208/1208/1208 1210/1210/1210 1209/1209/1209
f 1209/1209/1209 1210/1210/1210 1212/1212/1212 1211/1211/1211
f 1211/1211/1211 1212/1212/1212 1214/1214/1214 1213/1213/1213
f 1213/1213/1213 1214/1214/1214 1216/1216/1216 1215/1215/1215
f 1215/1215/1215 1216/1216/1216 1218/1218/1218 1217/1217/1217
f 1217/1217/1217 1218/1218/1218 1220/1220/1220 1219/1219/1219
f 1219/1219/1219 1220/1220/1220 1222/1222/1222 1221/1221/1221
f 1221/1221/1221 1222/1222/1222 1224/1224/1224 1223/1223/1223
f 1223/1223/1223 1224/1224/1224 1226/1226/1226 1225/1225/1225
f 1225/1225/1225 1226/1226/1226 1228/1228/1228 1227/1227/1227
f 1227/1227/1227 1228/1228/1228 1230/1230/1230 1229/1229/1229
f 1229/1229/1229 1230/1230/1230 1232/1232/1232 1231/1231/1231
f 1231/1231/1231 1232/1232/1232 1234/1234/1234 1233/1233/1233
f 1233/1233/1233 1234/1234/1234 1236/1236/1236 1235/1235/1235
f 1235/1235/1235 1236/1236/1236 1238/1238/1238 1237/1237/1237
f 1237/1237/1237 1238/1238/1238 1240/1240/1240 1239/1239/1239
f 1239/1239/1239 1240/1240/1240 1242/1242/1242 1241/1241/1241
f 1241/1241/1241 1242/1242/1242 1244/1244/1244 1243/1243/1243
f 1243/1243/1243 1244/1244/1244 1246/1246/1246 1245/1245/1245
f 1245/1245/1245 1246/1246/1246 1248/1248/1248 1247/1247/1247
f 1247/1247/1247 1248/1248/1248 1250/1250/1250 1249/1249/1249
f 1251/1251/1251 1252/1252/1252 1254/1254/1254 1253/1253/1253
f 1253/1253/1253 1254/1254/1254 1256/1256/1256 1255/1255/1255
f 1255/1255/1255 1256/1256/1256 1258/1258/1258 1257/1257/1257
f 1257/1257/1257 1258/1258/1258 1260/1260/1260 1259/1259/1259
f 1259/1259/1259 1260/1260/1260 1262/1262/1262 1261/1261/1261
f 1261/1261/1261 1262/1262/1262 1264/1264/1264 1263/1263/1263
f 1263/1263/1263 1264/1264/1264 1266/1266/1266 1265/1265/1265
f 1265/1265/1265 1266/1266/1266 1268/1268/1268 1267/1267/1267
f 1267/1267/1267 1268/1268/1268 1270/1270/1270 1269/1269/1269
f 1269/1269/1269 1270/1270/1270 1272/1272/1272 1271/1271/1271
f 1271/1271/1271 1272/1272/1272 1274/1274/1274 1273/1273/1273
f 1273/1273/1273 1274/1274/1274 1276/1276/1276 1275/1275/1275
f 1275/1275/1275 1276/1276/1276 1278/1278/1278 1277/1277/1277
f 1277/1277/1277 1278/1278/1278 1280/1280/1280 1279/1279/1279
f 1279/1279/1279 1280/1280/1280 1282/1282/1282 1281/1281/1281
f 1281/1281/1281 1282/1282/1282 1284/1284/1284 1283/1283/1283
f 1283/1283/1283 1284/1284/1284 1286/1286/1286 1285/1285/1285
f 1285/1285/1285 1286/1286/1286 1288/1288/1288 1287/1287/1287
f 1287/1287/1287 1288/1288/1288 1290/1290/1290 1289/1289/1289
f 1289/1289/1289 1290/1290/1290 1292/1292/1292 1291/1291/1291
f 1291/1291/1291 1292/1292/1292 1294/1294/1294 1293/1293/1293
f 1293/1293/1293 1294/1294/1294 1296/1296/1296 1295/1295/1295
f 1295/1295/1295 1296/1296/1296 1298/1298/1298 1297/1297/1297
f 1297/1297/1297 1298/1298/1298 1300/1300/1300 1299/1299/1299
f 1301/1301/1301 1302/1302/1302 1304/1304/1304 1303/1303/1303
f 1303/1303/1303 1304/1304/1304 1306/1306/1306 1305/1305/1305
f 1305/1305/1305 1306/1306/1306 1308/1308/1308 1307/1307/1307
f 1307/1307/1307 1308/1308/1308 1310/1310/1310 1309/1309/1309
f 1309/1309/1309 1310/1310/1310 1312/1312/1312 1311/1311/1311
f 1311/1311/1311 1312/1312/1312 1314/1314/1314 1313/1313/1313
f 1313/1313/1313 1314/1314/1314 1316/1316/1316 1315/1315/1315
f 1315/1315/1315 1316/1316/1316 1318/1318/1318 1317/1317/1317
f 1317/1317/1317 1318/1318/1318 1320/1320/1320 1319/1319/1319
f 1319/1319/1319 1320/1320/1320 1322/1322/1322 1321/1321/1321
f 1321/1321/1321 1322/1322/1322 1324/1324/1324 1323/1323/1323
f 1323/1323/1323 1324/1324/1324 1326/1326/1326 1325/1325/1325
f 1325/1325/1325 1326/1326/1326 1328/1328/1328 1327/1327/1327
f 1327/1327/1327 1328/1328/1328 1330/1330/1330 1329/1329/1329
f 1329/1329/1329 1330/1330/1330 1332/1332/1332 1331/1331/1331
f 1331/1331/1331 1332/1332/1332 1334/1334/1334 1333/1333/1333
f 1333/1333/1333 1334/1334/1334 1336/1336/1336 1335/1335/1335
f 1335/1335/1335 1336/1336/1336 1338/1338/1338 1337/1337/1337
f 1337/1337/1337 1338/1338/1338 1340/1340/1340 1339/1339/1339
f 1339/1339/1339 1340/1340/1340 1342/1342/1342 1341/1341/1341
f 1341/1341/1341 1342/1342/1342 1344/1344/1344 1343/1343/1343
f 1343/1343/1343 1344/1344/1344 1346/1346/1346 1345/1345/1345
f 1345/1345/1345 1346/1346/1346 1348/1348/1348 1347/1347/1347
f 1347/1347/1347 1348/1348/1348 1350/1350/1350 1349/1349/1349
f 1351/1351/1351 1352/1352/1352 1354/1354/1354 1353/1353/1353
f 1353/1353/1353 1354/1354/1354 1356/1356/1356 1355/1355/1355
f 1355/1355/1355 1356/1356/1356 1358/1358/1358 1357/1357/1357
f 1357/1357/1357 1358/1358/1358 1360/1360/1360 1359/1359/1359
f 1359/1359/1359 1360/1360/1360 1362/1362/1362 1361/1361/1361
f 1361/1361/1361 1362/1362/1362 1364/1364/1364 1363/1363/1363
f 1363/1363/1363 1364/1364/1364 1366/1366/1366 1365/1365/1365
f 1365/1365/1365 1366/1366/1366 1368/1368/1368 1367/1367/1367
f 1367/1367/1367 1368/1368/1368 1370/1370/1370 1369/1369/1369
f 1369/1369/1369 1370/1370/1370 1372/1372/1372 1371/1371/1371
f 1371/1371/1371 1372/1372/1372 1374/1374/1374 1373/1373/1373
f 1373/1373/1373 1374/1374/1374 1376/1376/1376 1375/1375/1375
f 1375/1375/1375 1376/1376/1376 1378/1378/1378 1377/1377/1377
f 1377/1377/1377 1378/1378/1378 1380/1380/1380 1379/1379/1379
f 1379/1379/1379 1380/1380/1380 1382/1382/1382 1381/1381/1381
f 1381/1381/1381 1382/1382/1382 1384/1384/1384 1383/1383/1383
f 1383/1383/1383 1384/1384/1384 1386/1386/1386 1385/1385/1385
f 1385/1385/1385 1386/1386/1386 1388/1388/1388 1387/1387/1387
f 1387/1387/1387 1388/1388/1388 1390/1390/1390 1389/1389/1389
f 1389/1389/1389 1390/1390/1390 1392/1392/1392 1391/1391/1391
f 1391/1391/1391 1392/1392/1392 1394/1394/1394 1393/1393/1393
f 1393/1393/1393 1394/1394/1394 1396/1396/1396 1395/1395/1395
f 1395/1395/1395 1396/1396/1396 1398/1398/1398 1397/1397/1397
f 1397/1397/1397 1398/1398/1398 1400/1400/1400 1399/1399/1399
f 1401/1401/1401 1402/1402/1402 1404/1404/1404 1403/1403/1403
f 1403/1403/1403 1404/1404/1404 1406/1406/1406 1405/1405/1405
f 1405/1405/1405 1406/1406/1406 1408/1408/1408 1407/1407/1407
f 1407/1407/1407 1408/1408/1408 1410/1410/1410 1409/1409/1409
f 1409/1409/1409 1410/1410/1410 1412/1412/1412 1411/1411/1411
f 1411/1411/1411 1412/1412/1412 1414/1414/1414 1413/1413/1413
f 1413/1413/1413 1414/1414/1414 1416/1416/1416 1415/1415/1415
f 1415/1415/1415 1416/1416/1416 1418/1418/1418 1417/1417/1417
f 1417/1417/1417 1418/1418/1418 1420/1420/1420 1419/1419/1419
f 1419/1419/1419 1420/1420/1420 1422/1422/1422 1421/1421/1421
f 1421/1421/1421 1422/1422/1422 1424/1424/1424 1423/1423/1423
f 1423/1423/1423 1424/1424/1424 1426/1426/1426 1425/1425/1425
f 1425/1425/1425 1426/1426/1426 1428/1428/1428 1427/1427/1427
f 1427/1427/1427 1428/1428/1428 1430/1430/1430 1429/1429/1429
f 1429/1429/1429 1430/1430/1430 1432/1432/1432 1431/1431/1431
f 1431/1431/1431 1432/1432/1432 1434/1434/1434 1433/1433/1433
f 1433/1433/1433 1434/1434/1434 1436/1436/1436 1435/1435/1435
f 1435/1435/1435 1436/1436/1436 1438/1438/1438 1437/1437/1437
f 1437/1437/1437 1438/1438/1438 1440/1440/1440 1439/1439/1439
f 1439/1439/1439 1440/1440/1440 1442/1442/1442 1441/1441/1441
f 1441/1441/1441 1442/1442/1442 1444/1444/1444 1443/1443/1443
f 1443/1443/1443 1444/1444/1444 1446/1446/1446 1445/1445/1445
f 1445/1445/1445 1446/1446/1446 1448/1448/1448 1447/1447/1447
f 1447/1447/1447 1448/1448/1448 1450/1450/1450 1449/1449/1449
f 1451/1451/1451 1452/1452/1452 1454/1454/1454 1453/1453/1453
f 1453/1453/1453 1454/1454/1454 1456/1456/1456 1455/1455/1455
f 1455/1455/1455 1456/1456/1456 1458/1458/1458 1457/1457/1457
f 1457/1457/1457 1458/1458/1458 1460/1460/1460 1459/1459/1459
f 1459/1459/1459 1460/1460/1460 1462/1462/1462 1461/1461/1461
f 1461/1461/1461 1462/1462/1462 1464/1464/1464 1463/1463/1463
f 1463/1463/1463 1464/1464/1464 1466/1466/1466 1465/1465/1465
f 1465/1465/1465 1466/1466/1466 1468/1468/1468 1467/1467/1467
f 1467/1467/1467 1468/1468/1468 1470/1470/1470 1469/1469/1469
f 1469/1469/1469 1470/1470/1470 1472/1472/1472 1471/1471/1471
f 1471/1471/1471 1472/1472/1472 1474/1474/1474 1473/1473/1473
f 1473/1473/1473 1474/1474/1474 1476/1476/1476 1475/1475/1475
f 1475/1475/1475 1476/1476/1476 1478/1478/1478 1477/1477/1477
f 1477/1477/1477 1478/1478/1478 1480/1480/1480 1479/1479/1479
f 1479/1479/1479 1480/1480/1480 1482/1482/1482 1481/1481/1481
f 1481/1481/1481 1482/1482/1482 1484/1484/1484 1483/1483/1483
f 1483/1483/1483 1484/1484/1484 1486/1486/1486 1485/1485/1485
f 1485/1485/1485 1486/1486/1486 1488/1488/1488 1487/1487/1487
f 1487/1487/1487 1488/1488/1488 1490/1490/1490 1489/1489/1489
f 1489/1489/1489 1490/1490/1490 1492/1492/1492 1491/1491/1491
f 1491/1491/1491 1492/1492/1492 1494/1494/1494 1493/1493/1493
f 1493/1493/1493 1494/1494/1494 1496/1496/1496 1495/1495/1495
f 1495/1495/1495 1496/1496/1496 1498/1498/1498 1497/1497/1497
f 1497/1497/1497 1498/1498/1498 1500/1500/1500 1499/1499/1499
usemtl bezel
f 2201/2201/2201 2202/2202/2202 2204/2204/2204 2203/2203/2203
f 2203/2203/2203 2204/2204/2204 2206/2206/2206 2205/2205/2205
f 2205/2205/2205 2206/2206/2206 2208/2208/2208 2207/2207/2207
f 2207/2207/2207 2208/2208/2208 2210/2210/2210 2209/2209/2209
f 2209/2209/2209 2210/2210/2210 2212/2212/2212 2211/2211/2211
f 2211/2211/2211 2212/2212/2212 2214/2214/2214 2213/2213/2213
f 2213/2213/2213 2214/2214/2214 2216/2216/2216 2215/2215/2215
f 2215/2215/2215 2216/2216/2216 2218/2218/2218 2217/2217/2217
f 2217/2217/2217 2218/2218/2218 2220/2220/2220 2219/2219/2219
f 2219/2219/2219 2220/2220/2220 2222/2222/2222 2221/2221/2221
f 2221/2221/2221 2222/2222/2222 2224/2224/2224 2223/2223/2223
f 2223/2223/2223 2224/2224/2224 2226/2226/2226 2225/2225/2225
f 2225/2225/2225 2226/2226/2226 2228/2228/2228 2227/2227/2227
f 2227/2227/2227 2228/2228/2228 2230/2230/2230 2229/2229/2229
f 2229/2229/2229 2230/2230/2230 2232/2232/2232 2231/2231/2231
f 2231/2231/2231 2232/2232/2232 2234/2234/2234 2233/2233/2233
f 2233/2233/2233 2234/2234/2234 2236/2236/2236 2235/2235/2235
f 2235/2235/2235 2236/2236/2236 2238/2238/2238 2237/2237/2237
f 2237/2237/2237 2238/2238/2238 2240/2240/2240 2239/2239/2239
f 2239/2239/2239 2240/2240/2240 2242/2242/2242 2241/2241/2241
f 2241/2241/2241 2242/2242/2242 2244/2244/2244 2243/2243/2243
f 2243/2243/2243 2244/2244/2244 2246/2246/2246 2245/2245/2245
f 2245/2245/2245 2246/2246/2246 2248/2248/2248 2247/2247/2247
f 2247/2247/2247 2248/2248/2248 2250/2250/2250 2249/2249/2249
f 2251/2251/2251 2252/2252/2252 2254/2254/2254 2253/2253/2253
f 2253/2253/2253 2254/2254/2254 2256/2256/2256 2255/2255/2255
f 2255/2255/2255 2256/2256/2256 2258/2258/2258 2257/2257/2257
f 2257/2257/2257 2258/2258/2258 2260/2260/2260 2259/2259/2259
f 2259/2259/2259 2260/2260/2260 2262/2262/2262 2261/2261/2261
f 2261/2261/2261 2262/2262/2262 2264/2264/2264 2263/2263/2263
f 2263/2263/2263 2264/2264/2264 2266/2266/2266 2265/2265/2265
f 2265/2265/2265 2266/2266/2266 2268/2268/2268 2267/2267/2267
f 2267/2267/2267 2268/2268/2268 2270/2270/2270 2269/2269/2269
f 2269/2269/2269 2270/2270/2270 2272/2272/2272 2271/2271/2271
f 2271/2271/2271 2272/2272/2272 2274/2274/2274 2273/2273/2273
f 2273/2273/2273 2274/2274/2274 2276/2276/2276 2275/2275/2275
f 2275/2275/2275 2276/2276/2276 2278/2278/2278 2277/2277/2277
f 2277/2277/2277 2278/2278/2278 2280/2280/2280 2279/2279/2279
f 2279/2279/2279 2280/2280/2280 2282/2282/2282 2281/2281/2281
f 2281/2281/2281 2282/2282/2282 2284/2284/2284 2283/2283/2283
f 2283/2283/2283 2284/2284/2284 2286/2286/2286 2285/2285/2285
f 2285/2285/2285 2286/2286/2286 2288/2288/2288 2287/2287/2287
f 2287/2287/2287 2288/2288/2288 2290/2290/2290 2289/2289/2289
f 2289/2289/2289 2290/2290/2290 2292/2292/2292 2291/2291/2291
f 2291/2291/2291 2292/2292/2292 2294/2294/2294 2293/2293/2293
f 2293/2293/2293 2294/2294/2294 2296/2296/2296 2295/2295/2295
f 2295/2295/2295 2296/2296/2296 2298/2298/2298 2297/2297/2297
f 2297/2297/2297 2298/2298/2298 2300/2300/2300 2299/2299/2299
f 2301/2301/2301 2302/2302/2302 2304/2304/2304 2303/2303/2303
f 2303/2303/2303 2304/2304/2304 2306/2306/2306 2305/2305/2305
f 2305/2305/2305 2306/2306/2306 2308/2308/2308 2307/2307/2307
f 2307/2307/2307 2308/2308/2308 2310/2310/2310 2309/2309/2309
f 2311/2311/2311 2312/2312/2312 2314/2314/2314 2313/2313/2313
f 2313/2313/2313 2314/2314/2314 2316/2316/2316 2315/2315/2315
f 2315/2315/2315 2316/2316/2316 2318/2318/2318 2317/2317/2317
f 2317/2317/2317 2318/2318/2318 2320/2320/2320 2319/2319/2319
f 2321/2321/2321 2322/2322/2322 2324/2324/2324 2323/2323/2323
f 2323/2323/2323 2324/2324/2324 2326/2326/2326 2325/2325/2325
f 2325/2325/2325 2326/2326/2326 2328/2328/2328 2327/2327/2327
f 2327/2327/2327 2328/2328/2328 2330/2330/2330 2329/2329/2329
f 2334/2334/2334 2333/2333/2333 2332/2332/2332 2331/2331/2331
f 2335/2335/2335 2336/2336/2336 2337/2337/2337 2338/2338/2338
f 2339/2339/2339 2340/2340/2340 2342/2342/2342 2341/2341/2341
f 2341/2341/2341 2342/2342/2342 2344/2344/2344 2343/2343/2343
f 2343/2343/2343 2344/2344/2344 2346/2346/2346 2345/2345/2345
f 2345/2345/2345 2346/2346/2346 2348/2348/2348 2347/2347/2347
f 2349/2349/2349 2350/2350/2350 2352/2352/2352 2351/2351/2351
f 2351/2351/2351 2352/2352/2352 2354/2354/2354 2353/2353/2353
f 2353/2353/2353 2354/2354/2354 2356/2356/2356 2355/2355/2355
f 2355/2355/2355 2356/2356/2356 2358/2358/2358 2357/2357/2357
f 2359/2359/2359 2360/2360/2360 2362/2362/2362 2361/2361/2361
f 2361/2361/2361 2362/2362/2362 2364/2364/2364 2363/2363/2363
f 2363/2363/2363 2364/2364/2364 2366/2366/2366 2365/2365/2365
f 2365/2365/2365 2366/2366/2366 2368/2368/2368 2367/2367/2367
f 2372/2372/2372 2371/2371/2371 2370/2370/2370 2369/2369/2369
f 2373/2373/2373 2374/2374/2374 2375/2375/2375 2376/2376/2376
f 2377/2377/2377 2378/2378/2378 2380/2380/2380 2379/2379/2379
f 2379/2379/2379 2380/2380/2380 2382/2382/2382 2381/2381/2381
f 2381/2381/2381 2382/2382/2382 2384/2384/2384 2383/2383/2383
f 2383/2383/2383 2384/2384/2384 2386/2386/2386 2385/2385/2385
f 2387/2387/2387 2388/2388/2388 2390/2390/2390 2389/2389/2389
f 2389/2389/2389 2390/2390/2390 2392/2392/2392 2391/2391/2391
f 2391/2391/2391 2392/2392/2392 2394/2394/2394 2393/2393/2393
f 2393/2393/2393 2394/2394/2394 2396/2396/2396 2395/2395/2395
f 2397/2397/2397 2398/2398/2398 2400/2400/2400 2399/2399/2399
f 2399/2399/2399 2400/2400/2400 2402/2402/2402 2401/2401/2401
f 2401/2401/2401 2402/2402/2402 2404/2404/2404 2403/2403/2403
f 2403/2403/2403 2404/2404/2404 2406/2406/2406 2405/2405/2405
f 2410/2410/2410 2409/2409/2409 2408/2408/2408 2407/2407/2407
f 2411/2411/2411 2412/2412/2412 2413/2413/2413 2414/2414/2414
f 2415/2415/2415 2416/2416/2416 2418/2418/2418 2417/2417/2417
f 2417/2417/2417 2418/2418/2418 2420/2420/2420 2419/2419/2419
f 2419/2419/2419 2420/2420/2420 2422/2422/2422 2421/2421/2421
f 2421/2421/2421 2422/2422/2422 2424/2424/2424 2423/2423/2423
f 2425/2425/2425 2426/2426/2426 2428/2428/2428 2427/2427/2427
f 2427/2427/2427 2428/2428/2428 2430/2430/2430 2429/2429/2429
f 2429/2429/2429 2430/2430/2430 2432/2432/2432 2431/2431/2431
f 2431/2431/2431 2432/2432/2432 2434/2434/2434 2433/2433/2433
f 2435/2435/2435 2436/2436/2436 2438/2438/2438 2437/2437/2437
f 2437/2437/2437 2438/2438/2438 2440/2440/2440 2439/2439/2439
f 2439/2439/2439 2440/2440/2440 2442/2442/2442 2441/2441/2441
f 2441/2441/2441 2442/2442/2442 2444/2444/2444 2443/2443/2443
f 2448/2448/2448 2447/2447/2447 2446/2446/2446 2445/2445/2445
f 2449/2449/2449 2450/2450/2450 2451/2451/2451 2452/2452/2452
f 2453/2453/2453 2454/2454/2454 2456/2456/2456 2455/2455/2455
f 2455/2455/2455 2456/2456/2456 2458/2458/2458 2457/2457/2457
f 2457/2457/2457 2458/2458/2458 2460/2460/2460 2459/2459/2459
f 2459/2459/2459 2460/2460/2460 2462/2462/2462 2461/2461/2461
f 2463/2463/2463 2464/2464/2464 2466/2466/2466 2465/2465/2465
f 2465/2465/2465 2466/2466/2466 2468/2468/2468 2467/2467/2467
f 2467/2467/2467 2468/2468/2468 2470/2470/2470 2469/2469/2469
f 2469/2469/2469 2470/2470/2470 2472/2472/2472 2471/2471/2471
f 2473/2473/2473 2474/2474/2474 2476/2476/2476 2475/2475/2475
f 2475/2475/2475 2476/2476/2476 2478/2478/2478 2477/2477/2477
f 2477/2477/2477 2478/2478/2478 2480/2480/2480 2479/2479/2479
f 2479/2479/2479 2480/2480/2480 2482/2482/2482 2481/2481/2481
f 2486/2486/2486 2485/2485/2485 2484/2484/2484 2483/2483/2483
f 2487/2487/2487 2488/2488/2488 2489/2489/2489 2490/2490/2490
f 2491/2491/2491 2492/2492/2492 2494/2494/2494 2493/2493/2493
f 2493/2493/2493 2494/2494/2494 2496/2496/2496 2495/2495/2495
f 2495/2495/2495 2496/2496/2496 2498/2498/2498 2497/2497/2497
f 2497/2497/2497 2498/2498/2498 2500/2500/2500 2499/2499/2499
f 2501/2501/2501 2502/2502/2502 2504/2504/2504 2503/2503/2503
f 2503/2503/2503 2504/2504/2504 2506/2506/2506 2505/2505/2505
f 2505/2505/2505 2506/2506/2506 2508/2508/2508 2507/2507/2507
f 2507/2507/2507 2508/2508/2508 2510/2510/2510 2509/2509/2509
f 2511/2511/2511 2512/2512/2512 2514/2514/2514 2513/2513/2513
f 2513/2513/2513 2514/2514/2514 2516/2516/2516 2515/2515/2515
f 2515/2515/2515 2516/2516/2516 2518/2518/2518 2517/2517/2517
f 2517/2517/2517 2518/2518/2518 2520/2520/2520 2519/2519/2519
f 2524/2524/2524 2523/2523/2523 2522/2522/2522 2521/2521/2521
f 2525/2525/2525 2526/2526/2526 2527/2527/2527 2528/2528/2528
f 2529/2529/2529 2530/2530/2530 2532/2532/2532 2531/2531/2531
f 2531/2531/2531 2532/2532/2532 2534/2534/2534 2533/2533/2533
f 2533/2533/2533 2534/2534/2534 2536/2536/2536 2535/2535/2535
f 2535/2535/2535 2536/2536/2536 2538/2538/2538 2537/2537/2537
f 2539/2539/2539 2540/2540/2540 2542/2542/2542 2541/2541/2541
f 2541/2541/2541 2542/2542/2542 2544/2544/2544 2543/2543/2543
f 2543/2543/2543 2544/2544/2544 2546/2546/2546 2545/2545/2545
f 2545/2545/2545 2546/2546/2546 2548/2548/2548 2547/2547/2547
f 2549/2549/2549 2550/2550/2550 2552/2552/2552 2551/2551/2551
f 2551/2551/2551 2552/2552/2552 2554/2554/2554 2553/2553/2553
f 2553/2553/2553 2554/2554/2554 2556/2556/2556 2555/2555/2555
f 2555/2555/2555 2556/2556/2556 2558/2558/2558 2557/2557/2557
f 2562/2562/2562 2561/2561/2561 2560/2560/2560 2559/2559/2559
f 2563/2563/2563 2564/2564/2564 2565/2565/2565 2566/2566/2566
f 2567/2567/2567 2568/2568/2568 2570/2570/2570 2569/2569/2569
f 2569/2569/2569 2570/2570/2570 2572/2572/2572 2571/2571/2571
f 2571/2571/2571 2572/2572/2572 2574/2574/2574 2573/2573/2573
f 2573/2573/2573 2574/2574/2574 2576/2576/2576 2575/2575/2575
f 2577/2577/2577 2578/2578/2578 2580/2580/2580 2579/2579/2579
f 2579/2579/2579 2580/2580/2580 2582/2582/2582 2581/2581/2581
f 2581/2581/2581 2582/2582/2582 2584/2584/2584 2583/2583/2583
f 2583/2583/2583 2584/2584/2584 2586/2586/2586 2585/2585/2585
f 2587/2587/2587 2588/2588/2588 2590/2590/2590 2589/2589/2589
f 2589/2589/2589 2590/2590/2590 2592/2592/2592 2591/2591/2591
f 2591/2591/2591 2592/2592/2592 2594/2594/2594 2593/2593/2593
f 2593/2593/2593 2594/2594/2594 2596/2596/2596 2595/2595/2595
f 2600/2600/2600 2599/2599/2599 2598/2598/2598 2597/2597/2597
f 2601/2601/2601 2602/2602/2602 2603/2603/2603 2604/2604/2604
f 2605/2605/2605 2606/2606/2606 2608/2608/2608 2607/2607/2607
f 2607/2607/2607 2608/2608/2608 2610/2610/2610 2609/2609/2609
f 2609/2609/2609 2610/2610/2610 2612/2612/2612 2611/2611/2611
f 2611/2611/2611 2612/2612/2612 2614/2614/2614 2613/2613/2613
f 2613/2613/2613 2614/2614/2614 2616/2616/2616 2615/2615/2615
f 2615/2615/2615 2616/2616/2616 2618/2618/2618 2617/2617/2617
f 2617/2617/2617 2618/2618/2618 2620/2620/2620 2619/2619/2619
f 2619/2619/2619 2620/2620/2620 2622/2622/2622 2621/2621/2621
f 2621/2621/2621 2622/2622/2622 2624/2624/2624 2623/2623/2623
f 2623/2623/2623 2624/2624/2624 2626/2626/2626 2625/2625/2625
f 2625/2625/2625 2626/2626/2626 2628/2628/2628 2627/2627/2627
f 2627/2627/2627 2628/2628/2628 2630/2630/2630 2629/2629/2629
f 2629/2629/2629 2630/2630/2630 2632/2632/2632 2631/2631/2631
f 2631/2631/2631 2632/2632/2632 2634/2634/2634 2633/2633/2633
f 2633/2633/2633 2634/2634/2634 2636/2636/2636 2635/2635/2635
f 2635/2635/2635 2636/2636/2636 2638/2638/2638 2637/2637/2637
f 2637/2637/2637 2638/2638/2638 2640/2640/2640 2639/2639/2639
f 2639/2639/2639 2640/2640/2640 2642/2642/2642 2641/2641/2641
f 2641/2641/2641 2642/2642/2642 2644/2644/2644 2643/2643/2643
f 2643/2643/2643 2644/2644/2644 2646/2646/2646 2645/2645/2645
f 2645/2645/2645 2646/2646/2646 2648/2648/2648 2647/2647/2647
f 2647/2647/2647 2648/2648/2648 2650/2650/2650 2649/2649/2649
f 2649/2649/2649 2650/2650/2650 2652/2652/2652 2651/2651/2651
f 2651/2651/2651 2652/2652/2652 2654/2654/2654 2653/2653/2653
f 2657/2657/2657 2658/2658/2658 2656/2656/2656 2655/2655/2655
f 2659/2659/2659 2660/2660/2660 2658/2658/2658 2657/2657/2657
f 2661/2661/2661 2662/2662/2662 2660/2660/2660 2659/2659/2659
f 2663/2663/2663 2664/2664/2664 2662/2662/2662 2661/2661/2661
f 2665/2665/2665 2666/2666/2666 2664/2664/2664 2663/2663/2663
f 2667/2667/2667 2668/2668/2668 2666/2666/2666 2665/2665/2665
f 2669/2669/2669 2670/2670/2670 2668/2668/2668 2667/2667/2667
f 2671/2671/2671 2672/2672/2672 2670/2670/2670 2669/2669/2669
f 2673/2673/2673 2674/2674/2674 2672/2672/2672 2671/2671/2671
f 2675/2675/2675 2676/2676/2676 2674/2674/2674 2673/2673/2673
f 2677/2677/2677 2678/2678/2678 2676/2676/2676 2675/2675/2675
f 2679/2679/2679 2680/2680/2680 2678/2678/2678 2677/2677/2677
f 2681/2681/2681 2682/2682/2682 2680/2680/2680 2679/2679/2679
f 2683/2683/2683 2684/2684/2684 2682/2682/2682 2681/2681/2681
f 2685/2685/2685 2686/2686/2686 2684/2684/2684 2683/2683/2683
f 2687/2687/2687 2688/2688/2688 2686/2686/2686 2685/2685/2685
f 2689/2689/2689 2690/2690/2690 2688/2688/2688 2687/2687/2687
f 2691/2691/2691 2692/2692/2692 2690/2690/2690 2689/2689/2689
f 2693/2693/2693 2694/2694/2694 2692/2692/2692 2691/2691/2691
f 2695/2695/2695 2696/2696/2696 2694/2694/2694 2693/2693/2693
f 2697/2697/2697 2698/2698/2698 2696/2696/2696 2695/2695/2695
f 2699/2699/2699 2700/2700/2700 2698/2698/2698 2697/2697/2697
f 2701/2701/2701 2702/2702/2702 2700/2700/2700 2699/2699/2699
f 2703/2703/2703 2704/2704/2704 2702/2702/2702 2701/2701/2701
usemtl rubber
f 1/1/1 2/2/2 4/4/4 3/3/3
f 3/3/3 4/4/4 6/6/6 5/5/5
f 5/5/5 6/6/6 8/8/8 7/7/7
f 7/7/7 8/8/8 10/10/10 9/9/9
f 9/9/9 10/10/10 12/12/12 11/11/11
f 11/11/11 12/12/12 14/14/14 13/13/13
f 13/13/13 14/14/14 16/16/16 15/15/15
f 15/15/15 16/16/16 18/18/18 17/17/17
f 17/17/17 18/18/18 20/20/20 19/19/19
f 19/19/19 20/20/20 22/22/22 21/21/21
f 21/21/21 22/22/22 24/24/24 23/23/23
f 23/23/23 24/24/24 26/26/26 25/25/25
f 25/25/25 26/26/26 28/28/28 27/27/27
f 27/27/27 28/28/28 30/30/30 29/29/29
f 29/29/29 30/30/30 32/32/32 31/31/31
f 31/31/31 32/32/32 34/34/34 33/33/33
f 33/33/33 34/34/34 36/36/36 35/35/35
f 35/35/35 36/36/36 38/38/38 37/37/37
f 37/37/37 38/38/38 40/40/40 39/39/39
f 39/39/39 40/40/40 42/42/42 41/41/41
f 41/41/41 42/42/42 44/44/44 43/43/43
f 43/43/43 44/44/44 46/46/46 45/45/45
f 45/45/45 46/46/46 48/48/48 47/47/47
f 47/47/47 48/48/48 50/50/50 49/49/49
f 51/51/51 52/52/52 54/54/54 53/53/53
f 53/53/53 54/54/54 56/56/56 55/55/55
f 55/55/55 56/56/56 58/58/58 57/57/57
f 57/57/57 58/58/58 60/60/60 59/59/59
f 59/59/59 60/60/60 62/62/62 61/61/61
f 61/61/61 62/62/62 64/64/64 63/63/63
f 63/63/63 64/64/64 66/66/66 65/65/65
f 65/65/65 66/66/66 68/68/68 67/67/67
f 67/67/67 68/68/68 70/70/70 69/69/69
f 69/69/69 70/70/70 72/72/72 71/71/71
f 71/71/71 72/72/72 74/74/74 73/73/73
f 73/73/73 74/74/74 76/76/76 75/75/75
f 75/75/75 76/76/76 78/78/78 77/77/77
f 77/77/77 78/78/78 80/80/80 79/79/79
f 79/79/79 80/80/80 82/82/82 81/81/81
f 81/81/81 82/82/82 84/84/84 83/83/83
f 83/83/83 84/84/84 86/86/86 85/85/85
f 85/85/85 86/86/86 88/88/88 87/87/87
f 87/87/87 88/88/88 90/90/90 89/89/89
f 89/89/89 90/90/90 92/92/92 91/91/91
f 91/91/91 92/92/92 94/94/94 93/93/93
f 93/93/93 94/94/94 96/96/96 95/95/95
f 95/95/95 96/96/96 98/98/98 97/97/97
f 97/97/97 98/98/98 100/100/100 99/99/99
f 101/101/101 102/102/102 104/104/104 103/103/103
f 103/103/103 104/104/104 106/106/106 105/105/105
f 105/105/105 106/106/106 108/108/108 107/107/107
f 107/107/107 108/108/108 110/110/110 109/109/109
f 109/109/109 110/110/110 112/112/112 111/111/111
f 111/111/111 112/112/112 114/114/114 113/113/113
f 113/113/113 114/114/114 116/116/116 115/115/115
f 115/115/115 116/116/116 118/118/118 117/117/117
f 117/117/117 118/118/118 120/120/120 119/119/119
f 119/119/119 120/120/120 122/122/122 121/121/121
f 121/121/121 122/122/122 124/124/124 123/123/123
f 123/123/123 124/124/124 126/126/126 125/125/125
f 125/125/125 126/126/126 128/128/128 127/127/127
f 127/127/127 128/128/128 130/130/130 129/129/129
f 129/129/129 130/130/130 132/132/132 131/131/131
f 131/131/131 132/132/132 134/134/134 133/133/133
f 133/133/133 134/134/134 136/136/136 135/135/135
f 135/135/135 136/136/136 138/138/138 137/137/137
f 137/137/137 138/138/138 140/140/140 139/139/139
f 139/139/139 140/140/140 142/142/142 141/141/141
f 141/141/141 142/142/142 144/144/144 143/143/143
f 143/143/143 144/144/144 146/146/146 145/145/145
f 145/145/145 146/146/146 148/148/148 147/147/147
f 147/147/147 148/148/148 150/150/150 149/149/149
f 151/151/151 152/152/152 154/154/154 153/153/153
f 153/153/153 154/154/154 156/156/156 155/155/155
f 155/155/155 156/156/156 158/158/158 157/157/157
f 157/157/157 158/158/158 160/160/160 159/159/159
f 159/159/159 160/160/160 162/162/162 161/161/161
f 161/161/161 162/162/162 164/164/164 163/163/163
f 163/163/163 164/164/164 166/166/166 165/165/165
f 165/165/165 166/166/166 168/168/168 167/167/167
f 167/167/167 168/168/168 170/170/170 169/169/169
f 169/169/169 170/170/170 172/172/172 171/171/171
f 171/171/171 172/172/172 174/174/174 173/173/173
f 173/173/173 174/174/174 176/176/176 175/175/175
f 175/175/175 176/176/176 178/178/178 177/177/177
f 177/177/177 178/178/178 180/180/180 179/179/179
f 179/179/179 180/180/180 182/182/182 181/181/181
f 181/181/181 182/182/182 184/184/184 183/183/183
f 183/183/183 184/184/184 186/186/186 185/185/185
f 185/185/185 186/186/186 188/188/188 187/187/187
f 187/187/187 188/188/188 190/190/190 189/189/189
f 189/189/189 190/190/190 192/192/192 191/191/191
f 191/191/191 192/192/192 194/194/194 193/193/193
f 193/193/193 194/194/194 196/196/196 195/195/195
f 195/195/195 196/196/196 198/198/198 197/197/197
f 197/197/197 198/198/198 200/200/200 199/199/199
f 201/201/201 202/202/202 204/204/204 203/203/203
f 203/203/203 204/204/204 206/206/206 205/205/205
f 205/205/205 206/206/206 208/208/208 207/207/207
f 207/207/207 208/208/208 210/210/210 209/209/209
f 209/209/209 210/210/210 212/212/212 211/211/211
f 211/211/211 212/212/212 214/214/214 213/213/213
f 213/213/213 214/214/214 216/216/216 215/215/215
f 215/215/215 216/216/216 218/218/218 217/217/217
f 217/217/217 218/218/218 220/220/220 219/219/219
f 219/219/219 220/220/220 222/222/222 221/221/221
f 221/221/221 222/222/222 224/224/224 223/223/223
f 223/223/223 224/224/224 226/226/226 225/225/225
f 225/225/225 226/226/226 228/228/228 227/227/227
f 227/227/227 228/228/228 230/230/230 229/229/229
f 229/229/229 230/230/230 232/232/232 231/231/231
f 231/231/231 232/232/232 234/234/234 233/233/233
f 233/233/233 234/234/234 236/236/236 235/235/235
f 235/235/235 236/236/236 238/238/238 237/237/237
f 237/237/237 238/238/238 240/240/240 239/239/239
f 239/239/239 240/240/240 242/242/242 241/241/241
f 241/241/241 242/242/242 244/244/244 243/243/243
f 243/243/243 244/244/244 246/246/246 245/245/245
f 245/245/245 246/246/246 248/248/248 247/247/247
f 247/247/247 248/248/248 250/250/250 249/249/249
f 2731/2731/2731 2740/2740/2740 2741/2741/2741 2732/2732/2732
f 2732/2732/2732 2741/2741/2741 2742/2742/2742 2733/2733/2733
f 2733/2733/2733 2742/2742/2742 2743/2743/2743 2734/2734/2734
f 2734/2734/2734 2743/2743/2743 2744/2744/2744 2735/2735/2735
f 2735/2735/2735 2744/2744/2744 2745/2745/2745 2736/2736/2736
f 2736/2736/2736 2745/2745/2745 2746/2746/2746 2737/2737/2737
f 2737/2737/2737 2746/2746/2746 2747/2747/2747 2738/2738/2738
f 2738/2738/2738 2747/2747/2747 2748/2748/2748 2739/2739/2739
f 2740/2740/2740 2749/2749/2749 2750/2750/2750 2741/2741/2741
f 2741/2741/2741 2750/2750/2750 2751/2751/2751 2742/2742/2742
f 2742/2742/2742 2751/2751/2751 2752/2752/2752 2743/2743/2743
f 2743/2743/2743 2752/2752/2752 2753/2753/2753 2744/2744/2744
f 2744/2744/2744 2753/2753/2753 2754/2754/2754 2745/2745/2745
f 2745/2745/2745 2754/2754/2754 2755/2755/2755 2746/2746/2746
f 2746/2746/2746 2755/2755/2755 2756/2756/2756 2747/2747/2747
f 2747/2747/2747 2756/2756/2756 2757/2757/2757 2748/2748/2748
f 2749/2749/2749 2758/2758/2758 2759/2759/2759 2750/2750/2750
f 2750/2750/2750 2759/2759/2759 2760/2760/2760 2751/2751/2751
f 2751/2751/2751 2760/2760/2760 2761/2761/2761 2752/2752/2752
f 2752/2752/2752 2761/2761/2761 2762/2762/2762 2753/2753/2753
f 2753/2753/2753 2762/2762/2762 2763/2763/2763 2754/2754/2754
f 2754/2754/2754 2763/2763/2763 2764/2764/2764 2755/2755/2755
f 2755/2755/2755 2764/2764/2764 2765/2765/2765 2756/2756/2756
f 2756/2756/2756 2765/2765/2765 2766/2766/2766 2757/2757/2757
f 2758/2758/2758 2767/2767/2767 2768/2768/2768 2759/2759/2759
f 2759/2759/2759 2768/2768/2768 2769/2769/2769 2760/2760/2760
f 2760/2760/2760 2769/2769/2769 2770/2770/2770 2761/2761/2761
f 2761/2761/2761 2770/2770/2770 2771/2771/2771 2762/2762/2762
f 2762/2762/2762 2771/2771/2771 2772/2772/2772 2763/2763/2763
f 2763/2763/2763 2772/2772/2772 2773/2773/2773 2764/2764/2764
f 2764/2764/2764 2773/2773/2773 2774/2774/2774 2765/2765/2765
f 2765/2765/2765 2774/2774/2774 2775/2775/2775 2766/2766/2766
f 2767/2767/2767 2776/2776/2776 2777/2777/2777 2768/2768/2768
f 2768/2768/2768 2777/2777/2777 2778/2778/2778 2769/2769/2769
f 2769/2769/2769 2778/2778/2778 2779/2779/2779 2770/2770/2770
f 2770/2770/2770 2779/2779/2779 2780/2780/2780 2771/2771/2771
f 2771/2771/2771 2780/2780/2780 2781/2781/2781 2772/2772/2772
f 2772/2772/2772 2781/2781/2781 2782/2782/2782 2773/2773/2773
f 2773/2773/2773 2782/2782/2782 2783/2783/2783 2774/2774/2774
f 2774/2774/2774 2783/2783/2783 2784/2784/2784 2775/2775/2775
f 2776/2776/2776 2785/2785/2785 2786/2786/2786 2777/2777/2777
f 2777/2777/2777 2786/2786/2786 2787/2787/2787 2778/2778/2778
f 2778/2778/2778 2787/2787/2787 2788/2788/2788 2779/2779/2779
f 2779/2779/2779 2788/2788/2788 2789/2789/2789 2780/2780/2780
f 2780/2780/2780 2789/2789/2789 2790/2790/2790 2781/2781/2781
f 2781/2781/2781 2790/2790/2790 2791/2791/2791 2782/2782/2782
f 2782/2782/2782 2791/2791/2791 2792/2792/2792 2783/2783/2783
f 2783/2783/2783 2792/2792/2792 2793/2793/2793 2784/2784/2784
f 2785/2785/2785 2794/2794/2794 2795/2795/2795 2786/2786/2786
f 2786/2786/2786 2795/2795/2795 2796/2796/2796 2787/2787/2787
f 2787/2787/2787 2796/2796/2796 2797/2797/2797 2788/2788/2788
f 2788/2788/2788 2797/2797/2797 2798/2798/2798 2789/2789/2789
f 2789/2789/2789 2798/2798/2798 2799/2799/2799 2790/2790/2790
f 2790/2790/2790 2799/2799/2799 2800/2800/2800 2791/2791/2791
f 2791/2791/2791 2800/2800/2800 2801/2801/2801 2792/2792/2792
f 2792/2792/2792 2801/2801/2801 2802/2802/2802 2793/2793/2793
f 2794/2794/2794 2803/2803/2803 2804/2804/2804 2795/2795/2795
f 2795/2795/2795 2804/2804/2804 2805/2805/2805 2796/2796/2796
f 2796/2796/2796 2805/2805/2805 2806/2806/2806 2797/2797/2797
f 2797/2797/2797 2806/2806/2806 2807/2807/2807 2798/2798/2798
f 2798/2798/2798 2807/2807/2807 2808/2808/2808 2799/2799/2799
f 2799/2799/2799 2808/2808/2808 2809/2809/2809 2800/2800/2800
f 2800/2800/2800 2809/2809/2809 2810/2810/2810 2801/2801/2801
f 2801/2801/2801 2810/2810/2810 2811/2811/2811 2802/2802/2802
usemtl lock
f 3271/3271/3271 3272/3272/3272 3274/3274/3274 3273/3273/3273
f 3273/3273/3273 3274/3274/3274 3276/3276/3276 3275/3275/3275
f 3275/3275/3275 3276/3276/3276 3278/3278/3278 3277/3277/3277
f 3277/3277/3277 3278/3278/3278 3280/3280/3280 3279/3279/3279
f 3279/3279/3279 3280/3280/3280 3282/3282/3282 3281/3281/3281
f 3281/3281/3281 3282/3282/3282 3284/3284/3284 3283/3283/3283
f 3283/3283/3283 3284/3284/3284 3286/3286/3286 3285/3285/3285
f 3285/3285/3285 3286/3286/3286 3288/3288/3288 3287/3287/3287
f 3287/3287/3287 3288/3288/3288 3290/3290/3290 3289/3289/3289
f 3289/3289/3289 3290/3290/3290 3292/3292/3292 3291/3291/3291
f 3291/3291/3291 3292/3292/3292 3294/3294/3294 3293/3293/3293
f 3293/3293/3293 3294/3294/3294 3296/3296/3296 3295/3295/3295
f 3297/3297/3297 3298/3298/3298 3300/3300/3300 3299/3299/3299
f 3299/3299/3299 3300/3300/3300 3302/3302/3302 3301/3301/3301
f 3301/3301/3301 3302/3302/3302 3304/3304/3304 3303/3303/3303
f 3303/3303/3303 3304/3304/3304 3306/3306/3306 3305/3305/3305
f 3305/3305/3305 3306/3306/3306 3308/3308/3308 3307/3307/3307
f 3307/3307/3307 3308/3308/3308 3310/3310/3310 3309/3309/3309
f 3309/3309/3309 3310/3310/3310 3312/3312/3312 3311/3311/3311
f 3311/3311/3311 3312/3312/3312 3314/3314/3314 3313/3313/3313
f 3313/3313/3313 3314/3314/3314 3316/3316/3316 3315/3315/3315
f 3315/3315/3315 3316/3316/3316 3318/3318/3318 3317/3317/3317
f 3317/3317/3317 3318/3318/3318 3320/3320/3320 3319/3319/3319
f 3319/3319/3319 3320/3320/3320 3322/3322/3322 3321/3321/3321
f 3323/3323/3323 3324/3324/3324 3326/3326/3326 3325/3325/3325
f 3325/3325/3325 3326/3326/3326 3328/3328/3328 3327/3327/3327
f 3327/3327/3327 3328/3328/3328 3330/3330/3330 3329/3329/3329
f 3329/3329/3329 3330/3330/3330 3332/3332/3332 3331/3331/3331
f 3331/3331/3331 3332/3332/3332 3334/3334/3334 3333/3333/3333
f 3333/3333/3333 3334/3334/3334 3336/3336/3336 3335/3335/3335
f 3335/3335/3335 3336/3336/3336 3338/3338/3338 3337/3337/3337
f 3337/3337/3337 3338/3338/3338 3340/3340/3340 3339/3339/3339
f 3339/3339/3339 3340/3340/3340 3342/3342/3342 3341/3341/3341
f 3341/3341/3341 3342/3342/3342 3344/3344/3344 3343/3343/3343
f 3343/3343/3343 3344/3344/3344 3346/3346/3346 3345/3345/3345
f 3345/3345/3345 3346/3346/3346 3348/3348/3348 3347/3347/3347
f 3349/3349/3349 3350/3350/3350 3352/3352/3352 3351/3351/3351
f 3351/3351/3351 3352/3352/3352 3354/3354/3354 3353/3353/3353
f 3353/3353/3353 3354/3354/3354 3356/3356/3356 3355/3355/3355
f 3355/3355/3355 3356/3356/3356 3358/3358/3358 3357/3357/3357
f 3357/3357/3357 3358/3358/3358 3360/3360/3360 3359/3359/3359
f 3359/3359/3359 3360/3360/3360 3362/3362/3362 3361/3361/3361
f 3361/3361/3361 3362/3362/3362 3364/3364/3364 3363/3363/3363
f 3363/3363/3363 3364/3364/3364 3366/3366/3366 3365/3365/3365
f 3365/3365/3365 3366/3366/3366 3368/3368/3368 3367/3367/3367
f 3367/3367/3367 3368/3368/3368 3370/3370/3370 3369/3369/3369
f 3369/3369/3369 3370/3370/3370 3372/3372/3372 3371/3371/3371
f 3371/3371/3371 3372/3372/3372 3374/3374/3374 3373/3373/3373
f 3375/3375/3375 3376/3376/3376 3378/3378/3378 3377/3377/3377
f 3377/3377/3377 3378/3378/3378 3380/3380/3380 3379/3379/3379
f 3379/3379/3379 3380/3380/3380 3382/3382/3382 3381/3381/3381
f 3381/3381/3381 3382/3382/3382 3384/3384/3384 3383/3383/3383
f 3383/3383/3383 3384/3384/3384 3386/3386/3386 3385/3385/3385
f 3385/3385/3385 3386/3386/3386 3388/3388/3388 3387/3387/3387
f 3387/3387/3387 3388/3388/3388 3390/3390/3390 3389/3389/3389
f 3389/3389/3389 3390/3390/3390 3392/3392/3392 3391/3391/3391
f 3391/3391/3391 3392/3392/3392 3394/3394/3394 3393/3393/3393
f 3393/3393/3393 3394/3394/3394 3396/3396/3396 3395/3395/3395
f 3395/3395/3395 3396/3396/3396 3398/3398/3398 3397/3397/3397
f 3397/3397/3397 3398/3398/3398 3400/3400/3400 3399/3399/3399
usemtl cord
f 2875/2875/2875 2876/2876/2876 2885/2885/2885 2884/2884/2884
f 2876/2876/2876 2877/2877/2877 2886/2886/2886 2885/2885/2885
f 2877/2877/2877 2878/2878/2878 2887/2887/2887 2886/2886/2886
f 2878/2878/2878 2879/2879/2879 2888/2888/2888 2887/2887/2887
f 2879/2879/2879 2880/2880/2880 2889/2889/2889 2888/2888/2888
f 2880/2880/2880 2881/2881/2881 2890/2890/2890 2889/2889/2889
f 2881/2881/2881 2882/2882/2882 2891/2891/2891 2890/2890/2890
f 2882/2882/2882 2883/2883/2883 2892/2892/2892 2891/2891/2891
f 2884/2884/2884 2885/2885/2885 2894/2894/2894 2893/2893/2893
f 2885/2885/2885 2886/2886/2886 2895/2895/2895 2894/2894/2894
f 2886/2886/2886 2887/2887/2887 2896/2896/2896 2895/2895/2895
f 2887/2887/2887 2888/2888/2888 2897/2897/2897 2896/2896/2896
f 2888/2888/2888 2889/2889/2889 2898/2898/2898 2897/2897/2897
f 2889/2889/2889 2890/2890/2890 2899/2899/2899 2898/2898/2898
f 2890/2890/2890 2891/2891/2891 2900/2900/2900 2899/2899/2899
f 2891/2891/2891 2892/2892/2892 2901/2901/2901 2900/2900/2900
f 2893/2893/2893 2894/2894/2894 2903/2903/2903 2902/2902/2902
f 2894/2894/2894 2895/2895/2895 2904/2904/2904 2903/2903/2903
f 2895/2895/2895 2896/2896/2896 2905/2905/2905 2904/2904/2904
f 2896/2896/2896 2897/2897/2897 2906/2906/2906 2905/2905/2905
f 2897/2897/2897 2898/2898/2898 2907/2907/2907 2906/2906/2906
f 2898/2898/2898 2899/2899/2899 2908/2908/2908 2907/2907/2907
f 2899/2899/2899 2900/2900/2900 2909/2909/2909 2908/2908/2908
f 2900/2900/2900 2901/2901/2901 2910/2910/2910 2909/2909/2909
f 2902/2902/2902 2903/2903/2903 2912/2912/2912 2911/2911/2911
f 2903/2903/2903 2904/2904/2904 2913/2913/2913 2912/2912/2912
f 2904/2904/2904 2905/2905/2905 2914/2914/2914 2913/2913/2913
f 2905/2905/2905 2906/2906/2906 2915/2915/2915 2914/2914/2914
f 2906/2906/2906 2907/2907/2907 2916/2916/2916 2915/2915/2915
f 2907/2907/2907 2908/2908/2908 2917/2917/2917 2916/2916/2916
f 2908/2908/2908 2909/2909/2909 2918/2918/2918 2917/2917/2917
f 2909/2909/2909 2910/2910/2910 2919/2919/2919 2918/2918/2918
f 2911/2911/2911 2912/2912/2912 2921/2921/2921 2920/2920/2920
f 2912/2912/2912 2913/2913/2913 2922/2922/2922 2921/2921/2921
f 2913/2913/2913 2914/2914/2914 2923/2923/2923 2922/2922/2922
f 2914/2914/2914 2915/2915/2915 2924/2924/2924 2923/2923/2923
f 2915/2915/2915 2916/2916/2916 2925/2925/2925 2924/2924/2924
f 2916/2916/2916 2917/2917/2917 2926/2926/2926 2925/2925/2925
f 2917/2917/2917 2918/2918/2918 2927/2927/2927 2926/2926/2926
f 2918/2918/2918 2919/2919/2919 2928/2928/2928 2927/2927/2927
f 2920/2920/2920 2921/2921/2921 2930/2930/2930 2929/2929/2929
f 2921/2921/2921 2922/2922/2922 2931/2931/2931 2930/2930/2930
f 2922/2922/2922 2923/2923/2923 2932/2932/2932 2931/2931/2931
f 2923/2923/2923 2924/2924/2924 2933/2933/2933 2932/2932/2932
f 2924/2924/2924 2925/2925/2925 2934/2934/2934 2933/2933/2933
f 2925/2925/2925 2926/2926/2926 2935/2935/2935 2934/2934/2934
f 2926/2926/2926 2927/2927/2927 2936/2936/2936 2935/2935/2935
f 2927/2927/2927 2928/2928/2928 2937/2937/2937 2936/2936/2936
f 2929/2929/2929 2930/2930/2930 2939/2939/2939 2938/2938/2938
f 2930/2930/2930 2931/2931/2931 2940/2940/2940 2939/2939/2939
f 2931/2931/2931 2932/2932/2932 2941/2941/2941 2940/2940/2940
f 2932/2932/2932 2933/2933/2933 2942/2942/2942 2941/2941/2941
f 2933/2933/2933 2934/2934/2934 2943/2943/2943 2942/2942/2942
f 2934/2934/2934 2935/2935/2935 2944/2944/2944 2943/2943/2943
f 2935/2935/2935 2936/2936/2936 2945/2945/2945 2944/2944/2944
f 2936/2936/2936 2937/2937/2937 2946/2946/2946 2945/2945/2945
f 2938/2938/2938 2939/2939/2939 2948/2948/2948 2947/2947/2947
f 2939/2939/2939 2940/2940/2940 2949/2949/2949 2948/2948/2948
f 2940/2940/2940 2941/2941/2941 2950/2950/2950 2949/2949/2949
f 2941/2941/2941 2942/2942/2942 2951/2951/2951 2950/2950/2950
f 2942/2942/2942 2943/2943/2943 2952/2952/2952 2951/2951/2951
f 2943/2943/2943 2944/2944/2944 2953/2953/2953 2952/2952/2952
f 2944/2944/2944 2945/2945/2945 2954/2954/2954 2953/2953/2953
f 2945/2945/2945 2946/2946/2946 2955/2955/2955 2954/2954/2954
f 2947/2947/2947 2948/2948/2948 2957/2957/2957 2956/2956/2956
f 2948/2948/2948 2949/2949/2949 2958/2958/2958 2957/2957/2957
f 2949/2949/2949 2950/2950/2950 2959/2959/2959 2958/2958/2958
f 2950/2950/2950 2951/2951/2951 2960/2960/2960 2959/2959/2959
f 2951/2951/2951 2952/2952/2952 2961/2961/2961 2960/2960/2960
f 2952/2952/2952 2953/2953/2953 2962/2962/2962 2961/2961/2961
f 2953/2953/2953 2954/2954/2954 2963/2963/2963 2962/2962/2962
f 2954/2954/2954 2955/2955/2955 2964/2964/2964 2963/2963/2963
f 2956/2956/2956 2957/2957/2957 2966/2966/2966 2965/2965/2965
f 2957/2957/2957 2958/2958/2958 2967/2967/2967 2966/2966/2966
f 2958/2958/2958 2959/2959/2959 2968/2968/2968 2967/2967/2967
f 2959/2959/2959 2960/2960/2960 2969/2969/2969 2968/2968/2968
f 2960/2960/2960 2961/2961/2961 2970/2970/2970 2969/2969/2969
f 2961/2961/2961 2962/2962/2962 2971/2971/2971 2970/2970/2970
f 2962/2962/2962 2963/2963/2963 2972/2972/2972 2971/2971/2971
f 2963/2963/2963 2964/2964/2964 2973/2973/2973 2972/2972/2972
f 2965/2965/2965 2966/2966/2966 2975/2975/2975 2974/2974/2974
f 2966/2966/2966 2967/2967/2967 2976/2976/2976 2975/2975/2975
f 2967/2967/2967 2968/2968/2968 2977/2977/2977 2976/2976/2976
f 2968/2968/2968 2969/2969/2969 2978/2978/2978 2977/2977/2977
f 2969/2969/2969 2970/2970/2970 2979/2979/2979 2978/2978/2978
f 2970/2970/2970 2971/2971/2971 2980/2980/2980 2979/2979/2979
f 2971/2971/2971 2972/2972/2972 2981/2981/2981 2980/2980/2980
f 2972/2972/2972 2973/2973/2973 2982/2982/2982 2981/2981/2981
f 2974/2974/2974 2975/2975/2975 2984/2984/2984 2983/2983/2983
f 2975/2975/2975 2976/2976/2976 2985/2985/2985 2984/2984/2984
f 2976/2976/2976 2977/2977/2977 2986/2986/2986 2985/2985/2985
f 2977/2977/2977 2978/2978/2978 2987/2987/2987 2986/2986/2986
f 2978/2978/2978 2979/2979/2979 2988/2988/2988 2987/2987/2987
f 2979/2979/2979 2980/2980/2980 2989/2989/2989 2988/2988/2988
f 2980/2980/2980 2981/2981/2981 2990/2990/2990 2989/2989/2989
f 2981/2981/2981 2982/2982/2982 2991/2991/2991 2990/2990/2990
f 2983/2983/2983 2984/2984/2984 2993/2993/2993 2992/2992/2992
f 2984/2984/2984 2985/2985/2985 2994/2994/2994 2993/2993/2993
f 2985/2985/2985 2986/2986/2986 2995/2995/2995 2994/2994/2994
f 2986/2986/2986 2987/2987/2987 2996/2996/2996 2995/2995/2995
f 2987/2987/2987 2988/2988/2988 2997/2997/2997 2996/2996/2996
f 2988/2988/2988 2989/2989/2989 2998/2998/2998 2997/2997/2997
f 2989/2989/2989 2990/2990/2990 2999/2999/2999 2998/2998/2998
f 2990/2990/2990 2991/2991/2991 3000/3000/3000 2999/2999/2999
f 2992/2992/2992 2993/2993/2993 3002/3002/3002 3001/3001/3001
f 2993/2993/2993 2994/2994/2994 3003/3003/3003 3002/3002/3002
f 2994/2994/2994 2995/2995/2995 3004/3004/3004 3003/3003/3003
f 2995/2995/2995 2996/2996/2996 3005/3005/3005 3004/3004/3004
f 2996/2996/2996 2997/2997/2997 3006/3006/3006 3005/3005/3005
f 2997/2997/2997 2998/2998/2998 3007/3007/3007 3006/3006/3006
f 2998/2998/2998 2999/2999/2999 3008/3008/3008 3007/3007/3007
f 2999/2999/2999 3000/3000/3000 3009/3009/3009 3008/3008/3008
f 3001/3001/3001 3002/3002/3002 3011/3011/3011 3010/3010/3010
f 3002/3002/3002 3003/3003/3003 3012/3012/3012 3011/3011/3011
f 3003/3003/3003 3004/3004/3004 3013/3013/3013 3012/3012/3012
f 3004/3004/3004 3005/3005/3005 3014/3014/3014 3013/3013/3013
f 3005/3005/3005 3006/3006/3006 3015/3015/3015 3014/3014/3014
f 3006/3006/3006 3007/3007/3007 3016/3016/3016 3015/3015/3015
f 3007/3007/3007 3008/3008/3008 3017/3017/3017 3016/3016/3016
f 3008/3008/3008 3009/3009/3009 3018/3018/3018 3017/3017/3017
f 3010/3010/3010 3011/3011/3011 3020/3020/3020 3019/3019/3019
f 3011/3011/3011 3012/3012/3012 3021/3021/3021 3020/3020/3020
f 3012/3012/3012 3013/3013/3013 3022/3022/3022 3021/3021/3021
f 3013/3013/3013 3014/3014/3014 3023/3023/3023 3022/3022/3022
f 3014/3014/3014 3015/3015/3015 3024/3024/3024 3023/3023/3023
f 3015/3015/3015 3016/3016/3016 3025/3025/3025 3024/3024/3024
f 3016/3016/3016 3017/3017/3017 3026/3026/3026 3025/3025/3025
f 3017/3017/3017 3018/3018/3018 3027/3027/3027 3026/3026/3026
f 3019/3019/3019 3020/3020/3020 3029/3029/3029 3028/3028/3028
f 3020/3020/3020 3021/3021/3021 3030/3030/3030 3029/3029/3029
f 3021/3021/3021 3022/3022/3022 3031/3031/3031 3030/3030/3030
f 3022/3022/3022 3023/3023/3023 3032/3032/3032 3031/3031/3031
f 3023/3023/3023 3024/3024/3024 3033/3033/3033 3032/3032/3032
f 3024/3024/3024 3025/3025/3025 3034/3034/3034 3033/3033/3033
f 3025/3025/3025 3026/3026/3026 3035/3035/3035 3034/3034/3034
f 3026/3026/3026 3027/3027/3027 3036/3036/3036 3035/3035/3035
f 3028/3028/3028 3029/3029/3029 3038/3038/3038 3037/3037/3037
f 3029/3029/3029 3030/3030/3030 3039/3039/3039 3038/3038/3038
f 3030/3030/3030 3031/3031/3031 3040/3040/3040 3039/3039/3039
f 3031/3031/3031 3032/3032/3032 3041/3041/3041 3040/3040/3040
f 3032/3032/3032 3033/3033/3033 3042/3042/3042 3041/3041/3041
f 3033/3033/3033 3034/3034/3034 3043/3043/3043 3042/3042/3042
f 3034/3034/3034 3035/3035/3035 3044/3044/3044 3043/3043/3043
f 3035/3035/3035 3036/3036/3036 3045/3045/3045 3044/3044/3044
f 3037/3037/3037 3038/3038/3038 3047/3047/3047 3046/3046/3046
f 3038/3038/3038 3039/3039/3039 3048/3048/3048 3047/3047/3047
f 3039/3039/3039 3040/3040/3040 3049/3049/3049 3048/3048/3048
f 3040/3040/3040 3041/3041/3041 3050/3050/3050 3049/3049/3049
f 3041/3041/3041 3042/3042/3042 3051/3051/3051 3050/3050/3050
f 3042/3042/3042 3043/3043/3043 3052/3052/3052 3051/3051/3051
f 3043/3043/3043 3044/3044/3044 3053/3053/3053 3052/3052/3052
f 3044/3044/3044 3045/3045/3045 3054/3054/3054 3053/3053/3053
f 3046/3046/3046 3047/3047/3047 3056/3056/3056 3055/3055/3055
f 3047/3047/3047 3048/3048/3048 3057/3057/3057 3056/3056/3056
f 3048/3048/3048 3049/3049/3049 3058/3058/3058 3057/3057/3057
f 3049/3049/3049 3050/3050/3050 3059/3059/3059 3058/3058/3058
f 3050/3050/3050 3051/3051/3051 3060/3060/3060 3059/3059/3059
f 3051/3051/3051 3052/3052/3052 3061/3061/3061 3060/3060/3060
f 3052/3052/3052 3053/3053/3053 3062/3062/3062 3061/3061/3061
f 3053/3053/3053 3054/3054/3054 3063/3063/3063 3062/3062/3062
f 3055/3055/3055 3056/3056/3056 3065/3065/3065 3064/3064/3064
f 3056/3056/3056 3057/3057/3057 3066/3066/3066 3065/3065/3065
f 3057/3057/3057 3058/3058/3058 3067/3067/3067 3066/3066/3066
f 3058/3058/3058 3059/3059/3059 3068/3068/3068 3067/3067/3067
f 3059/3059/3059 3060/3060/3060 3069/3069/3069 3068/3068/3068
f 3060/3060/3060 3061/3061/3061 3070/3070/3070 3069/3069/3069
f 3061/3061/3061 3062/3062/3062 3071/3071/3071 3070/3070/3070
f 3062/3062/3062 3063/3063/3063 3072/3072/3072 3071/3071/3071
f 3064/3064/3064 3065/3065/3065 3074/3074/3074 3073/3073/3073
f 3065/3065/3065 3066/3066/3066 3075/3075/3075 3074/3074/3074
f 3066/3066/3066 3067/3067/3067 3076/3076/3076 3075/3075/3075
f 3067/3067/3067 3068/3068/3068 3077/3077/3077 3076/3076/3076
f 3068/3068/3068 3069/3069/3069 3078/3078/3078 3077/3077/3077
f 3069/3069/3069 3070/3070/3070 3079/3079/3079 3078/3078/3078
f 3070/3070/3070 3071/3071/3071 3080/3080/3080 3079/3079/3079
f 3071/3071/3071 3072/3072/3072 3081/3081/3081 3080/3080/3080
f 3073/3073/3073 3074/3074/3074 3083/3083/3083 3082/3082/3082
f 3074/3074/3074 3075/3075/3075 3084/3084/3084 3083/3083/3083
f 3075/3075/3075 3076/3076/3076 3085/3085/3085 3084/3084/3084
f 3076/3076/3076 3077/3077/3077 3086/3086/3086 3085/3085/3085
f 3077/3077/3077 3078/3078/3078 3087/3087/3087 3086/3086/3086
f 3078/3078/3078 3079/3079/3079 3088/3088/3088 3087/3087/3087
f 3079/3079/3079 3080/3080/3080 3089/3089/3089 3088/3088/3088
f 3080/3080/3080 3081/3081/3081 3090/3090/3090 3089/3089/3089
f 3082/3082/3082 3083/3083/3083 3092/3092/3092 3091/3091/3091
f 3083/3083/3083 3084/3084/3084 3093/3093/3093 3092/3092/3092
f 3084/3084/3084 3085/3085/3085 3094/3094/3094 3093/3093/3093
f 3085/3085/3085 3086/3086/3086 3095/3095/3095 3094/3094/3094
f 3086/3086/3086 3087/3087/3087 3096/3096/3096 3095/3095/3095
f 3087/3087/3087 3088/3088/3088 3097/3097/3097 3096/3096/3096
f 3088/3088/3088 3089/3089/3089 3098/3098/3098 3097/3097/3097
f 3089/3089/3089 3090/3090/3090 3099/3099/3099 3098/3098/3098
f 3091/3091/3091 3092/3092/3092 3101/3101/3101 3100/3100/3100
f 3092/3092/3092 3093/3093/3093 3102/3102/3102 3101/3101/3101
f 3093/3093/3093 3094/3094/3094 3103/3103/3103 3102/3102/3102
f 3094/3094/3094 3095/3095/3095 3104/3104/3104 3103/3103/3103
f 3095/3095/3095 3096/3096/3096 3105/3105/3105 3104/3104/3104
f 3096/3096/3096 3097/3097/3097 3106/3106/3106 3105/3105/3105
f 3097/3097/3097 3098/3098/3098 3107/3107/3107 3106/3106/3106
f 3098/3098/3098 3099/3099/3099 3108/3108/3108 3107/3107/3107
f 3100/3100/3100 3101/3101/3101 3110/3110/3110 3109/3109/3109
f 3101/3101/3101 3102/3102/3102 3111/3111/3111 3110/3110/3110
f 3102/3102/3102 3103/3103/3103 3112/3112/3112 3111/3111/3111
f 3103/3103/3103 3104/3104/3104 3113/3113/3113 3112/3112/3112
f 3104/3104/3104 3105/3105/3105 3114/3114/3114 3113/3113/3113
f 3105/3105/3105 3106/3106/3106 3115/3115/3115 3114/3114/3114
f 3106/3106/3106 3107/3107/3107 3116/3116/3116 3115/3115/3115
f 3107/3107/3107 3108/3108/3108 3117/3117/3117 3116/3116/3116
f 3109/3109/3109 3110/3110/3110 3119/3119/3119 3118/3118/3118
f 3110/3110/3110 3111/3111/3111 3120/3120/3120 3119/3119/3119
f 3111/3111/3111 3112/3112/3112 3121/3121/3121 3120/3120/3120
f 3112/3112/3112 3113/3113/3113 3122/3122/3122 3121/3121/3121
f 3113/3113/3113 3114/3114/3114 3123/3123/3123 3122/3122/3122
f 3114/3114/3114 3115/3115/3115 3124/3124/3124 3123/3123/3123
f 3115/3115/3115 3116/3116/3116 3125/3125/3125 3124/3124/3124
f 3116/3116/3116 3117/3117/3117 3126/3126/3126 3125/3125/3125
f 3118/3118/3118 3119/3119/3119 3128/3128/3128 3127/3127/3127
f 3119/3119/3119 3120/3120/3120 3129/3129/3129 3128/3128/3128
f 3120/3120/3120 3121/3121/3121 3130/3130/3130 3129/3129/3129
f 3121/3121/3121 3122/3122/3122 3131/3131/3131 3130/3130/3130
f 3122/3122/3122 3123/3123/3123 3132/3132/3132 3131/3131/3131
f 3123/3123/3123 3124/3124/3124 3133/3133/3133 3132/3132/3132
f 3124/3124/3124 3125/3125/3125 3134/3134/3134 3133/3133/3133
f 3125/3125/3125 3126/3126/3126 3135/3135/3135 3134/3134/3134
f 3127/3127/3127 3128/3128/3128 3137/3137/3137 3136/3136/3136
f 3128/3128/3128 3129/3129/3129 3138/3138/3138 3137/3137/3137
f 3129/3129/3129 3130/3130/3130 3139/3139/3139 3138/3138/3138
f 3130/3130/3130 3131/3131/3131 3140/3140/3140 3139/3139/3139
f 3131/3131/3131 3132/3132/3132 3141/3141/3141 3140/3140/3140
f 3132/3132/3132 3133/3133/3133 3142/3142/3142 3141/3141/3141
f 3133/3133/3133 3134/3134/3134 3143/3143/3143 3142/3142/3142
f 3134/3134/3134 3135/3135/3135 3144/3144/3144 3143/3143/3143
f 3136/3136/3136 3137/3137/3137 3146/3146/3146 3145/3145/3145
f 3137/3137/3137 3138/3138/3138 3147/3147/3147 3146/3146/3146
f 3138/3138/3138 3139/3139/3139 3148/3148/3148 3147/3147/3147
f 3139/3139/3139 3140/3140/3140 3149/3149/3149 3148/3148/3148
f 3140/3140/3140 3141/3141/3141 3150/3150/3150 3149/3149/3149
f 3141/3141/3141 3142/3142/3142 3151/3151/3151 3150/3150/3150
f 3142/3142/3142 3143/3143/3143 3152/3152/3152 3151/3151/3151
f 3143/3143/3143 3144/3144/3144 3153/3153/3153 3152/3152/3152
f 3145/3145/3145 3146/3146/3146 3155/3155/3155 3154/3154/3154
f 3146/3146/3146 3147/3147/3147 3156/3156/3156 3155/3155/3155
f 3147/3147/3147 3148/3148/3148 3157/3157/3157 3156/3156/3156
f 3148/3148/3148 3149/3149/3149 3158/3158/3158 3157/3157/3157
f 3149/3149/3149 3150/3150/3150 3159/3159/3159 3158/3158/3158
f 3150/3150/3150 3151/3151/3151 3160/3160/3160 3159/3159/3159
f 3151/3151/3151 3152/3152/3152 3161/3161/3161 3160/3160/3160
f 3152/3152/3152 3153/3153/3153 3162/3162/3162 3161/3161/3161
f 3154/3154/3154 3155/3155/3155 3164/3164/3164 3163/3163/3163
f 3155/3155/3155 3156/3156/3156 3165/3165/3165 3164/3164/3164
f 3156/3156/3156 3157/3157/3157 3166/3166/3166 3165/3165/3165
f 3157/3157/3157 3158/3158/3158 3167/3167/3167 3166/3166/3166
f 3158/3158/3158 3159/3159/3159 3168/3168/3168 3167/3167/3167
f 3159/3159/3159 3160/3160/3160 3169/3169/3169 3168/3168/3168
f 3160/3160/3160 3161/3161/3161 3170/3170/3170 3169/3169/3169
f 3161/3161/3161 3162/3162/3162 3171/3171/3171 3170/3170/3170
f 3163/3163/3163 3164/3164/3164 3173/3173/3173 3172/3172/3172
f 3164/3164/3164 3165/3165/3165 3174/3174/3174 3173/3173/3173
f 3165/3165/3165 3166/3166/3166 3175/3175/3175 3174/3174/3174
f 3166/3166/3166 3167/3167/3167 3176/3176/3176 3175/3175/3175
f 3167/3167/3167 3168/3168/3168 3177/3177/3177 3176/3176/3176
f 3168/3168/3168 3169/3169/3169 3178/3178/3178 3177/3177/3177
f 3169/3169/3169 3170/3170/3170 3179/3179/3179 3178/3178/3178
f 3170/3170/3170 3171/3171/3171 3180/3180/3180 3179/3179/3179
f 3172/3172/3172 3173/3173/3173 3182/3182/3182 3181/3181/3181
f 3173/3173/3173 3174/3174/3174 3183/3183/3183 3182/3182/3182
f 3174/3174/3174 3175/3175/3175 3184/3184/3184 3183/3183/3183
f 3175/3175/3175 3176/3176/3176 3185/3185/3185 3184/3184/3184
f 3176/3176/3176 3177/3177/3177 3186/3186/3186 3185/3185/3185
f 3177/3177/3177 3178/3178/3178 3187/3187/3187 3186/3186/3186
f 3178/3178/3178 3179/3179/3179 3188/3188/3188 3187/3187/3187
f 3179/3179/3179 3180/3180/3180 3189/3189/3189 3188/3188/3188
f 3181/3181/3181 3182/3182/3182 3191/3191/3191 3190/3190/3190
f 3182/3182/3182 3183/3183/3183 3192/3192/3192 3191/3191/3191
f 3183/3183/3183 3184/3184/3184 3193/3193/3193 3192/3192/3192
f 3184/3184/3184 3185/3185/3185 3194/3194/3194 3193/3193/3193
f 3185/3185/3185 3186/3186/3186 3195/3195/3195 3194/3194/3194
f 3186/3186/3186 3187/3187/3187 3196/3196/3196 3195/3195/3195
f 3187/3187/3187 3188/3188/3188 3197/3197/3197 3196/3196/3196
f 3188/3188/3188 3189/3189/3189 3198/3198/3198 3197/3197/3197
f 3190/3190/3190 3191/3191/3191 3200/3200/3200 3199/3199/3199
f 3191/3191/3191 3192/3192/3192 3201/3201/3201 3200/3200/3200
f 3192/3192/3192 3193/3193/3193 3202/3202/3202 3201/3201/3201
f 3193/3193/3193 3194/3194/3194 3203/3203/3203 3202/3202/3202
f 3194/3194/3194 3195/3195/3195 3204/3204/3204 3203/3203/3203
f 3195/3195/3195 3196/3196/3196 3205/3205/3205 3204/3204/3204
f 3196/3196/3196 3197/3197/3197 3206/3206/3206 3205/3205/3205
f 3197/3197/3197 3198/3198/3198 3207/3207/3207 3206/3206/3206
f 3199/3199/3199 3200/3200/3200 3209/3209/3209 3208/3208/3208
f 3200/3200/3200 3201/3201/3201 3210/3210/3210 3209/3209/3209
f 3201/3201/3201 3202/3202/3202 3211/3211/3211 3210/3210/3210
f 3202/3202/3202 3203/3203/3203 3212/3212/3212 3211/3211/3211
f 3203/3203/3203 3204/3204/3204 3213/3213/3213 3212/3212/3212
f 3204/3204/3204 3205/3205/3205 3214/3214/3214 3213/3213/3213
f 3205/3205/3205 3206/3206/3206 3215/3215/3215 3214/3214/3214
f 3206/3206/3206 3207/3207/3207 3216/3216/3216 3215/3215/3215
f 3208/3208/3208 3209/3209/3209 3218/3218/3218 3217/3217/3217
f 3209/3209/3209 3210/3210/3210 3219/3219/3219 3218/3218/3218
f 3210/3210/3210 3211/3211/3211 3220/3220/3220 3219/3219/3219
f 3211/3211/3211 3212/3212/3212 3221/3221/3221 3220/3220/3220
f 3212/3212/3212 3213/3213/3213 3222/3222/3222 3221/3221/3221
f 3213/3213/3213 3214/3214/3214 3223/3223/3223 3222/3222/3222
f 3214/3214/3214 3215/3215/3215 3224/3224/3224 3223/3223/3223
f 3215/3215/3215 3216/3216/3216 3225/3225/3225 3224/3224/3224
f 3217/3217/3217 3218/3218/3218 3227/3227/3227 3226/3226/3226
f 3218/3218/3218 3219/3219/3219 3228/3228/3228 3227/3227/3227
f 3219/3219/3219 3220/3220/3220 3229/3229/3229 3228/3228/3228
f 3220/3220/3220 3221/3221/3221 3230/3230/3230 3229/3229/3229
f 3221/3221/3221 3222/3222/3222 3231/3231/3231 3230/3230/3230
f 3222/3222/3222 3223/3223/3223 3232/3232/3232 3231/3231/3231
f 3223/3223/3223 3224/3224/3224 3233/3233/3233 3232/3232/3232
f 3224/3224/3224 3225/3225/3225 3234/3234/3234 3233/3233/3233
f 3226/3226/3226 3227/3227/3227 3236/3236/3236 3235/3235/3235
f 3227/3227/3227 3228/3228/3228 3237/3237/3237 3236/3236/3236
f 3228/3228/3228 3229/3229/3229 3238/3238/3238 3237/3237/3237
f 3229/3229/3229 3230/3230/3230 3239/3239/3239 3238/3238/3238
f 3230/3230/3230 3231/3231/3231 3240/3240/3240 3239/3239/3239
f 3231/3231/3231 3232/3232/3232 3241/3241/3241 3240/3240/3240
f 3232/3232/3232 3233/3233/3233 3242/3242/3242 3241/3241/3241
f 3233/3233/3233 3234/3234/3234 3243/3243/3243 3242/3242/3242
f 3235/3235/3235 3236/3236/3236 3245/3245/3245 3244/3244/3244
f 3236/3236/3236 3237/3237/3237 3246/3246/3246 3245/3245/3245
f 3237/3237/3237 3238/3238/3238 3247/3247/3247 3246/3246/3246
f 3238/3238/3238 3239/3239/3239 3248/3248/3248 3247/3247/3247
f 3239/3239/3239 3240/3240/3240 3249/3249/3249 3248/3248/3248
f 3240/3240/3240 3241/3241/3241 3250/3250/3250 3249/3249/3249
f 3241/3241/3241 3242/3242/3242 3251/3251/3251 3250/3250/3250
f 3242/3242/3242 3243/3243/3243 3252/3252/3252 3251/3251/3251
f 3244/3244/3244 3245/3245/3245 3254/3254/3254 3253/3253/3253
f 3245/3245/3245 3246/3246/3246 3255/3255/3255 3254/3254/3254
f 3246/3246/3246 3247/3247/3247 3256/3256/3256 3255/3255/3255
f 3247/3247/3247 3248/3248/3248 3257/3257/3257 3256/3256/3256
f 3248/3248/3248 3249/3249/3249 3258/3258/3258 3257/3257/3257
f 3249/3249/3249 3250/3250/3250 3259/3259/3259 3258/3258/3258
f 3250/3250/3250 3251/3251/3251 3260/3260/3260 3259/3259/3259
f 3251/3251/3251 3252/3252/3252 3261/3261/3261 3260/3260/3260
f 3253/3253/3253 3254/3254/3254 3263/3263/3263 3262/3262/3262
f 3254/3254/3254 3255/3255/3255 3264/3264/3264 3263/3263/3263
f 3255/3255/3255 3256/3256/3256 3265/3265/3265 3264/3264/3264
f 3256/3256/3256 3257/3257/3257 3266/3266/3266 3265/3265/3265
f 3257/3257/3257 3258/3258/3258 3267/3267/3267 3266/3266/3266
f 3258/3258/3258 3259/3259/3259 3268/3268/3268 3267/3267/3267
f 3259/3259/3259 3260/3260/3260 3269/3269/3269 3268/3268/3268
f 3260/3260/3260 3261/3261/3261 3270/3270/3270 3269/3269/3269
f 3262/3262/3262 3263/3263/3263 2876/2876/2876 2875/2875/2875
f 3263/3263/3263 3264/3264/3264 2877/2877/2877 2876/2876/2876
f 3264/3264/3264 3265/3265/3265 2878/2878/2878 2877/2877/2877
f 3265/3265/3265 3266/3266/3266 2879/2879/2879 2878/2878/2878
f 3266/3266/3266 3267/3267/3267 2880/2880/2880 2879/2879/2879
f 3267/3267/3267 3268/3268/3268 2881/2881/2881 2880/2880/2880
f 3268/3268/3268 3269/3269/3269 2882/2882/2882 2881/2881/2881
f 3269/3269/3269 3270/3270/3270 2883/2883/2883 2882/2882/2882
usemtl lens
f 2705/2705/2705 2707/2707/2707 2706/2706/2706
f 2705/2705/2705 2708/2708/2708 2707/2707/2707
f 2705/2705/2705 2709/2709/2709 2708/2708/2708
f 2705/2705/2705 2710/2710/2710 2709/2709/2709
f 2705/2705/2705 2711/2711/2711 2710/2710/2710
f 2705/2705/2705 2712/2712/2712 2711/2711/2711
f 2705/2705/2705 2713/2713/2713 2712/2712/2712
f 2705/2705/2705 2714/2714/2714 2713/2713/2713
f 2705/2705/2705 2715/2715/2715 2714/2714/2714
f 2705/2705/2705 2716/2716/2716 2715/2715/2715
f 2705/2705/2705 2717/2717/2717 2716/2716/2716
f 2705/2705/2705 2718/2718/2718 2717/2717/2717
f 2705/2705/2705 2719/2719/2719 2718/2718/2718
f 2705/2705/2705 2720/2720/2720 2719/2719/2719
f 2705/2705/2705 2721/2721/2721 2720/2720/2720
f 2705/2705/2705 2722/2722/2722 2721/2721/2721
f 2705/2705/2705 2723/2723/2723 2722/2722/2722
f 2705/2705/2705 2724/2724/2724 2723/2723/2723
f 2705/2705/2705 2725/2725/2725 2724/2724/2724
f 2705/2705/2705 2726/2726/2726 2725/2725/2725
f 2705/2705/2705 2727/2727/2727 2726/2726/2726
f 2705/2705/2705 2728/2728/2728 2727/2727/2727
f 2705/2705/2705 2729/2729/2729 2728/2728/2728
f 2705/2705/2705 2730/2730/2730 2729/2729/2729
