file,origin,source_group,author,source_url,licence,release_status,evidence
academy/arrive.ogg,patch,academy-synth,Frontier Hunts,tools/academy/synth_audio.py,Original synthesis for Frontier Hunts (mod licence),YES,"docs/ws/academy.md:63 ""Original synthesized sounds""; commit 12613da"
academy/busted.ogg,patch,academy-synth,Frontier Hunts,tools/academy/synth_audio.py,Original synthesis for Frontier Hunts (mod licence),YES,"docs/ws/academy.md:63 ""Original synthesized sounds""; commit 12613da"
academy/depart.ogg,patch,academy-synth,Frontier Hunts,tools/academy/synth_audio.py,Original synthesis for Frontier Hunts (mod licence),YES,"docs/ws/academy.md:63 ""Original synthesized sounds""; commit 12613da"
academy/page.ogg,patch,academy-synth,Frontier Hunts,tools/academy/synth_audio.py,Original synthesis for Frontier Hunts (mod licence),YES,"docs/ws/academy.md:63 ""Original synthesized sounds""; commit 12613da"
academy/passed.ogg,patch,academy-synth,Frontier Hunts,tools/academy/synth_audio.py,Original synthesis for Frontier Hunts (mod licence),YES,"docs/ws/academy.md:63 ""Original synthesized sounds""; commit 12613da"
academy/ring.ogg,patch,academy-synth,Frontier Hunts,tools/academy/synth_audio.py,Original synthesis for Frontier Hunts (mod licence),YES,"docs/ws/academy.md:63 ""Original synthesized sounds""; commit 12613da"
academy/ring_gold.ogg,patch,academy-synth,Frontier Hunts,tools/academy/synth_audio.py,Original synthesis for Frontier Hunts (mod licence),YES,"docs/ws/academy.md:63 ""Original synthesized sounds""; commit 12613da"
academy/tick.ogg,patch,academy-synth,Frontier Hunts,tools/academy/synth_audio.py,Original synthesis for Frontier Hunts (mod licence),YES,"docs/ws/academy.md:63 ""Original synthesized sounds""; commit 12613da"
ambient/amb_creek.ogg,base,ambient-synth,Frontier Hunts,audio/ambience23.py (author PC),Original synthesis for Frontier Hunts (mod licence),YES,"AGENTS.md:45 ""Soundscape: 5 looping beds + 12 kinds of placed calls, original synthesis by ambience23.py (sounds/ambient)""; base jar"
ambient/amb_meadow.ogg,base,ambient-synth,Frontier Hunts,audio/ambience23.py (author PC),Original synthesis for Frontier Hunts (mod licence),YES,"AGENTS.md:45 ""Soundscape: 5 looping beds + 12 kinds of placed calls, original synthesis by ambience23.py (sounds/ambient)""; base jar"
ambient/amb_night.ogg,base,ambient-synth,Frontier Hunts,audio/ambience23.py (author PC),Original synthesis for Frontier Hunts (mod licence),YES,"AGENTS.md:45 ""Soundscape: 5 looping beds + 12 kinds of placed calls, original synthesis by ambience23.py (sounds/ambient)""; base jar"
ambient/amb_wind_high.ogg,base,ambient-synth,Frontier Hunts,audio/ambience23.py (author PC),Original synthesis for Frontier Hunts (mod licence),YES,"AGENTS.md:45 ""Soundscape: 5 looping beds + 12 kinds of placed calls, original synthesis by ambience23.py (sounds/ambient)""; base jar"
ambient/amb_wind_trees.ogg,base,ambient-synth,Frontier Hunts,audio/ambience23.py (author PC),Original synthesis for Frontier Hunts (mod licence),YES,"AGENTS.md:45 ""Soundscape: 5 looping beds + 12 kinds of placed calls, original synthesis by ambience23.py (sounds/ambient)""; base jar"
ambient/bird_chickadee_0.ogg,base,ambient-synth,Frontier Hunts,audio/ambience23.py (author PC),Original synthesis for Frontier Hunts (mod licence),YES,"AGENTS.md:45 ""Soundscape: 5 looping beds + 12 kinds of placed calls, original synthesis by ambience23.py (sounds/ambient)""; base jar"
ambient/bird_chickadee_1.ogg,base,ambient-synth,Frontier Hunts,audio/ambience23.py (author PC),Original synthesis for Frontier Hunts (mod licence),YES,"AGENTS.md:45 ""Soundscape: 5 looping beds + 12 kinds of placed calls, original synthesis by ambience23.py (sounds/ambient)""; base jar"
ambient/bird_chirp_0.ogg,base,ambient-synth,Frontier Hunts,audio/ambience23.py (author PC),Original synthesis for Frontier Hunts (mod licence),YES,"AGENTS.md:45 ""Soundscape: 5 looping beds + 12 kinds of placed calls, original synthesis by ambience23.py (sounds/ambient)""; base jar"
ambient/bird_chirp_1.ogg,base,ambient-synth,Frontier Hunts,audio/ambience23.py (author PC),Original synthesis for Frontier Hunts (mod licence),YES,"AGENTS.md:45 ""Soundscape: 5 looping beds + 12 kinds of placed calls, original synthesis by ambience23.py (sounds/ambient)""; base jar"
ambient/bird_chirp_2.ogg,base,ambient-synth,Frontier Hunts,audio/ambience23.py (author PC),Original synthesis for Frontier Hunts (mod licence),YES,"AGENTS.md:45 ""Soundscape: 5 looping beds + 12 kinds of placed calls, original synthesis by ambience23.py (sounds/ambient)""; base jar"
ambient/bird_chirp_3.ogg,base,ambient-synth,Frontier Hunts,audio/ambience23.py (author PC),Original synthesis for Frontier Hunts (mod licence),YES,"AGENTS.md:45 ""Soundscape: 5 looping beds + 12 kinds of placed calls, original synthesis by ambience23.py (sounds/ambient)""; base jar"
ambient/bird_thrush_0.ogg,base,ambient-synth,Frontier Hunts,audio/ambience23.py (author PC),Original synthesis for Frontier Hunts (mod licence),YES,"AGENTS.md:45 ""Soundscape: 5 looping beds + 12 kinds of placed calls, original synthesis by ambience23.py (sounds/ambient)""; base jar"
ambient/bird_thrush_1.ogg,base,ambient-synth,Frontier Hunts,audio/ambience23.py (author PC),Original synthesis for Frontier Hunts (mod licence),YES,"AGENTS.md:45 ""Soundscape: 5 looping beds + 12 kinds of placed calls, original synthesis by ambience23.py (sounds/ambient)""; base jar"
ambient/bird_thrush_2.ogg,base,ambient-synth,Frontier Hunts,audio/ambience23.py (author PC),Original synthesis for Frontier Hunts (mod licence),YES,"AGENTS.md:45 ""Soundscape: 5 looping beds + 12 kinds of placed calls, original synthesis by ambience23.py (sounds/ambient)""; base jar"
ambient/bird_thrush_3.ogg,base,ambient-synth,Frontier Hunts,audio/ambience23.py (author PC),Original synthesis for Frontier Hunts (mod licence),YES,"AGENTS.md:45 ""Soundscape: 5 looping beds + 12 kinds of placed calls, original synthesis by ambience23.py (sounds/ambient)""; base jar"
ambient/bird_warbler_0.ogg,base,ambient-synth,Frontier Hunts,audio/ambience23.py (author PC),Original synthesis for Frontier Hunts (mod licence),YES,"AGENTS.md:45 ""Soundscape: 5 looping beds + 12 kinds of placed calls, original synthesis by ambience23.py (sounds/ambient)""; base jar"
ambient/bird_warbler_1.ogg,base,ambient-synth,Frontier Hunts,audio/ambience23.py (author PC),Original synthesis for Frontier Hunts (mod licence),YES,"AGENTS.md:45 ""Soundscape: 5 looping beds + 12 kinds of placed calls, original synthesis by ambience23.py (sounds/ambient)""; base jar"
ambient/bird_warbler_2.ogg,base,ambient-synth,Frontier Hunts,audio/ambience23.py (author PC),Original synthesis for Frontier Hunts (mod licence),YES,"AGENTS.md:45 ""Soundscape: 5 looping beds + 12 kinds of placed calls, original synthesis by ambience23.py (sounds/ambient)""; base jar"
ambient/coyote_0.ogg,patch,nps-coyote,U.S. National Park Service (recording: coyote group howl),https://www.nps.gov (NPS park sound library; exact page not recorded),Public domain (U.S. National Park Service),YES,docs/ws/calls.md mapping table amb_coyote rows;; jar assets/frontierhunts/CREDITS-SOUNDS.txt (NPS section); commit 580ae18 (gear.14 calls); bytes = repo patch/
ambient/coyote_1.ogg,patch,nps-coyote,"U.S. National Park Service (recording: coyote yips and howls, Mojave)",https://www.nps.gov (NPS park sound library; exact page not recorded),Public domain (U.S. National Park Service),YES,docs/ws/calls.md mapping table amb_coyote rows;; jar assets/frontierhunts/CREDITS-SOUNDS.txt (NPS section); commit 580ae18 (gear.14 calls); bytes = repo patch/
ambient/coyote_2.ogg,patch,nps-coyote,U.S. National Park Service (recording: coyote group howl),https://www.nps.gov (NPS park sound library; exact page not recorded),Public domain (U.S. National Park Service),YES,docs/ws/calls.md mapping table amb_coyote rows;; jar assets/frontierhunts/CREDITS-SOUNDS.txt (NPS section); commit 580ae18 (gear.14 calls); bytes = repo patch/
ambient/fish_splash_0.ogg,base,ambient-synth,Frontier Hunts,audio/ambience23.py (author PC),Original synthesis for Frontier Hunts (mod licence),YES,"AGENTS.md:45 ""original synthesis by ambience23.py (sounds/ambient)"" - folder-level statement, file not named individually (weaker evidence); base jar, unchanged since dev.39 jar"
ambient/fish_splash_1.ogg,base,ambient-synth,Frontier Hunts,audio/ambience23.py (author PC),Original synthesis for Frontier Hunts (mod licence),YES,"AGENTS.md:45 ""original synthesis by ambience23.py (sounds/ambient)"" - folder-level statement, file not named individually (weaker evidence); base jar, unchanged since dev.39 jar"
ambient/fish_splash_2.ogg,base,ambient-synth,Frontier Hunts,audio/ambience23.py (author PC),Original synthesis for Frontier Hunts (mod licence),YES,"AGENTS.md:45 ""original synthesis by ambience23.py (sounds/ambient)"" - folder-level statement, file not named individually (weaker evidence); base jar, unchanged since dev.39 jar"
ambient/frog_0.ogg,base,ambient-synth,Frontier Hunts,audio/ambience23.py (author PC),Original synthesis for Frontier Hunts (mod licence),YES,"AGENTS.md:45 ""Soundscape: 5 looping beds + 12 kinds of placed calls, original synthesis by ambience23.py (sounds/ambient)""; base jar"
ambient/frog_1.ogg,base,ambient-synth,Frontier Hunts,audio/ambience23.py (author PC),Original synthesis for Frontier Hunts (mod licence),YES,"AGENTS.md:45 ""Soundscape: 5 looping beds + 12 kinds of placed calls, original synthesis by ambience23.py (sounds/ambient)""; base jar"
ambient/hawk_0.ogg,base,ambient-synth,Frontier Hunts,audio/ambience23.py (author PC),Original synthesis for Frontier Hunts (mod licence),YES,"AGENTS.md:45 ""Soundscape: 5 looping beds + 12 kinds of placed calls, original synthesis by ambience23.py (sounds/ambient)""; base jar"
ambient/hawk_1.ogg,base,ambient-synth,Frontier Hunts,audio/ambience23.py (author PC),Original synthesis for Frontier Hunts (mod licence),YES,"AGENTS.md:45 ""Soundscape: 5 looping beds + 12 kinds of placed calls, original synthesis by ambience23.py (sounds/ambient)""; base jar"
ambient/loon_0.ogg,base,ambient-synth,Frontier Hunts,audio/ambience23.py (author PC),Original synthesis for Frontier Hunts (mod licence),YES,"AGENTS.md:45 ""Soundscape: 5 looping beds + 12 kinds of placed calls, original synthesis by ambience23.py (sounds/ambient)""; base jar"
ambient/loon_1.ogg,base,ambient-synth,Frontier Hunts,audio/ambience23.py (author PC),Original synthesis for Frontier Hunts (mod licence),YES,"AGENTS.md:45 ""Soundscape: 5 looping beds + 12 kinds of placed calls, original synthesis by ambience23.py (sounds/ambient)""; base jar"
ambient/owl_0.ogg,base,ambient-synth,Frontier Hunts,audio/ambience23.py (author PC),Original synthesis for Frontier Hunts (mod licence),YES,"AGENTS.md:45 ""Soundscape: 5 looping beds + 12 kinds of placed calls, original synthesis by ambience23.py (sounds/ambient)""; base jar"
ambient/owl_1.ogg,base,ambient-synth,Frontier Hunts,audio/ambience23.py (author PC),Original synthesis for Frontier Hunts (mod licence),YES,"AGENTS.md:45 ""Soundscape: 5 looping beds + 12 kinds of placed calls, original synthesis by ambience23.py (sounds/ambient)""; base jar"
ambient/pika_0.ogg,base,ambient-synth,Frontier Hunts,audio/ambience23.py (author PC),Original synthesis for Frontier Hunts (mod licence),YES,"AGENTS.md:45 ""Soundscape: 5 looping beds + 12 kinds of placed calls, original synthesis by ambience23.py (sounds/ambient)""; base jar"
ambient/pika_1.ogg,base,ambient-synth,Frontier Hunts,audio/ambience23.py (author PC),Original synthesis for Frontier Hunts (mod licence),YES,"AGENTS.md:45 ""Soundscape: 5 looping beds + 12 kinds of placed calls, original synthesis by ambience23.py (sounds/ambient)""; base jar"
ambient/raven_0.ogg,base,ambient-synth,Frontier Hunts,audio/ambience23.py (author PC),Original synthesis for Frontier Hunts (mod licence),YES,"AGENTS.md:45 ""Soundscape: 5 looping beds + 12 kinds of placed calls, original synthesis by ambience23.py (sounds/ambient)""; base jar"
ambient/raven_1.ogg,base,ambient-synth,Frontier Hunts,audio/ambience23.py (author PC),Original synthesis for Frontier Hunts (mod licence),YES,"AGENTS.md:45 ""Soundscape: 5 looping beds + 12 kinds of placed calls, original synthesis by ambience23.py (sounds/ambient)""; base jar"
ambient/raven_2.ogg,base,ambient-synth,Frontier Hunts,audio/ambience23.py (author PC),Original synthesis for Frontier Hunts (mod licence),YES,"AGENTS.md:45 ""Soundscape: 5 looping beds + 12 kinds of placed calls, original synthesis by ambience23.py (sounds/ambient)""; base jar"
ambient/wildlife_flush_0.ogg,base,ambient-synth,Frontier Hunts,audio/ambience23.py (author PC),Original synthesis for Frontier Hunts (mod licence),YES,"AGENTS.md:45 ""original synthesis by ambience23.py (sounds/ambient)"" - folder-level statement, file not named individually (weaker evidence); base jar, unchanged since dev.39 jar"
ambient/wildlife_flush_1.ogg,base,ambient-synth,Frontier Hunts,audio/ambience23.py (author PC),Original synthesis for Frontier Hunts (mod licence),YES,"AGENTS.md:45 ""original synthesis by ambience23.py (sounds/ambient)"" - folder-level statement, file not named individually (weaker evidence); base jar, unchanged since dev.39 jar"
ambient/wildlife_flush_2.ogg,base,ambient-synth,Frontier Hunts,audio/ambience23.py (author PC),Original synthesis for Frontier Hunts (mod licence),YES,"AGENTS.md:45 ""original synthesis by ambience23.py (sounds/ambient)"" - folder-level statement, file not named individually (weaker evidence); base jar, unchanged since dev.39 jar"
ambient/woodpecker_0.ogg,base,ambient-synth,Frontier Hunts,audio/ambience23.py (author PC),Original synthesis for Frontier Hunts (mod licence),YES,"AGENTS.md:45 ""Soundscape: 5 looping beds + 12 kinds of placed calls, original synthesis by ambience23.py (sounds/ambient)""; base jar"
ambient/woodpecker_1.ogg,base,ambient-synth,Frontier Hunts,audio/ambience23.py (author PC),Original synthesis for Frontier Hunts (mod licence),YES,"AGENTS.md:45 ""Soundscape: 5 looping beds + 12 kinds of placed calls, original synthesis by ambience23.py (sounds/ambient)""; base jar"
arrow_impact.ogg,base,bow-unknown,UNKNOWN,,UNKNOWN,UNKNOWN,"No credit entry, provenance JSON or generator found; base jar (libsndfile-encoded like the dev.17 recordings)"
bow_release.ogg,base,bow-unknown,UNKNOWN,,UNKNOWN,UNKNOWN,"No credit entry, provenance JSON or generator found; base jar (libsndfile-encoded like the dev.17 recordings)"
campcook/lid_0.ogg,patch,licence-campcook-synth,Frontier Hunts,tools/licence/audio.py,Original synthesis for Frontier Hunts (mod licence),YES,"tools/licence/audio.py docstring (simmer, lid clank; no input samples); commit 9eb5c77"
campcook/lid_1.ogg,patch,licence-campcook-synth,Frontier Hunts,tools/licence/audio.py,Original synthesis for Frontier Hunts (mod licence),YES,"tools/licence/audio.py docstring (simmer, lid clank; no input samples); commit 9eb5c77"
campcook/simmer_0.ogg,patch,licence-campcook-synth,Frontier Hunts,tools/licence/audio.py,Original synthesis for Frontier Hunts (mod licence),YES,"tools/licence/audio.py docstring (simmer, lid clank; no input samples); commit 9eb5c77"
campcook/simmer_1.ogg,patch,licence-campcook-synth,Frontier Hunts,tools/licence/audio.py,Original synthesis for Frontier Hunts (mod licence),YES,"tools/licence/audio.py docstring (simmer, lid clank; no input samples); commit 9eb5c77"
campcook/simmer_2.ogg,patch,licence-campcook-synth,Frontier Hunts,tools/licence/audio.py,Original synthesis for Frontier Hunts (mod licence),YES,"tools/licence/audio.py docstring (simmer, lid clank; no input samples); commit 9eb5c77"
deersign/branch_0.ogg,patch,deersign-synth,Frontier Hunts,tools/deersign/gen_sounds.py,Original synthesis for Frontier Hunts (mod licence),YES,"docs/ws/deersign.md:50 ""synthesized by tools/deersign/gen_sounds.py""; commit 00fdd59"
deersign/branch_1.ogg,patch,deersign-synth,Frontier Hunts,tools/deersign/gen_sounds.py,Original synthesis for Frontier Hunts (mod licence),YES,"docs/ws/deersign.md:50 ""synthesized by tools/deersign/gen_sounds.py""; commit 00fdd59"
deersign/branch_2.ogg,patch,deersign-synth,Frontier Hunts,tools/deersign/gen_sounds.py,Original synthesis for Frontier Hunts (mod licence),YES,"docs/ws/deersign.md:50 ""synthesized by tools/deersign/gen_sounds.py""; commit 00fdd59"
deersign/branch_3.ogg,patch,deersign-synth,Frontier Hunts,tools/deersign/gen_sounds.py,Original synthesis for Frontier Hunts (mod licence),YES,"docs/ws/deersign.md:50 ""synthesized by tools/deersign/gen_sounds.py""; commit 00fdd59"
deersign/paw_0.ogg,patch,deersign-synth,Frontier Hunts,tools/deersign/gen_sounds.py,Original synthesis for Frontier Hunts (mod licence),YES,"docs/ws/deersign.md:50 ""synthesized by tools/deersign/gen_sounds.py""; commit 00fdd59"
deersign/paw_1.ogg,patch,deersign-synth,Frontier Hunts,tools/deersign/gen_sounds.py,Original synthesis for Frontier Hunts (mod licence),YES,"docs/ws/deersign.md:50 ""synthesized by tools/deersign/gen_sounds.py""; commit 00fdd59"
deersign/paw_2.ogg,patch,deersign-synth,Frontier Hunts,tools/deersign/gen_sounds.py,Original synthesis for Frontier Hunts (mod licence),YES,"docs/ws/deersign.md:50 ""synthesized by tools/deersign/gen_sounds.py""; commit 00fdd59"
deersign/paw_3.ogg,patch,deersign-synth,Frontier Hunts,tools/deersign/gen_sounds.py,Original synthesis for Frontier Hunts (mod licence),YES,"docs/ws/deersign.md:50 ""synthesized by tools/deersign/gen_sounds.py""; commit 00fdd59"
deersign/paw_4.ogg,patch,deersign-synth,Frontier Hunts,tools/deersign/gen_sounds.py,Original synthesis for Frontier Hunts (mod licence),YES,"docs/ws/deersign.md:50 ""synthesized by tools/deersign/gen_sounds.py""; commit 00fdd59"
deersign/rub_0.ogg,patch,deersign-synth,Frontier Hunts,tools/deersign/gen_sounds.py,Original synthesis for Frontier Hunts (mod licence),YES,"docs/ws/deersign.md:50 ""synthesized by tools/deersign/gen_sounds.py""; commit 00fdd59"
deersign/rub_1.ogg,patch,deersign-synth,Frontier Hunts,tools/deersign/gen_sounds.py,Original synthesis for Frontier Hunts (mod licence),YES,"docs/ws/deersign.md:50 ""synthesized by tools/deersign/gen_sounds.py""; commit 00fdd59"
deersign/rub_2.ogg,patch,deersign-synth,Frontier Hunts,tools/deersign/gen_sounds.py,Original synthesis for Frontier Hunts (mod licence),YES,"docs/ws/deersign.md:50 ""synthesized by tools/deersign/gen_sounds.py""; commit 00fdd59"
deersign/rub_3.ogg,patch,deersign-synth,Frontier Hunts,tools/deersign/gen_sounds.py,Original synthesis for Frontier Hunts (mod licence),YES,"docs/ws/deersign.md:50 ""synthesized by tools/deersign/gen_sounds.py""; commit 00fdd59"
deersign/rub_4.ogg,patch,deersign-synth,Frontier Hunts,tools/deersign/gen_sounds.py,Original synthesis for Frontier Hunts (mod licence),YES,"docs/ws/deersign.md:50 ""synthesized by tools/deersign/gen_sounds.py""; commit 00fdd59"
deersign/snap_0.ogg,patch,deersign-synth,Frontier Hunts,tools/deersign/gen_sounds.py,Original synthesis for Frontier Hunts (mod licence),YES,"docs/ws/deersign.md:50 ""synthesized by tools/deersign/gen_sounds.py""; commit 00fdd59"
deersign/snap_1.ogg,patch,deersign-synth,Frontier Hunts,tools/deersign/gen_sounds.py,Original synthesis for Frontier Hunts (mod licence),YES,"docs/ws/deersign.md:50 ""synthesized by tools/deersign/gen_sounds.py""; commit 00fdd59"
deersign/snap_2.ogg,patch,deersign-synth,Frontier Hunts,tools/deersign/gen_sounds.py,Original synthesis for Frontier Hunts (mod licence),YES,"docs/ws/deersign.md:50 ""synthesized by tools/deersign/gen_sounds.py""; commit 00fdd59"
deersign/trickle_0.ogg,patch,deersign-synth,Frontier Hunts,tools/deersign/gen_sounds.py,Original synthesis for Frontier Hunts (mod licence),YES,"docs/ws/deersign.md:50 ""synthesized by tools/deersign/gen_sounds.py""; commit 00fdd59"
deersign/trickle_1.ogg,patch,deersign-synth,Frontier Hunts,tools/deersign/gen_sounds.py,Original synthesis for Frontier Hunts (mod licence),YES,"docs/ws/deersign.md:50 ""synthesized by tools/deersign/gen_sounds.py""; commit 00fdd59"
environment/brush_rustle_0.ogg,base,environment-unknown,UNKNOWN,,UNKNOWN,UNKNOWN,"No credit entry, provenance JSON, generator script or work note found (searched jar credits, repo, AGENTS.md, uploads); base jar, unchanged since dev.39"
environment/brush_rustle_1.ogg,base,environment-unknown,UNKNOWN,,UNKNOWN,UNKNOWN,"No credit entry, provenance JSON, generator script or work note found (searched jar credits, repo, AGENTS.md, uploads); base jar, unchanged since dev.39"
environment/brush_rustle_2.ogg,base,environment-unknown,UNKNOWN,,UNKNOWN,UNKNOWN,"No credit entry, provenance JSON, generator script or work note found (searched jar credits, repo, AGENTS.md, uploads); base jar, unchanged since dev.39"
environment/cascade.ogg,base,environment-unknown,UNKNOWN,,UNKNOWN,UNKNOWN,"No credit entry, provenance JSON, generator script or work note found (searched jar credits, repo, AGENTS.md, uploads); base jar, unchanged since dev.39"
environment/cascade_far.ogg,base,environment-unknown,UNKNOWN,,UNKNOWN,UNKNOWN,"No credit entry, provenance JSON, generator script or work note found (searched jar credits, repo, AGENTS.md, uploads); base jar, unchanged since dev.39"
environment/cascade_foot.ogg,base,environment-unknown,UNKNOWN,,UNKNOWN,UNKNOWN,"No credit entry, provenance JSON, generator script or work note found (searched jar credits, repo, AGENTS.md, uploads); base jar, unchanged since dev.39"
environment/falls_crash.ogg,base,environment-unknown,UNKNOWN,,UNKNOWN,UNKNOWN,"No credit entry, provenance JSON, generator script or work note found (searched jar credits, repo, AGENTS.md, uploads); base jar, unchanged since dev.39"
environment/falls_roar.ogg,base,environment-unknown,UNKNOWN,,UNKNOWN,UNKNOWN,"No credit entry, provenance JSON, generator script or work note found (searched jar credits, repo, AGENTS.md, uploads); base jar, unchanged since dev.39"
environment/falls_roar_far.ogg,base,environment-unknown,UNKNOWN,,UNKNOWN,UNKNOWN,"No credit entry, provenance JSON, generator script or work note found (searched jar credits, repo, AGENTS.md, uploads); base jar, unchanged since dev.39"
environment/falls_trickle.ogg,base,environment-unknown,UNKNOWN,,UNKNOWN,UNKNOWN,"No credit entry, provenance JSON, generator script or work note found (searched jar credits, repo, AGENTS.md, uploads); base jar, unchanged since dev.39"
environment/falls_underwater.ogg,base,environment-unknown,UNKNOWN,,UNKNOWN,UNKNOWN,"No credit entry, provenance JSON, generator script or work note found (searched jar credits, repo, AGENTS.md, uploads); base jar, unchanged since dev.39"
equipment/antler_rattle_0.ogg,patch,nps-elk-sparring,U.S. National Park Service (recording: elk sparring; #3 also elk thrashing a bush),https://www.nps.gov (NPS park sound library; exact page not recorded),Public domain (U.S. National Park Service),YES,docs/ws/calls.md mapping table antler_rattle rows; tools/calls/build_sounds.py:61;; jar assets/frontierhunts/CREDITS-SOUNDS.txt (NPS section); commit 580ae18 (gear.14 calls); bytes = repo patch/
equipment/antler_rattle_1.ogg,patch,nps-elk-sparring,U.S. National Park Service (recording: elk sparring; #3 also elk thrashing a bush),https://www.nps.gov (NPS park sound library; exact page not recorded),Public domain (U.S. National Park Service),YES,docs/ws/calls.md mapping table antler_rattle rows; tools/calls/build_sounds.py:61;; jar assets/frontierhunts/CREDITS-SOUNDS.txt (NPS section); commit 580ae18 (gear.14 calls); bytes = repo patch/
equipment/antler_rattle_2.ogg,patch,nps-elk-sparring,U.S. National Park Service (recording: elk sparring; #3 also elk thrashing a bush),https://www.nps.gov (NPS park sound library; exact page not recorded),Public domain (U.S. National Park Service),YES,docs/ws/calls.md mapping table antler_rattle rows; tools/calls/build_sounds.py:61;; jar assets/frontierhunts/CREDITS-SOUNDS.txt (NPS section); commit 580ae18 (gear.14 calls); bytes = repo patch/
equipment/antler_rattle_3.ogg,patch,nps-elk-sparring,U.S. National Park Service (recording: elk sparring; #3 also elk thrashing a bush),https://www.nps.gov (NPS park sound library; exact page not recorded),Public domain (U.S. National Park Service),YES,docs/ws/calls.md mapping table antler_rattle rows; tools/calls/build_sounds.py:61;; jar assets/frontierhunts/CREDITS-SOUNDS.txt (NPS section); commit 580ae18 (gear.14 calls); bytes = repo patch/
equipment/bait_launcher_close.ogg,base,gary-guns-bysa,"Gary / fossilrecords.net, hosted by qubodup on OpenGameArt",https://opengameart.org/content/handling-guns,CC BY-SA 3.0,YES-SHAREALIKE,jar FRONTIER_AUDIO_CREDITS.txt lines 50-59; sha256 matches audio-provenance/expedition-preparation.json; base jar
equipment/bait_launcher_dry.ogg,base,gary-guns-bysa,"Gary / fossilrecords.net, hosted by qubodup on OpenGameArt",https://opengameart.org/content/handling-guns,CC BY-SA 3.0,YES-SHAREALIKE,jar FRONTIER_AUDIO_CREDITS.txt lines 50-59; sha256 matches audio-provenance/expedition-preparation.json; base jar
equipment/bait_launcher_load.ogg,base,gary-guns-bysa,"Gary / fossilrecords.net, hosted by qubodup on OpenGameArt",https://opengameart.org/content/handling-guns,CC BY-SA 3.0,YES-SHAREALIKE,jar FRONTIER_AUDIO_CREDITS.txt lines 50-59; sha256 matches audio-provenance/expedition-preparation.json; base jar
equipment/bait_launcher_open.ogg,base,gary-guns-bysa,"Gary / fossilrecords.net, hosted by qubodup on OpenGameArt",https://opengameart.org/content/handling-guns,CC BY-SA 3.0,YES-SHAREALIKE,jar FRONTIER_AUDIO_CREDITS.txt lines 50-59; sha256 matches audio-provenance/expedition-preparation.json; base jar
equipment/bait_launcher_shot.ogg,base,atkom-airgun,"Atkom (""airgun.mp3"")",https://freesound.org/people/Atkom/sounds/347674/,CC0 1.0,YES,jar FRONTIER_AUDIO_CREDITS.txt lines 71-73; sha256 matches auxiliary-preparation.json; base jar
equipment/bleat_call.ogg,patch,inat-zoebelein-cc0,Kristi Zoebelein (iNaturalist),https://www.inaturalist.org/observations/192458889,CC0 1.0,YES,docs/ws/calls.md mapping table bleat_call rows (source fh_doe_vocal2); jar assets/frontierhunts/CREDITS-SOUNDS.txt lines 36-37; commit 580ae18 (gear.14 calls); bytes = repo patch/
equipment/bleat_call_1.ogg,patch,inat-zoebelein-cc0,Kristi Zoebelein (iNaturalist),https://www.inaturalist.org/observations/192458889,CC0 1.0,YES,docs/ws/calls.md mapping table bleat_call rows (source fh_doe_vocal2); jar assets/frontierhunts/CREDITS-SOUNDS.txt lines 36-37; commit 580ae18 (gear.14 calls); bytes = repo patch/
equipment/bleat_call_2.ogg,patch,inat-zoebelein-cc0,Kristi Zoebelein (iNaturalist),https://www.inaturalist.org/observations/192458889,CC0 1.0,YES,docs/ws/calls.md mapping table bleat_call rows (source fh_doe_vocal2); jar assets/frontierhunts/CREDITS-SOUNDS.txt lines 36-37; commit 580ae18 (gear.14 calls); bytes = repo patch/
equipment/deer_contact_a.ogg,patch,inat-sofiv-ccby,sofi v (iNaturalist),https://www.inaturalist.org/observations/366565665,CC BY 4.0,YES-WITH-ATTRIBUTION,docs/ws/calls.md mapping table deer_bleat rows (fh_fawn_bleat2); jar assets/frontierhunts/CREDITS-SOUNDS.txt lines 57-58; commit 580ae18 (gear.14 calls); bytes = repo patch/. msantoro11 CC0 hashes in deer-contact-preparation.json no longer match
equipment/deer_contact_b.ogg,patch,inat-sofiv-ccby,sofi v (iNaturalist),https://www.inaturalist.org/observations/366565665,CC BY 4.0,YES-WITH-ATTRIBUTION,docs/ws/calls.md mapping table deer_bleat rows (fh_fawn_bleat2); jar assets/frontierhunts/CREDITS-SOUNDS.txt lines 57-58; commit 580ae18 (gear.14 calls); bytes = repo patch/. msantoro11 CC0 hashes in deer-contact-preparation.json no longer match
equipment/double_barrel_close.ogg,base,gary-guns-bysa,"Gary / fossilrecords.net, hosted by qubodup on OpenGameArt",https://opengameart.org/content/handling-guns,CC BY-SA 3.0,YES-SHAREALIKE,jar FRONTIER_AUDIO_CREDITS.txt lines 50-59; sha256 matches audio-provenance/expedition-preparation.json; base jar
equipment/double_barrel_dry.ogg,base,gary-guns-bysa,"Gary / fossilrecords.net, hosted by qubodup on OpenGameArt",https://opengameart.org/content/handling-guns,CC BY-SA 3.0,YES-SHAREALIKE,jar FRONTIER_AUDIO_CREDITS.txt lines 50-59; sha256 matches audio-provenance/expedition-preparation.json; base jar
equipment/double_barrel_load.ogg,base,gary-guns-bysa,"Gary / fossilrecords.net, hosted by qubodup on OpenGameArt",https://opengameart.org/content/handling-guns,CC BY-SA 3.0,YES-SHAREALIKE,jar FRONTIER_AUDIO_CREDITS.txt lines 50-59; sha256 matches audio-provenance/expedition-preparation.json; base jar
equipment/double_barrel_open.ogg,base,gary-guns-bysa,"Gary / fossilrecords.net, hosted by qubodup on OpenGameArt",https://opengameart.org/content/handling-guns,CC BY-SA 3.0,YES-SHAREALIKE,jar FRONTIER_AUDIO_CREDITS.txt lines 50-59; sha256 matches audio-provenance/expedition-preparation.json; base jar
equipment/draw/draw_bait_launcher.ogg,patch,draw-unknown,UNKNOWN,,UNKNOWN,UNKNOWN,"No credit entry or generator found; listed under patch/ (commit 992015f ""baseline gear.8"") but bytes identical to base jar"
equipment/draw/draw_double_barrel.ogg,patch,draw-unknown,UNKNOWN,,UNKNOWN,UNKNOWN,"No credit entry or generator found; listed under patch/ (commit 992015f ""baseline gear.8"") but bytes identical to base jar"
equipment/draw/draw_field_pistol.ogg,patch,draw-unknown,UNKNOWN,,UNKNOWN,UNKNOWN,"No credit entry or generator found; listed under patch/ (commit 992015f ""baseline gear.8"") but bytes identical to base jar"
equipment/draw/draw_flare_gun.ogg,patch,draw-unknown,UNKNOWN,,UNKNOWN,UNKNOWN,"No credit entry or generator found; listed under patch/ (commit 992015f ""baseline gear.8"") but bytes identical to base jar"
equipment/draw/draw_lever_rifle.ogg,patch,draw-unknown,UNKNOWN,,UNKNOWN,UNKNOWN,"No credit entry or generator found; listed under patch/ (commit 992015f ""baseline gear.8"") but bytes identical to base jar"
equipment/draw/draw_pump_shotgun.ogg,patch,draw-unknown,UNKNOWN,,UNKNOWN,UNKNOWN,"No credit entry or generator found; listed under patch/ (commit 992015f ""baseline gear.8"") but bytes identical to base jar"
equipment/draw/draw_revolver.ogg,patch,draw-unknown,UNKNOWN,,UNKNOWN,UNKNOWN,"No credit entry or generator found; listed under patch/ (commit 992015f ""baseline gear.8"") but bytes identical to base jar"
equipment/draw/draw_ridgeline_rifle.ogg,patch,draw-unknown,UNKNOWN,,UNKNOWN,UNKNOWN,"No credit entry or generator found; listed under patch/ (commit 992015f ""baseline gear.8"") but bytes identical to base jar"
equipment/draw/draw_semi_auto_rifle.ogg,patch,draw-unknown,UNKNOWN,,UNKNOWN,UNKNOWN,"No credit entry or generator found; listed under patch/ (commit 992015f ""baseline gear.8"") but bytes identical to base jar"
equipment/draw/draw_semi_auto_shotgun.ogg,patch,draw-unknown,UNKNOWN,,UNKNOWN,UNKNOWN,"No credit entry or generator found; listed under patch/ (commit 992015f ""baseline gear.8"") but bytes identical to base jar"
equipment/draw/draw_tranquilizer_rifle.ogg,patch,draw-unknown,UNKNOWN,,UNKNOWN,UNKNOWN,"No credit entry or generator found; listed under patch/ (commit 992015f ""baseline gear.8"") but bytes identical to base jar"
equipment/field_pistol_close.ogg,base,gary-guns-bysa,"Gary / fossilrecords.net, hosted by qubodup on OpenGameArt",https://opengameart.org/content/handling-guns,CC BY-SA 3.0,YES-SHAREALIKE,jar FRONTIER_AUDIO_CREDITS.txt lines 50-59; sha256 matches audio-provenance/expedition-preparation.json; base jar
equipment/field_pistol_dry.ogg,base,gary-guns-bysa,"Gary / fossilrecords.net, hosted by qubodup on OpenGameArt",https://opengameart.org/content/handling-guns,CC BY-SA 3.0,YES-SHAREALIKE,jar FRONTIER_AUDIO_CREDITS.txt lines 50-59; sha256 matches audio-provenance/expedition-preparation.json; base jar
equipment/field_pistol_load.ogg,base,gary-guns-bysa,"Gary / fossilrecords.net, hosted by qubodup on OpenGameArt",https://opengameart.org/content/handling-guns,CC BY-SA 3.0,YES-SHAREALIKE,jar FRONTIER_AUDIO_CREDITS.txt lines 50-59; sha256 matches audio-provenance/expedition-preparation.json; base jar
equipment/field_pistol_open.ogg,base,gary-guns-bysa,"Gary / fossilrecords.net, hosted by qubodup on OpenGameArt",https://opengameart.org/content/handling-guns,CC BY-SA 3.0,YES-SHAREALIKE,jar FRONTIER_AUDIO_CREDITS.txt lines 50-59; sha256 matches audio-provenance/expedition-preparation.json; base jar
equipment/flare_gun_close.ogg,base,gary-guns-bysa,"Gary / fossilrecords.net, hosted by qubodup on OpenGameArt",https://opengameart.org/content/handling-guns,CC BY-SA 3.0,YES-SHAREALIKE,jar FRONTIER_AUDIO_CREDITS.txt lines 50-59; sha256 matches audio-provenance/expedition-preparation.json; base jar
equipment/flare_gun_dry.ogg,base,gary-guns-bysa,"Gary / fossilrecords.net, hosted by qubodup on OpenGameArt",https://opengameart.org/content/handling-guns,CC BY-SA 3.0,YES-SHAREALIKE,jar FRONTIER_AUDIO_CREDITS.txt lines 50-59; sha256 matches audio-provenance/expedition-preparation.json; base jar
equipment/flare_gun_load.ogg,base,gary-guns-bysa,"Gary / fossilrecords.net, hosted by qubodup on OpenGameArt",https://opengameart.org/content/handling-guns,CC BY-SA 3.0,YES-SHAREALIKE,jar FRONTIER_AUDIO_CREDITS.txt lines 50-59; sha256 matches audio-provenance/expedition-preparation.json; base jar
equipment/flare_gun_open.ogg,base,gary-guns-bysa,"Gary / fossilrecords.net, hosted by qubodup on OpenGameArt",https://opengameart.org/content/handling-guns,CC BY-SA 3.0,YES-SHAREALIKE,jar FRONTIER_AUDIO_CREDITS.txt lines 50-59; sha256 matches audio-provenance/expedition-preparation.json; base jar
equipment/flare_gun_shot.ogg,base,ogsoundfx-flare,"OGsoundFX (""Flare Gun"")",https://freesound.org/people/OGsoundFX/sounds/423109/,CC BY 4.0,YES-WITH-ATTRIBUTION,jar FRONTIER_AUDIO_CREDITS.txt lines 61-66; sha256 matches expedition-preparation.json; base jar
equipment/grunt_tube.ogg,patch,grunt-tube-built,"Frontier Hunts synthesis using breath/timbre of Connor Sites-Bowen (iNat, CC BY 4.0) and Anne Parker (iNat, CC0)",https://www.inaturalist.org/observations/130559667 ; https://www.inaturalist.org/observations/140786784,CC BY 4.0 (derived material) + CC0,YES-WITH-ATTRIBUTION,docs/ws/calls.md mapping table grunt_tube rows; tools/calls/grunt.py + build3.py; jar assets/frontierhunts/CREDITS-SOUNDS.txt lines 51-52; commit 580ae18 (gear.14 calls); bytes = repo patch/
equipment/grunt_tube_1.ogg,patch,grunt-tube-built,"Frontier Hunts synthesis using breath/timbre of Connor Sites-Bowen (iNat, CC BY 4.0) and Anne Parker (iNat, CC0)",https://www.inaturalist.org/observations/130559667 ; https://www.inaturalist.org/observations/140786784,CC BY 4.0 (derived material) + CC0,YES-WITH-ATTRIBUTION,docs/ws/calls.md mapping table grunt_tube rows; tools/calls/grunt.py + build3.py; jar assets/frontierhunts/CREDITS-SOUNDS.txt lines 51-52; commit 580ae18 (gear.14 calls); bytes = repo patch/
equipment/grunt_tube_2.ogg,patch,grunt-tube-built,"Frontier Hunts synthesis using breath/timbre of Connor Sites-Bowen (iNat, CC BY 4.0) and Anne Parker (iNat, CC0)",https://www.inaturalist.org/observations/130559667 ; https://www.inaturalist.org/observations/140786784,CC BY 4.0 (derived material) + CC0,YES-WITH-ATTRIBUTION,docs/ws/calls.md mapping table grunt_tube rows; tools/calls/grunt.py + build3.py; jar assets/frontierhunts/CREDITS-SOUNDS.txt lines 51-52; commit 580ae18 (gear.14 calls); bytes = repo patch/
equipment/grunt_tube_3.ogg,patch,grunt-tube-built,"Frontier Hunts synthesis using breath/timbre of Connor Sites-Bowen (iNat, CC BY 4.0) and Anne Parker (iNat, CC0)",https://www.inaturalist.org/observations/130559667 ; https://www.inaturalist.org/observations/140786784,CC BY 4.0 (derived material) + CC0,YES-WITH-ATTRIBUTION,docs/ws/calls.md mapping table grunt_tube rows; tools/calls/grunt.py + build3.py; jar assets/frontierhunts/CREDITS-SOUNDS.txt lines 51-52; commit 580ae18 (gear.14 calls); bytes = repo patch/
equipment/lever_rifle_close.ogg,base,gary-guns-bysa,"Gary / fossilrecords.net, hosted by qubodup on OpenGameArt",https://opengameart.org/content/handling-guns,CC BY-SA 3.0,YES-SHAREALIKE,jar FRONTIER_AUDIO_CREDITS.txt lines 50-59; sha256 matches audio-provenance/expedition-preparation.json; base jar
equipment/lever_rifle_dry.ogg,base,gary-guns-bysa,"Gary / fossilrecords.net, hosted by qubodup on OpenGameArt",https://opengameart.org/content/handling-guns,CC BY-SA 3.0,YES-SHAREALIKE,jar FRONTIER_AUDIO_CREDITS.txt lines 50-59; sha256 matches audio-provenance/expedition-preparation.json; base jar
equipment/lever_rifle_load.ogg,base,gary-guns-bysa,"Gary / fossilrecords.net, hosted by qubodup on OpenGameArt",https://opengameart.org/content/handling-guns,CC BY-SA 3.0,YES-SHAREALIKE,jar FRONTIER_AUDIO_CREDITS.txt lines 50-59; sha256 matches audio-provenance/expedition-preparation.json; base jar
equipment/lever_rifle_open.ogg,base,gary-guns-bysa,"Gary / fossilrecords.net, hosted by qubodup on OpenGameArt",https://opengameart.org/content/handling-guns,CC BY-SA 3.0,YES-SHAREALIKE,jar FRONTIER_AUDIO_CREDITS.txt lines 50-59; sha256 matches audio-provenance/expedition-preparation.json; base jar
equipment/predator_call.ogg,patch,inat-sofiv-ccby,sofi v (iNaturalist),https://www.inaturalist.org/observations/366565665,CC BY 4.0,YES-WITH-ATTRIBUTION,docs/ws/calls.md mapping table predator_call rows; tools/calls/build2.py:49-52; jar assets/frontierhunts/CREDITS-SOUNDS.txt lines 57-58; commit 580ae18 (gear.14 calls); bytes = repo patch/
equipment/predator_call_1.ogg,patch,inat-sofiv-ccby+nps,sofi v (iNaturalist) + U.S. National Park Service (coyote howl/chase),https://www.inaturalist.org/observations/366565665 ; https://www.nps.gov (NPS park sound library; exact page not recorded),CC BY 4.0 + public domain,YES-WITH-ATTRIBUTION,docs/ws/calls.md mapping table predator_call rows; tools/calls/build2.py:50; jar assets/frontierhunts/CREDITS-SOUNDS.txt; commit 580ae18 (gear.14 calls); bytes = repo patch/
equipment/predator_call_2.ogg,patch,inat-sofiv-ccby,sofi v (iNaturalist),https://www.inaturalist.org/observations/366565665,CC BY 4.0,YES-WITH-ATTRIBUTION,docs/ws/calls.md mapping table predator_call rows; tools/calls/build2.py:49-52; jar assets/frontierhunts/CREDITS-SOUNDS.txt lines 57-58; commit 580ae18 (gear.14 calls); bytes = repo patch/
equipment/predator_call_3.ogg,patch,inat-sofiv-ccby,sofi v (iNaturalist),https://www.inaturalist.org/observations/366565665,CC BY 4.0,YES-WITH-ATTRIBUTION,docs/ws/calls.md mapping table predator_call rows; tools/calls/build2.py:49-52; jar assets/frontierhunts/CREDITS-SOUNDS.txt lines 57-58; commit 580ae18 (gear.14 calls); bytes = repo patch/
equipment/pump_shotgun_close.ogg,base,gary-guns-bysa,"Gary / fossilrecords.net, hosted by qubodup on OpenGameArt",https://opengameart.org/content/handling-guns,CC BY-SA 3.0,YES-SHAREALIKE,jar FRONTIER_AUDIO_CREDITS.txt lines 50-59; sha256 matches audio-provenance/expedition-preparation.json; base jar
equipment/pump_shotgun_dry.ogg,base,gary-guns-bysa,"Gary / fossilrecords.net, hosted by qubodup on OpenGameArt",https://opengameart.org/content/handling-guns,CC BY-SA 3.0,YES-SHAREALIKE,jar FRONTIER_AUDIO_CREDITS.txt lines 50-59; sha256 matches audio-provenance/expedition-preparation.json; base jar
equipment/pump_shotgun_load.ogg,base,gary-guns-bysa,"Gary / fossilrecords.net, hosted by qubodup on OpenGameArt",https://opengameart.org/content/handling-guns,CC BY-SA 3.0,YES-SHAREALIKE,jar FRONTIER_AUDIO_CREDITS.txt lines 50-59; sha256 matches audio-provenance/expedition-preparation.json; base jar
equipment/pump_shotgun_open.ogg,base,gary-guns-bysa,"Gary / fossilrecords.net, hosted by qubodup on OpenGameArt",https://opengameart.org/content/handling-guns,CC BY-SA 3.0,YES-SHAREALIKE,jar FRONTIER_AUDIO_CREDITS.txt lines 50-59; sha256 matches audio-provenance/expedition-preparation.json; base jar
equipment/revolver_close.ogg,base,gary-guns-bysa,"Gary / fossilrecords.net, hosted by qubodup on OpenGameArt",https://opengameart.org/content/handling-guns,CC BY-SA 3.0,YES-SHAREALIKE,jar FRONTIER_AUDIO_CREDITS.txt lines 50-59; sha256 matches audio-provenance/expedition-preparation.json; base jar
equipment/revolver_dry.ogg,base,gary-guns-bysa,"Gary / fossilrecords.net, hosted by qubodup on OpenGameArt",https://opengameart.org/content/handling-guns,CC BY-SA 3.0,YES-SHAREALIKE,jar FRONTIER_AUDIO_CREDITS.txt lines 50-59; sha256 matches audio-provenance/expedition-preparation.json; base jar
equipment/revolver_load.ogg,base,gary-guns-bysa,"Gary / fossilrecords.net, hosted by qubodup on OpenGameArt",https://opengameart.org/content/handling-guns,CC BY-SA 3.0,YES-SHAREALIKE,jar FRONTIER_AUDIO_CREDITS.txt lines 50-59; sha256 matches audio-provenance/expedition-preparation.json; base jar
equipment/revolver_open.ogg,base,gary-guns-bysa,"Gary / fossilrecords.net, hosted by qubodup on OpenGameArt",https://opengameart.org/content/handling-guns,CC BY-SA 3.0,YES-SHAREALIKE,jar FRONTIER_AUDIO_CREDITS.txt lines 50-59; sha256 matches audio-provenance/expedition-preparation.json; base jar
equipment/semi_auto_rifle_close.ogg,base,gary-guns-bysa,"Gary / fossilrecords.net, hosted by qubodup on OpenGameArt",https://opengameart.org/content/handling-guns,CC BY-SA 3.0,YES-SHAREALIKE,jar FRONTIER_AUDIO_CREDITS.txt lines 50-59; sha256 matches audio-provenance/expedition-preparation.json; base jar
equipment/semi_auto_rifle_dry.ogg,base,gary-guns-bysa,"Gary / fossilrecords.net, hosted by qubodup on OpenGameArt",https://opengameart.org/content/handling-guns,CC BY-SA 3.0,YES-SHAREALIKE,jar FRONTIER_AUDIO_CREDITS.txt lines 50-59; sha256 matches audio-provenance/expedition-preparation.json; base jar
equipment/semi_auto_rifle_load.ogg,base,gary-guns-bysa,"Gary / fossilrecords.net, hosted by qubodup on OpenGameArt",https://opengameart.org/content/handling-guns,CC BY-SA 3.0,YES-SHAREALIKE,jar FRONTIER_AUDIO_CREDITS.txt lines 50-59; sha256 matches audio-provenance/expedition-preparation.json; base jar
equipment/semi_auto_rifle_open.ogg,base,gary-guns-bysa,"Gary / fossilrecords.net, hosted by qubodup on OpenGameArt",https://opengameart.org/content/handling-guns,CC BY-SA 3.0,YES-SHAREALIKE,jar FRONTIER_AUDIO_CREDITS.txt lines 50-59; sha256 matches audio-provenance/expedition-preparation.json; base jar
equipment/semi_auto_shotgun_close.ogg,base,gary-guns-bysa,"Gary / fossilrecords.net, hosted by qubodup on OpenGameArt",https://opengameart.org/content/handling-guns,CC BY-SA 3.0,YES-SHAREALIKE,jar FRONTIER_AUDIO_CREDITS.txt lines 50-59; sha256 matches audio-provenance/expedition-preparation.json; base jar
equipment/semi_auto_shotgun_dry.ogg,base,gary-guns-bysa,"Gary / fossilrecords.net, hosted by qubodup on OpenGameArt",https://opengameart.org/content/handling-guns,CC BY-SA 3.0,YES-SHAREALIKE,jar FRONTIER_AUDIO_CREDITS.txt lines 50-59; sha256 matches audio-provenance/expedition-preparation.json; base jar
equipment/semi_auto_shotgun_load.ogg,base,gary-guns-bysa,"Gary / fossilrecords.net, hosted by qubodup on OpenGameArt",https://opengameart.org/content/handling-guns,CC BY-SA 3.0,YES-SHAREALIKE,jar FRONTIER_AUDIO_CREDITS.txt lines 50-59; sha256 matches audio-provenance/expedition-preparation.json; base jar
equipment/semi_auto_shotgun_open.ogg,base,gary-guns-bysa,"Gary / fossilrecords.net, hosted by qubodup on OpenGameArt",https://opengameart.org/content/handling-guns,CC BY-SA 3.0,YES-SHAREALIKE,jar FRONTIER_AUDIO_CREDITS.txt lines 50-59; sha256 matches audio-provenance/expedition-preparation.json; base jar
equipment/tranquilizer_rifle_close.ogg,base,gary-guns-bysa,"Gary / fossilrecords.net, hosted by qubodup on OpenGameArt",https://opengameart.org/content/handling-guns,CC BY-SA 3.0,YES-SHAREALIKE,jar FRONTIER_AUDIO_CREDITS.txt lines 50-59; sha256 matches audio-provenance/expedition-preparation.json; base jar
equipment/tranquilizer_rifle_dry.ogg,base,gary-guns-bysa,"Gary / fossilrecords.net, hosted by qubodup on OpenGameArt",https://opengameart.org/content/handling-guns,CC BY-SA 3.0,YES-SHAREALIKE,jar FRONTIER_AUDIO_CREDITS.txt lines 50-59; sha256 matches audio-provenance/expedition-preparation.json; base jar
equipment/tranquilizer_rifle_load.ogg,base,gary-guns-bysa,"Gary / fossilrecords.net, hosted by qubodup on OpenGameArt",https://opengameart.org/content/handling-guns,CC BY-SA 3.0,YES-SHAREALIKE,jar FRONTIER_AUDIO_CREDITS.txt lines 50-59; sha256 matches audio-provenance/expedition-preparation.json; base jar
equipment/tranquilizer_rifle_open.ogg,base,gary-guns-bysa,"Gary / fossilrecords.net, hosted by qubodup on OpenGameArt",https://opengameart.org/content/handling-guns,CC BY-SA 3.0,YES-SHAREALIKE,jar FRONTIER_AUDIO_CREDITS.txt lines 50-59; sha256 matches audio-provenance/expedition-preparation.json; base jar
equipment/tranquilizer_rifle_shot.ogg,base,fission9-airrifle,"fission9 (""Air Rifle"")",https://freesound.org/people/fission9/sounds/466310/,CC0 1.0,YES,jar FRONTIER_AUDIO_CREDITS.txt lines 68-70; sha256 matches audio-provenance/auxiliary-preparation.json; base jar
equipment/v2/casing_brass_0.ogg,base,casing-synth,Frontier Hunts,,Original synthesis for Frontier Hunts (mod licence),YES,"jar FRONTIER_AUDIO_CREDITS.txt DEV23 ""Spent casing and shotgun hull bounce foley is original synthesis""; audio-provenance/firearms-dev23.json ""casings""; base jar"
equipment/v2/casing_brass_1.ogg,base,casing-synth,Frontier Hunts,,Original synthesis for Frontier Hunts (mod licence),YES,"jar FRONTIER_AUDIO_CREDITS.txt DEV23 ""Spent casing and shotgun hull bounce foley is original synthesis""; audio-provenance/firearms-dev23.json ""casings""; base jar"
equipment/v2/casing_brass_2.ogg,base,casing-synth,Frontier Hunts,,Original synthesis for Frontier Hunts (mod licence),YES,"jar FRONTIER_AUDIO_CREDITS.txt DEV23 ""Spent casing and shotgun hull bounce foley is original synthesis""; audio-provenance/firearms-dev23.json ""casings""; base jar"
equipment/v2/casing_brass_3.ogg,base,casing-synth,Frontier Hunts,,Original synthesis for Frontier Hunts (mod licence),YES,"jar FRONTIER_AUDIO_CREDITS.txt DEV23 ""Spent casing and shotgun hull bounce foley is original synthesis""; audio-provenance/firearms-dev23.json ""casings""; base jar"
equipment/v2/casing_hull_0.ogg,base,casing-synth,Frontier Hunts,,Original synthesis for Frontier Hunts (mod licence),YES,"jar FRONTIER_AUDIO_CREDITS.txt DEV23 ""Spent casing and shotgun hull bounce foley is original synthesis""; audio-provenance/firearms-dev23.json ""casings""; base jar"
equipment/v2/casing_hull_1.ogg,base,casing-synth,Frontier Hunts,,Original synthesis for Frontier Hunts (mod licence),YES,"jar FRONTIER_AUDIO_CREDITS.txt DEV23 ""Spent casing and shotgun hull bounce foley is original synthesis""; audio-provenance/firearms-dev23.json ""casings""; base jar"
equipment/v2/casing_hull_2.ogg,base,casing-synth,Frontier Hunts,,Original synthesis for Frontier Hunts (mod licence),YES,"jar FRONTIER_AUDIO_CREDITS.txt DEV23 ""Spent casing and shotgun hull bounce foley is original synthesis""; audio-provenance/firearms-dev23.json ""casings""; base jar"
equipment/v2/double_barrel_shot_0.ogg,base,ffsl-cc0,"Ben Jaszczak, Brian Nelson, Kevin Heras, Matthew Nanney (The Free Firearm Sound Library)",https://opengameart.org/content/the-free-firearm-sound-library,CC0 1.0,YES,"jar FRONTIER_AUDIO_CREDITS.txt DEV23 section (lines 182-198); audio-provenance/firearms-dev23.json (names only, no hashes); base jar"
equipment/v2/double_barrel_shot_1.ogg,base,ffsl-cc0,"Ben Jaszczak, Brian Nelson, Kevin Heras, Matthew Nanney (The Free Firearm Sound Library)",https://opengameart.org/content/the-free-firearm-sound-library,CC0 1.0,YES,"jar FRONTIER_AUDIO_CREDITS.txt DEV23 section (lines 182-198); audio-provenance/firearms-dev23.json (names only, no hashes); base jar"
equipment/v2/double_barrel_shot_2.ogg,base,ffsl-cc0,"Ben Jaszczak, Brian Nelson, Kevin Heras, Matthew Nanney (The Free Firearm Sound Library)",https://opengameart.org/content/the-free-firearm-sound-library,CC0 1.0,YES,"jar FRONTIER_AUDIO_CREDITS.txt DEV23 section (lines 182-198); audio-provenance/firearms-dev23.json (names only, no hashes); base jar"
equipment/v2/double_barrel_shot_3.ogg,base,ffsl-cc0,"Ben Jaszczak, Brian Nelson, Kevin Heras, Matthew Nanney (The Free Firearm Sound Library)",https://opengameart.org/content/the-free-firearm-sound-library,CC0 1.0,YES,"jar FRONTIER_AUDIO_CREDITS.txt DEV23 section (lines 182-198); audio-provenance/firearms-dev23.json (names only, no hashes); base jar"
equipment/v2/double_barrel_shot_far_0.ogg,base,ffsl-cc0,"Ben Jaszczak, Brian Nelson, Kevin Heras, Matthew Nanney (The Free Firearm Sound Library)",https://opengameart.org/content/the-free-firearm-sound-library,CC0 1.0,YES,"jar FRONTIER_AUDIO_CREDITS.txt DEV23 section (lines 182-198); audio-provenance/firearms-dev23.json (names only, no hashes); base jar"
equipment/v2/double_barrel_shot_far_1.ogg,base,ffsl-cc0,"Ben Jaszczak, Brian Nelson, Kevin Heras, Matthew Nanney (The Free Firearm Sound Library)",https://opengameart.org/content/the-free-firearm-sound-library,CC0 1.0,YES,"jar FRONTIER_AUDIO_CREDITS.txt DEV23 section (lines 182-198); audio-provenance/firearms-dev23.json (names only, no hashes); base jar"
equipment/v2/double_barrel_shot_suppressed_0.ogg,base,ffsl-cc0,"Ben Jaszczak, Brian Nelson, Kevin Heras, Matthew Nanney (The Free Firearm Sound Library)",https://opengameart.org/content/the-free-firearm-sound-library,CC0 1.0,YES,"jar FRONTIER_AUDIO_CREDITS.txt DEV23 section (lines 182-198); audio-provenance/firearms-dev23.json (names only, no hashes); base jar"
equipment/v2/double_barrel_shot_suppressed_1.ogg,base,ffsl-cc0,"Ben Jaszczak, Brian Nelson, Kevin Heras, Matthew Nanney (The Free Firearm Sound Library)",https://opengameart.org/content/the-free-firearm-sound-library,CC0 1.0,YES,"jar FRONTIER_AUDIO_CREDITS.txt DEV23 section (lines 182-198); audio-provenance/firearms-dev23.json (names only, no hashes); base jar"
equipment/v2/field_pistol_shot_0.ogg,base,ffsl-cc0,"Ben Jaszczak, Brian Nelson, Kevin Heras, Matthew Nanney (The Free Firearm Sound Library)",https://opengameart.org/content/the-free-firearm-sound-library,CC0 1.0,YES,"jar FRONTIER_AUDIO_CREDITS.txt DEV23 section (lines 182-198); audio-provenance/firearms-dev23.json (names only, no hashes); base jar"
equipment/v2/field_pistol_shot_1.ogg,base,ffsl-cc0,"Ben Jaszczak, Brian Nelson, Kevin Heras, Matthew Nanney (The Free Firearm Sound Library)",https://opengameart.org/content/the-free-firearm-sound-library,CC0 1.0,YES,"jar FRONTIER_AUDIO_CREDITS.txt DEV23 section (lines 182-198); audio-provenance/firearms-dev23.json (names only, no hashes); base jar"
equipment/v2/field_pistol_shot_2.ogg,base,ffsl-cc0,"Ben Jaszczak, Brian Nelson, Kevin Heras, Matthew Nanney (The Free Firearm Sound Library)",https://opengameart.org/content/the-free-firearm-sound-library,CC0 1.0,YES,"jar FRONTIER_AUDIO_CREDITS.txt DEV23 section (lines 182-198); audio-provenance/firearms-dev23.json (names only, no hashes); base jar"
equipment/v2/field_pistol_shot_3.ogg,base,ffsl-cc0,"Ben Jaszczak, Brian Nelson, Kevin Heras, Matthew Nanney (The Free Firearm Sound Library)",https://opengameart.org/content/the-free-firearm-sound-library,CC0 1.0,YES,"jar FRONTIER_AUDIO_CREDITS.txt DEV23 section (lines 182-198); audio-provenance/firearms-dev23.json (names only, no hashes); base jar"
equipment/v2/field_pistol_shot_far_0.ogg,base,ffsl-cc0,"Ben Jaszczak, Brian Nelson, Kevin Heras, Matthew Nanney (The Free Firearm Sound Library)",https://opengameart.org/content/the-free-firearm-sound-library,CC0 1.0,YES,"jar FRONTIER_AUDIO_CREDITS.txt DEV23 section (lines 182-198); audio-provenance/firearms-dev23.json (names only, no hashes); base jar"
equipment/v2/field_pistol_shot_far_1.ogg,base,ffsl-cc0,"Ben Jaszczak, Brian Nelson, Kevin Heras, Matthew Nanney (The Free Firearm Sound Library)",https://opengameart.org/content/the-free-firearm-sound-library,CC0 1.0,YES,"jar FRONTIER_AUDIO_CREDITS.txt DEV23 section (lines 182-198); audio-provenance/firearms-dev23.json (names only, no hashes); base jar"
equipment/v2/field_pistol_shot_suppressed_0.ogg,base,ffsl-cc0,"Ben Jaszczak, Brian Nelson, Kevin Heras, Matthew Nanney (The Free Firearm Sound Library)",https://opengameart.org/content/the-free-firearm-sound-library,CC0 1.0,YES,"jar FRONTIER_AUDIO_CREDITS.txt DEV23 section (lines 182-198); audio-provenance/firearms-dev23.json (names only, no hashes); base jar"
equipment/v2/field_pistol_shot_suppressed_1.ogg,base,ffsl-cc0,"Ben Jaszczak, Brian Nelson, Kevin Heras, Matthew Nanney (The Free Firearm Sound Library)",https://opengameart.org/content/the-free-firearm-sound-library,CC0 1.0,YES,"jar FRONTIER_AUDIO_CREDITS.txt DEV23 section (lines 182-198); audio-provenance/firearms-dev23.json (names only, no hashes); base jar"
equipment/v2/lever_rifle_shot_0.ogg,base,ffsl-cc0,"Ben Jaszczak, Brian Nelson, Kevin Heras, Matthew Nanney (The Free Firearm Sound Library)",https://opengameart.org/content/the-free-firearm-sound-library,CC0 1.0,YES,"jar FRONTIER_AUDIO_CREDITS.txt DEV23 section (lines 182-198); audio-provenance/firearms-dev23.json (names only, no hashes); base jar"
equipment/v2/lever_rifle_shot_1.ogg,base,ffsl-cc0,"Ben Jaszczak, Brian Nelson, Kevin Heras, Matthew Nanney (The Free Firearm Sound Library)",https://opengameart.org/content/the-free-firearm-sound-library,CC0 1.0,YES,"jar FRONTIER_AUDIO_CREDITS.txt DEV23 section (lines 182-198); audio-provenance/firearms-dev23.json (names only, no hashes); base jar"
equipment/v2/lever_rifle_shot_2.ogg,base,ffsl-cc0,"Ben Jaszczak, Brian Nelson, Kevin Heras, Matthew Nanney (The Free Firearm Sound Library)",https://opengameart.org/content/the-free-firearm-sound-library,CC0 1.0,YES,"jar FRONTIER_AUDIO_CREDITS.txt DEV23 section (lines 182-198); audio-provenance/firearms-dev23.json (names only, no hashes); base jar"
equipment/v2/lever_rifle_shot_3.ogg,base,ffsl-cc0,"Ben Jaszczak, Brian Nelson, Kevin Heras, Matthew Nanney (The Free Firearm Sound Library)",https://opengameart.org/content/the-free-firearm-sound-library,CC0 1.0,YES,"jar FRONTIER_AUDIO_CREDITS.txt DEV23 section (lines 182-198); audio-provenance/firearms-dev23.json (names only, no hashes); base jar"
equipment/v2/lever_rifle_shot_far_0.ogg,base,ffsl-cc0,"Ben Jaszczak, Brian Nelson, Kevin Heras, Matthew Nanney (The Free Firearm Sound Library)",https://opengameart.org/content/the-free-firearm-sound-library,CC0 1.0,YES,"jar FRONTIER_AUDIO_CREDITS.txt DEV23 section (lines 182-198); audio-provenance/firearms-dev23.json (names only, no hashes); base jar"
equipment/v2/lever_rifle_shot_far_1.ogg,base,ffsl-cc0,"Ben Jaszczak, Brian Nelson, Kevin Heras, Matthew Nanney (The Free Firearm Sound Library)",https://opengameart.org/content/the-free-firearm-sound-library,CC0 1.0,YES,"jar FRONTIER_AUDIO_CREDITS.txt DEV23 section (lines 182-198); audio-provenance/firearms-dev23.json (names only, no hashes); base jar"
equipment/v2/lever_rifle_shot_suppressed_0.ogg,base,ffsl-cc0,"Ben Jaszczak, Brian Nelson, Kevin Heras, Matthew Nanney (The Free Firearm Sound Library)",https://opengameart.org/content/the-free-firearm-sound-library,CC0 1.0,YES,"jar FRONTIER_AUDIO_CREDITS.txt DEV23 section (lines 182-198); audio-provenance/firearms-dev23.json (names only, no hashes); base jar"
equipment/v2/lever_rifle_shot_suppressed_1.ogg,base,ffsl-cc0,"Ben Jaszczak, Brian Nelson, Kevin Heras, Matthew Nanney (The Free Firearm Sound Library)",https://opengameart.org/content/the-free-firearm-sound-library,CC0 1.0,YES,"jar FRONTIER_AUDIO_CREDITS.txt DEV23 section (lines 182-198); audio-provenance/firearms-dev23.json (names only, no hashes); base jar"
equipment/v2/pump_shotgun_shot_0.ogg,base,ffsl-cc0,"Ben Jaszczak, Brian Nelson, Kevin Heras, Matthew Nanney (The Free Firearm Sound Library)",https://opengameart.org/content/the-free-firearm-sound-library,CC0 1.0,YES,"jar FRONTIER_AUDIO_CREDITS.txt DEV23 section (lines 182-198); audio-provenance/firearms-dev23.json (names only, no hashes); base jar"
equipment/v2/pump_shotgun_shot_1.ogg,base,ffsl-cc0,"Ben Jaszczak, Brian Nelson, Kevin Heras, Matthew Nanney (The Free Firearm Sound Library)",https://opengameart.org/content/the-free-firearm-sound-library,CC0 1.0,YES,"jar FRONTIER_AUDIO_CREDITS.txt DEV23 section (lines 182-198); audio-provenance/firearms-dev23.json (names only, no hashes); base jar"
equipment/v2/pump_shotgun_shot_2.ogg,base,ffsl-cc0,"Ben Jaszczak, Brian Nelson, Kevin Heras, Matthew Nanney (The Free Firearm Sound Library)",https://opengameart.org/content/the-free-firearm-sound-library,CC0 1.0,YES,"jar FRONTIER_AUDIO_CREDITS.txt DEV23 section (lines 182-198); audio-provenance/firearms-dev23.json (names only, no hashes); base jar"
equipment/v2/pump_shotgun_shot_3.ogg,base,ffsl-cc0,"Ben Jaszczak, Brian Nelson, Kevin Heras, Matthew Nanney (The Free Firearm Sound Library)",https://opengameart.org/content/the-free-firearm-sound-library,CC0 1.0,YES,"jar FRONTIER_AUDIO_CREDITS.txt DEV23 section (lines 182-198); audio-provenance/firearms-dev23.json (names only, no hashes); base jar"
equipment/v2/pump_shotgun_shot_far_0.ogg,base,ffsl-cc0,"Ben Jaszczak, Brian Nelson, Kevin Heras, Matthew Nanney (The Free Firearm Sound Library)",https://opengameart.org/content/the-free-firearm-sound-library,CC0 1.0,YES,"jar FRONTIER_AUDIO_CREDITS.txt DEV23 section (lines 182-198); audio-provenance/firearms-dev23.json (names only, no hashes); base jar"
equipment/v2/pump_shotgun_shot_far_1.ogg,base,ffsl-cc0,"Ben Jaszczak, Brian Nelson, Kevin Heras, Matthew Nanney (The Free Firearm Sound Library)",https://opengameart.org/content/the-free-firearm-sound-library,CC0 1.0,YES,"jar FRONTIER_AUDIO_CREDITS.txt DEV23 section (lines 182-198); audio-provenance/firearms-dev23.json (names only, no hashes); base jar"
equipment/v2/pump_shotgun_shot_suppressed_0.ogg,base,ffsl-cc0,"Ben Jaszczak, Brian Nelson, Kevin Heras, Matthew Nanney (The Free Firearm Sound Library)",https://opengameart.org/content/the-free-firearm-sound-library,CC0 1.0,YES,"jar FRONTIER_AUDIO_CREDITS.txt DEV23 section (lines 182-198); audio-provenance/firearms-dev23.json (names only, no hashes); base jar"
equipment/v2/pump_shotgun_shot_suppressed_1.ogg,base,ffsl-cc0,"Ben Jaszczak, Brian Nelson, Kevin Heras, Matthew Nanney (The Free Firearm Sound Library)",https://opengameart.org/content/the-free-firearm-sound-library,CC0 1.0,YES,"jar FRONTIER_AUDIO_CREDITS.txt DEV23 section (lines 182-198); audio-provenance/firearms-dev23.json (names only, no hashes); base jar"
equipment/v2/revolver_shot_0.ogg,base,ffsl-cc0,"Ben Jaszczak, Brian Nelson, Kevin Heras, Matthew Nanney (The Free Firearm Sound Library)",https://opengameart.org/content/the-free-firearm-sound-library,CC0 1.0,YES,"jar FRONTIER_AUDIO_CREDITS.txt DEV23 section (lines 182-198); audio-provenance/firearms-dev23.json (names only, no hashes); base jar"
equipment/v2/revolver_shot_1.ogg,base,ffsl-cc0,"Ben Jaszczak, Brian Nelson, Kevin Heras, Matthew Nanney (The Free Firearm Sound Library)",https://opengameart.org/content/the-free-firearm-sound-library,CC0 1.0,YES,"jar FRONTIER_AUDIO_CREDITS.txt DEV23 section (lines 182-198); audio-provenance/firearms-dev23.json (names only, no hashes); base jar"
equipment/v2/revolver_shot_2.ogg,base,ffsl-cc0,"Ben Jaszczak, Brian Nelson, Kevin Heras, Matthew Nanney (The Free Firearm Sound Library)",https://opengameart.org/content/the-free-firearm-sound-library,CC0 1.0,YES,"jar FRONTIER_AUDIO_CREDITS.txt DEV23 section (lines 182-198); audio-provenance/firearms-dev23.json (names only, no hashes); base jar"
equipment/v2/revolver_shot_3.ogg,base,ffsl-cc0,"Ben Jaszczak, Brian Nelson, Kevin Heras, Matthew Nanney (The Free Firearm Sound Library)",https://opengameart.org/content/the-free-firearm-sound-library,CC0 1.0,YES,"jar FRONTIER_AUDIO_CREDITS.txt DEV23 section (lines 182-198); audio-provenance/firearms-dev23.json (names only, no hashes); base jar"
equipment/v2/revolver_shot_far_0.ogg,base,ffsl-cc0,"Ben Jaszczak, Brian Nelson, Kevin Heras, Matthew Nanney (The Free Firearm Sound Library)",https://opengameart.org/content/the-free-firearm-sound-library,CC0 1.0,YES,"jar FRONTIER_AUDIO_CREDITS.txt DEV23 section (lines 182-198); audio-provenance/firearms-dev23.json (names only, no hashes); base jar"
equipment/v2/revolver_shot_far_1.ogg,base,ffsl-cc0,"Ben Jaszczak, Brian Nelson, Kevin Heras, Matthew Nanney (The Free Firearm Sound Library)",https://opengameart.org/content/the-free-firearm-sound-library,CC0 1.0,YES,"jar FRONTIER_AUDIO_CREDITS.txt DEV23 section (lines 182-198); audio-provenance/firearms-dev23.json (names only, no hashes); base jar"
equipment/v2/revolver_shot_suppressed_0.ogg,base,ffsl-cc0,"Ben Jaszczak, Brian Nelson, Kevin Heras, Matthew Nanney (The Free Firearm Sound Library)",https://opengameart.org/content/the-free-firearm-sound-library,CC0 1.0,YES,"jar FRONTIER_AUDIO_CREDITS.txt DEV23 section (lines 182-198); audio-provenance/firearms-dev23.json (names only, no hashes); base jar"
equipment/v2/revolver_shot_suppressed_1.ogg,base,ffsl-cc0,"Ben Jaszczak, Brian Nelson, Kevin Heras, Matthew Nanney (The Free Firearm Sound Library)",https://opengameart.org/content/the-free-firearm-sound-library,CC0 1.0,YES,"jar FRONTIER_AUDIO_CREDITS.txt DEV23 section (lines 182-198); audio-provenance/firearms-dev23.json (names only, no hashes); base jar"
equipment/v2/ridgeline_b_shot_0.ogg,base,ffsl-cc0,"Ben Jaszczak, Brian Nelson, Kevin Heras, Matthew Nanney (The Free Firearm Sound Library)",https://opengameart.org/content/the-free-firearm-sound-library,CC0 1.0,YES,"jar FRONTIER_AUDIO_CREDITS.txt DEV23 section (lines 182-198); audio-provenance/firearms-dev23.json (names only, no hashes); base jar"
equipment/v2/ridgeline_b_shot_1.ogg,base,ffsl-cc0,"Ben Jaszczak, Brian Nelson, Kevin Heras, Matthew Nanney (The Free Firearm Sound Library)",https://opengameart.org/content/the-free-firearm-sound-library,CC0 1.0,YES,"jar FRONTIER_AUDIO_CREDITS.txt DEV23 section (lines 182-198); audio-provenance/firearms-dev23.json (names only, no hashes); base jar"
equipment/v2/ridgeline_b_shot_2.ogg,base,ffsl-cc0,"Ben Jaszczak, Brian Nelson, Kevin Heras, Matthew Nanney (The Free Firearm Sound Library)",https://opengameart.org/content/the-free-firearm-sound-library,CC0 1.0,YES,"jar FRONTIER_AUDIO_CREDITS.txt DEV23 section (lines 182-198); audio-provenance/firearms-dev23.json (names only, no hashes); base jar"
equipment/v2/ridgeline_b_shot_3.ogg,base,ffsl-cc0,"Ben Jaszczak, Brian Nelson, Kevin Heras, Matthew Nanney (The Free Firearm Sound Library)",https://opengameart.org/content/the-free-firearm-sound-library,CC0 1.0,YES,"jar FRONTIER_AUDIO_CREDITS.txt DEV23 section (lines 182-198); audio-provenance/firearms-dev23.json (names only, no hashes); base jar"
equipment/v2/ridgeline_b_shot_far_0.ogg,base,ffsl-cc0,"Ben Jaszczak, Brian Nelson, Kevin Heras, Matthew Nanney (The Free Firearm Sound Library)",https://opengameart.org/content/the-free-firearm-sound-library,CC0 1.0,YES,"jar FRONTIER_AUDIO_CREDITS.txt DEV23 section (lines 182-198); audio-provenance/firearms-dev23.json (names only, no hashes); base jar"
equipment/v2/ridgeline_b_shot_far_1.ogg,base,ffsl-cc0,"Ben Jaszczak, Brian Nelson, Kevin Heras, Matthew Nanney (The Free Firearm Sound Library)",https://opengameart.org/content/the-free-firearm-sound-library,CC0 1.0,YES,"jar FRONTIER_AUDIO_CREDITS.txt DEV23 section (lines 182-198); audio-provenance/firearms-dev23.json (names only, no hashes); base jar"
equipment/v2/ridgeline_shot_0.ogg,base,ffsl-cc0,"Ben Jaszczak, Brian Nelson, Kevin Heras, Matthew Nanney (The Free Firearm Sound Library)",https://opengameart.org/content/the-free-firearm-sound-library,CC0 1.0,YES,"jar FRONTIER_AUDIO_CREDITS.txt DEV23 section (lines 182-198); audio-provenance/firearms-dev23.json (names only, no hashes); base jar"
equipment/v2/ridgeline_shot_1.ogg,base,ffsl-cc0,"Ben Jaszczak, Brian Nelson, Kevin Heras, Matthew Nanney (The Free Firearm Sound Library)",https://opengameart.org/content/the-free-firearm-sound-library,CC0 1.0,YES,"jar FRONTIER_AUDIO_CREDITS.txt DEV23 section (lines 182-198); audio-provenance/firearms-dev23.json (names only, no hashes); base jar"
equipment/v2/ridgeline_shot_2.ogg,base,ffsl-cc0,"Ben Jaszczak, Brian Nelson, Kevin Heras, Matthew Nanney (The Free Firearm Sound Library)",https://opengameart.org/content/the-free-firearm-sound-library,CC0 1.0,YES,"jar FRONTIER_AUDIO_CREDITS.txt DEV23 section (lines 182-198); audio-provenance/firearms-dev23.json (names only, no hashes); base jar"
equipment/v2/ridgeline_shot_3.ogg,base,ffsl-cc0,"Ben Jaszczak, Brian Nelson, Kevin Heras, Matthew Nanney (The Free Firearm Sound Library)",https://opengameart.org/content/the-free-firearm-sound-library,CC0 1.0,YES,"jar FRONTIER_AUDIO_CREDITS.txt DEV23 section (lines 182-198); audio-provenance/firearms-dev23.json (names only, no hashes); base jar"
equipment/v2/ridgeline_shot_far_0.ogg,base,ffsl-cc0,"Ben Jaszczak, Brian Nelson, Kevin Heras, Matthew Nanney (The Free Firearm Sound Library)",https://opengameart.org/content/the-free-firearm-sound-library,CC0 1.0,YES,"jar FRONTIER_AUDIO_CREDITS.txt DEV23 section (lines 182-198); audio-provenance/firearms-dev23.json (names only, no hashes); base jar"
equipment/v2/ridgeline_shot_far_1.ogg,base,ffsl-cc0,"Ben Jaszczak, Brian Nelson, Kevin Heras, Matthew Nanney (The Free Firearm Sound Library)",https://opengameart.org/content/the-free-firearm-sound-library,CC0 1.0,YES,"jar FRONTIER_AUDIO_CREDITS.txt DEV23 section (lines 182-198); audio-provenance/firearms-dev23.json (names only, no hashes); base jar"
equipment/v2/semi_auto_rifle_shot_0.ogg,base,ffsl-cc0,"Ben Jaszczak, Brian Nelson, Kevin Heras, Matthew Nanney (The Free Firearm Sound Library)",https://opengameart.org/content/the-free-firearm-sound-library,CC0 1.0,YES,"jar FRONTIER_AUDIO_CREDITS.txt DEV23 section (lines 182-198); audio-provenance/firearms-dev23.json (names only, no hashes); base jar"
equipment/v2/semi_auto_rifle_shot_1.ogg,base,ffsl-cc0,"Ben Jaszczak, Brian Nelson, Kevin Heras, Matthew Nanney (The Free Firearm Sound Library)",https://opengameart.org/content/the-free-firearm-sound-library,CC0 1.0,YES,"jar FRONTIER_AUDIO_CREDITS.txt DEV23 section (lines 182-198); audio-provenance/firearms-dev23.json (names only, no hashes); base jar"
equipment/v2/semi_auto_rifle_shot_2.ogg,base,ffsl-cc0,"Ben Jaszczak, Brian Nelson, Kevin Heras, Matthew Nanney (The Free Firearm Sound Library)",https://opengameart.org/content/the-free-firearm-sound-library,CC0 1.0,YES,"jar FRONTIER_AUDIO_CREDITS.txt DEV23 section (lines 182-198); audio-provenance/firearms-dev23.json (names only, no hashes); base jar"
equipment/v2/semi_auto_rifle_shot_3.ogg,base,ffsl-cc0,"Ben Jaszczak, Brian Nelson, Kevin Heras, Matthew Nanney (The Free Firearm Sound Library)",https://opengameart.org/content/the-free-firearm-sound-library,CC0 1.0,YES,"jar FRONTIER_AUDIO_CREDITS.txt DEV23 section (lines 182-198); audio-provenance/firearms-dev23.json (names only, no hashes); base jar"
equipment/v2/semi_auto_rifle_shot_far_0.ogg,base,ffsl-cc0,"Ben Jaszczak, Brian Nelson, Kevin Heras, Matthew Nanney (The Free Firearm Sound Library)",https://opengameart.org/content/the-free-firearm-sound-library,CC0 1.0,YES,"jar FRONTIER_AUDIO_CREDITS.txt DEV23 section (lines 182-198); audio-provenance/firearms-dev23.json (names only, no hashes); base jar"
equipment/v2/semi_auto_rifle_shot_far_1.ogg,base,ffsl-cc0,"Ben Jaszczak, Brian Nelson, Kevin Heras, Matthew Nanney (The Free Firearm Sound Library)",https://opengameart.org/content/the-free-firearm-sound-library,CC0 1.0,YES,"jar FRONTIER_AUDIO_CREDITS.txt DEV23 section (lines 182-198); audio-provenance/firearms-dev23.json (names only, no hashes); base jar"
equipment/v2/semi_auto_rifle_shot_suppressed_0.ogg,base,ffsl-cc0,"Ben Jaszczak, Brian Nelson, Kevin Heras, Matthew Nanney (The Free Firearm Sound Library)",https://opengameart.org/content/the-free-firearm-sound-library,CC0 1.0,YES,"jar FRONTIER_AUDIO_CREDITS.txt DEV23 section (lines 182-198); audio-provenance/firearms-dev23.json (names only, no hashes); base jar"
equipment/v2/semi_auto_rifle_shot_suppressed_1.ogg,base,ffsl-cc0,"Ben Jaszczak, Brian Nelson, Kevin Heras, Matthew Nanney (The Free Firearm Sound Library)",https://opengameart.org/content/the-free-firearm-sound-library,CC0 1.0,YES,"jar FRONTIER_AUDIO_CREDITS.txt DEV23 section (lines 182-198); audio-provenance/firearms-dev23.json (names only, no hashes); base jar"
equipment/v2/semi_auto_shotgun_shot_0.ogg,base,ffsl-cc0,"Ben Jaszczak, Brian Nelson, Kevin Heras, Matthew Nanney (The Free Firearm Sound Library)",https://opengameart.org/content/the-free-firearm-sound-library,CC0 1.0,YES,"jar FRONTIER_AUDIO_CREDITS.txt DEV23 section (lines 182-198); audio-provenance/firearms-dev23.json (names only, no hashes); base jar"
equipment/v2/semi_auto_shotgun_shot_1.ogg,base,ffsl-cc0,"Ben Jaszczak, Brian Nelson, Kevin Heras, Matthew Nanney (The Free Firearm Sound Library)",https://opengameart.org/content/the-free-firearm-sound-library,CC0 1.0,YES,"jar FRONTIER_AUDIO_CREDITS.txt DEV23 section (lines 182-198); audio-provenance/firearms-dev23.json (names only, no hashes); base jar"
equipment/v2/semi_auto_shotgun_shot_2.ogg,base,ffsl-cc0,"Ben Jaszczak, Brian Nelson, Kevin Heras, Matthew Nanney (The Free Firearm Sound Library)",https://opengameart.org/content/the-free-firearm-sound-library,CC0 1.0,YES,"jar FRONTIER_AUDIO_CREDITS.txt DEV23 section (lines 182-198); audio-provenance/firearms-dev23.json (names only, no hashes); base jar"
equipment/v2/semi_auto_shotgun_shot_3.ogg,base,ffsl-cc0,"Ben Jaszczak, Brian Nelson, Kevin Heras, Matthew Nanney (The Free Firearm Sound Library)",https://opengameart.org/content/the-free-firearm-sound-library,CC0 1.0,YES,"jar FRONTIER_AUDIO_CREDITS.txt DEV23 section (lines 182-198); audio-provenance/firearms-dev23.json (names only, no hashes); base jar"
equipment/v2/semi_auto_shotgun_shot_far_0.ogg,base,ffsl-cc0,"Ben Jaszczak, Brian Nelson, Kevin Heras, Matthew Nanney (The Free Firearm Sound Library)",https://opengameart.org/content/the-free-firearm-sound-library,CC0 1.0,YES,"jar FRONTIER_AUDIO_CREDITS.txt DEV23 section (lines 182-198); audio-provenance/firearms-dev23.json (names only, no hashes); base jar"
equipment/v2/semi_auto_shotgun_shot_far_1.ogg,base,ffsl-cc0,"Ben Jaszczak, Brian Nelson, Kevin Heras, Matthew Nanney (The Free Firearm Sound Library)",https://opengameart.org/content/the-free-firearm-sound-library,CC0 1.0,YES,"jar FRONTIER_AUDIO_CREDITS.txt DEV23 section (lines 182-198); audio-provenance/firearms-dev23.json (names only, no hashes); base jar"
equipment/v2/semi_auto_shotgun_shot_suppressed_0.ogg,base,ffsl-cc0,"Ben Jaszczak, Brian Nelson, Kevin Heras, Matthew Nanney (The Free Firearm Sound Library)",https://opengameart.org/content/the-free-firearm-sound-library,CC0 1.0,YES,"jar FRONTIER_AUDIO_CREDITS.txt DEV23 section (lines 182-198); audio-provenance/firearms-dev23.json (names only, no hashes); base jar"
equipment/v2/semi_auto_shotgun_shot_suppressed_1.ogg,base,ffsl-cc0,"Ben Jaszczak, Brian Nelson, Kevin Heras, Matthew Nanney (The Free Firearm Sound Library)",https://opengameart.org/content/the-free-firearm-sound-library,CC0 1.0,YES,"jar FRONTIER_AUDIO_CREDITS.txt DEV23 section (lines 182-198); audio-provenance/firearms-dev23.json (names only, no hashes); base jar"
equipment/wind_puff.ogg,base,dev32-synth,Frontier Hunts,tools/dev32/calls.py (author PC),Original synthesis for Frontier Hunts (mod licence),YES,jar FRONTIER_AUDIO_CREDITS.txt lines 87-95 (dev.32 synthesis); AGENTS.md:275; base jar (the other dev.32 files in that entry were replaced)
hunts/duck_call_0.ogg,patch,nps-mallard,U.S. National Park Service (recording: mallard hen quacks),https://www.nps.gov (NPS park sound library; exact page not recorded),Public domain (U.S. National Park Service),YES,docs/ws/calls.md mapping table duck_call rows;; jar assets/frontierhunts/CREDITS-SOUNDS.txt (NPS section); commit 580ae18 (gear.14 calls); bytes = repo patch/
hunts/duck_call_1.ogg,patch,nps-mallard,U.S. National Park Service (recording: mallard hen quacks),https://www.nps.gov (NPS park sound library; exact page not recorded),Public domain (U.S. National Park Service),YES,docs/ws/calls.md mapping table duck_call rows;; jar assets/frontierhunts/CREDITS-SOUNDS.txt (NPS section); commit 580ae18 (gear.14 calls); bytes = repo patch/
hunts/duck_call_2.ogg,patch,nps-mallard,U.S. National Park Service (recording: mallard hen quacks),https://www.nps.gov (NPS park sound library; exact page not recorded),Public domain (U.S. National Park Service),YES,docs/ws/calls.md mapping table duck_call rows;; jar assets/frontierhunts/CREDITS-SOUNDS.txt (NPS section); commit 580ae18 (gear.14 calls); bytes = repo patch/
killcam/flight.ogg,patch,killcam-synth,Frontier Hunts,tools/killcam/synth_audio.py,Original synthesis for Frontier Hunts (mod licence),YES,"docs/ws/killcam.md:49 ""Audio (original, synthesized)""; commit a8f1b71"
killcam/heartbeat.ogg,patch,killcam-synth,Frontier Hunts,tools/killcam/synth_audio.py,Original synthesis for Frontier Hunts (mod licence),YES,"docs/ws/killcam.md:49 ""Audio (original, synthesized)""; commit a8f1b71"
killcam/impact.ogg,patch,killcam-synth,Frontier Hunts,tools/killcam/synth_audio.py,Original synthesis for Frontier Hunts (mod licence),YES,"docs/ws/killcam.md:49 ""Audio (original, synthesized)""; commit a8f1b71"
killcam/impact_arrow.ogg,patch,killcam-synth,Frontier Hunts,tools/killcam/synth_audio.py,Original synthesis for Frontier Hunts (mod licence),YES,"docs/ws/killcam.md:49 ""Audio (original, synthesized)""; commit a8f1b71"
killcam/return.ogg,patch,killcam-synth,Frontier Hunts,tools/killcam/synth_audio.py,Original synthesis for Frontier Hunts (mod licence),YES,"docs/ws/killcam.md:49 ""Audio (original, synthesized)""; commit a8f1b71"
killcam/slowmo_in.ogg,patch,killcam-synth,Frontier Hunts,tools/killcam/synth_audio.py,Original synthesis for Frontier Hunts (mod licence),YES,"docs/ws/killcam.md:49 ""Audio (original, synthesized)""; commit a8f1b71"
killcam/thud.ogg,patch,killcam-synth,Frontier Hunts,tools/killcam/synth_audio.py,Original synthesis for Frontier Hunts (mod licence),YES,"docs/ws/killcam.md:49 ""Audio (original, synthesized)""; commit a8f1b71"
killcam/xray.ogg,patch,killcam-synth,Frontier Hunts,tools/killcam/synth_audio.py,Original synthesis for Frontier Hunts (mod licence),YES,"docs/ws/killcam.md:49 ""Audio (original, synthesized)""; commit a8f1b71"
licence/punch_0.ogg,patch,licence-campcook-synth,Frontier Hunts,tools/licence/audio.py,Original synthesis for Frontier Hunts (mod licence),YES,"tools/licence/audio.py docstring ""Original synthesized sounds""; commit 9eb5c77"
licence/punch_1.ogg,patch,licence-campcook-synth,Frontier Hunts,tools/licence/audio.py,Original synthesis for Frontier Hunts (mod licence),YES,"tools/licence/audio.py docstring ""Original synthesized sounds""; commit 9eb5c77"
licence/stamp_0.ogg,patch,licence-campcook-synth,Frontier Hunts,tools/licence/audio.py,Original synthesis for Frontier Hunts (mod licence),YES,"tools/licence/audio.py docstring ""Original synthesized sounds""; commit 9eb5c77"
licence/stamp_1.ogg,patch,licence-campcook-synth,Frontier Hunts,tools/licence/audio.py,Original synthesis for Frontier Hunts (mod licence),YES,"tools/licence/audio.py docstring ""Original synthesized sounds""; commit 9eb5c77"
licence/warden.ogg,patch,licence-campcook-synth,Frontier Hunts,tools/licence/audio.py,Original synthesis for Frontier Hunts (mod licence),YES,"tools/licence/audio.py docstring ""Original synthesized sounds""; commit 9eb5c77"
optic/zoom_click_0.ogg,patch,scope-synth,Frontier Hunts,tools/gen_scope_audio.py,Original synthesis for Frontier Hunts (mod licence),YES,docs/ws/scope.md:37; tools/gen_scope_audio.py docstring; commit 787e7fe
optic/zoom_click_1.ogg,patch,scope-synth,Frontier Hunts,tools/gen_scope_audio.py,Original synthesis for Frontier Hunts (mod licence),YES,docs/ws/scope.md:37; tools/gen_scope_audio.py docstring; commit 787e7fe
optic/zoom_stop.ogg,patch,scope-synth,Frontier Hunts,tools/gen_scope_audio.py,Original synthesis for Frontier Hunts (mod licence),YES,docs/ws/scope.md:37; tools/gen_scope_audio.py docstring; commit 787e7fe
ride/atv_crank.ogg,patch,atvfuel-synth,Frontier Hunts,tools/atvfuel_audio.py,Original synthesis for Frontier Hunts (mod licence),YES,"tools/atvfuel_audio.py docstring (synthesis; stall/sputter resample the mod's own atv_engine.ogg, itself ride27 synthesis); docs/ws/atvfuel.md:75; commit 60c7a08"
ride/atv_engine.ogg,base,ride-synth,Frontier Hunts,audio/ride27.py (author PC),Original synthesis for Frontier Hunts (mod licence),YES,"AGENTS.md:40 ""Sounds by audio/ride27.py (wingsuit_flutter, canopy_open, V-twin)""; base jar"
ride/atv_engine_high.ogg,base,ride-synth,Frontier Hunts,audio/ride27.py (author PC),Original synthesis for Frontier Hunts (mod licence),YES,"AGENTS.md:40 ""Sounds by audio/ride27.py (wingsuit_flutter, canopy_open, V-twin)""; base jar"
ride/atv_sputter_1.ogg,patch,atvfuel-synth,Frontier Hunts,tools/atvfuel_audio.py,Original synthesis for Frontier Hunts (mod licence),YES,"tools/atvfuel_audio.py docstring (synthesis; stall/sputter resample the mod's own atv_engine.ogg, itself ride27 synthesis); docs/ws/atvfuel.md:75; commit 60c7a08"
ride/atv_sputter_2.ogg,patch,atvfuel-synth,Frontier Hunts,tools/atvfuel_audio.py,Original synthesis for Frontier Hunts (mod licence),YES,"tools/atvfuel_audio.py docstring (synthesis; stall/sputter resample the mod's own atv_engine.ogg, itself ride27 synthesis); docs/ws/atvfuel.md:75; commit 60c7a08"
ride/atv_stall.ogg,patch,atvfuel-synth,Frontier Hunts,tools/atvfuel_audio.py,Original synthesis for Frontier Hunts (mod licence),YES,"tools/atvfuel_audio.py docstring (synthesis; stall/sputter resample the mod's own atv_engine.ogg, itself ride27 synthesis); docs/ws/atvfuel.md:75; commit 60c7a08"
ride/atv_start.ogg,base,ride-synth,Frontier Hunts,audio/ride26.py (author PC),Original synthesis for Frontier Hunts (mod licence),YES,"AGENTS.md:41 ""Sounds (audio/ride26.py, original synthesis): atv_engine, atv_start/stop, horse_whistle, glider_open/fold/wind""; base jar"
ride/atv_stop.ogg,base,ride-synth,Frontier Hunts,audio/ride26.py (author PC),Original synthesis for Frontier Hunts (mod licence),YES,"AGENTS.md:41 ""Sounds (audio/ride26.py, original synthesis): atv_engine, atv_start/stop, horse_whistle, glider_open/fold/wind""; base jar"
ride/atv_water_churn.ogg,patch,atv2-water-synth,Frontier Hunts,tools/atv2_audio.py,Original synthesis for Frontier Hunts (mod licence),YES,"tools/atv2_audio.py docstring ""Synthesised water sounds (original)""; docs/ws/atv2.md:92; commit fa61af8"
ride/atv_water_flood.ogg,patch,atv2-water-synth,Frontier Hunts,tools/atv2_audio.py,Original synthesis for Frontier Hunts (mod licence),YES,"tools/atv2_audio.py docstring ""Synthesised water sounds (original)""; docs/ws/atv2.md:92; commit fa61af8"
ride/atv_water_slosh_1.ogg,patch,atv2-water-synth,Frontier Hunts,tools/atv2_audio.py,Original synthesis for Frontier Hunts (mod licence),YES,"tools/atv2_audio.py docstring ""Synthesised water sounds (original)""; docs/ws/atv2.md:92; commit fa61af8"
ride/atv_water_slosh_2.ogg,patch,atv2-water-synth,Frontier Hunts,tools/atv2_audio.py,Original synthesis for Frontier Hunts (mod licence),YES,"tools/atv2_audio.py docstring ""Synthesised water sounds (original)""; docs/ws/atv2.md:92; commit fa61af8"
ride/atv_water_slosh_3.ogg,patch,atv2-water-synth,Frontier Hunts,tools/atv2_audio.py,Original synthesis for Frontier Hunts (mod licence),YES,"tools/atv2_audio.py docstring ""Synthesised water sounds (original)""; docs/ws/atv2.md:92; commit fa61af8"
ride/atv_water_splash_1.ogg,patch,atv2-water-synth,Frontier Hunts,tools/atv2_audio.py,Original synthesis for Frontier Hunts (mod licence),YES,"tools/atv2_audio.py docstring ""Synthesised water sounds (original)""; docs/ws/atv2.md:92; commit fa61af8"
ride/atv_water_splash_2.ogg,patch,atv2-water-synth,Frontier Hunts,tools/atv2_audio.py,Original synthesis for Frontier Hunts (mod licence),YES,"tools/atv2_audio.py docstring ""Synthesised water sounds (original)""; docs/ws/atv2.md:92; commit fa61af8"
ride/atv_water_splash_3.ogg,patch,atv2-water-synth,Frontier Hunts,tools/atv2_audio.py,Original synthesis for Frontier Hunts (mod licence),YES,"tools/atv2_audio.py docstring ""Synthesised water sounds (original)""; docs/ws/atv2.md:92; commit fa61af8"
ride/atv_water_spray.ogg,patch,atv2-water-synth,Frontier Hunts,tools/atv2_audio.py,Original synthesis for Frontier Hunts (mod licence),YES,"tools/atv2_audio.py docstring ""Synthesised water sounds (original)""; docs/ws/atv2.md:92; commit fa61af8"
ride/atv_whine.ogg,base,ride-synth,Frontier Hunts,audio/ride27.py (author PC),Original synthesis for Frontier Hunts (mod licence),YES,"AGENTS.md:40 ""Sounds by audio/ride27.py (wingsuit_flutter, canopy_open, V-twin)""; base jar"
ride/canopy_open.ogg,base,ride-synth,Frontier Hunts,audio/ride27.py (author PC),Original synthesis for Frontier Hunts (mod licence),YES,"AGENTS.md:40 ""Sounds by audio/ride27.py (wingsuit_flutter, canopy_open, V-twin)""; base jar"
ride/fuel_pour_1.ogg,patch,atvfuel-synth,Frontier Hunts,tools/atvfuel_audio.py,Original synthesis for Frontier Hunts (mod licence),YES,"tools/atvfuel_audio.py docstring (synthesis; stall/sputter resample the mod's own atv_engine.ogg, itself ride27 synthesis); docs/ws/atvfuel.md:75; commit 60c7a08"
ride/fuel_pour_2.ogg,patch,atvfuel-synth,Frontier Hunts,tools/atvfuel_audio.py,Original synthesis for Frontier Hunts (mod licence),YES,"tools/atvfuel_audio.py docstring (synthesis; stall/sputter resample the mod's own atv_engine.ogg, itself ride27 synthesis); docs/ws/atvfuel.md:75; commit 60c7a08"
ride/fuel_pour_3.ogg,patch,atvfuel-synth,Frontier Hunts,tools/atvfuel_audio.py,Original synthesis for Frontier Hunts (mod licence),YES,"tools/atvfuel_audio.py docstring (synthesis; stall/sputter resample the mod's own atv_engine.ogg, itself ride27 synthesis); docs/ws/atvfuel.md:75; commit 60c7a08"
ride/glider_fold.ogg,base,ride-synth,Frontier Hunts,audio/ride26.py (author PC),Original synthesis for Frontier Hunts (mod licence),YES,"AGENTS.md:41 ""Sounds (audio/ride26.py, original synthesis): atv_engine, atv_start/stop, horse_whistle, glider_open/fold/wind""; base jar"
ride/glider_open.ogg,base,ride-synth,Frontier Hunts,audio/ride26.py (author PC),Original synthesis for Frontier Hunts (mod licence),YES,"AGENTS.md:41 ""Sounds (audio/ride26.py, original synthesis): atv_engine, atv_start/stop, horse_whistle, glider_open/fold/wind""; base jar"
ride/glider_wind.ogg,base,ride-synth,Frontier Hunts,audio/ride26.py (author PC),Original synthesis for Frontier Hunts (mod licence),YES,"AGENTS.md:41 ""Sounds (audio/ride26.py, original synthesis): atv_engine, atv_start/stop, horse_whistle, glider_open/fold/wind""; base jar"
ride/horse_whistle.ogg,base,ride-synth,Frontier Hunts,audio/ride26.py (author PC),Original synthesis for Frontier Hunts (mod licence),YES,"AGENTS.md:41 ""Sounds (audio/ride26.py, original synthesis): atv_engine, atv_start/stop, horse_whistle, glider_open/fold/wind""; base jar"
ride/jerry_can_fill.ogg,patch,atvfuel-synth,Frontier Hunts,tools/atvfuel_audio.py,Original synthesis for Frontier Hunts (mod licence),YES,"tools/atvfuel_audio.py docstring (synthesis; stall/sputter resample the mod's own atv_engine.ogg, itself ride27 synthesis); docs/ws/atvfuel.md:75; commit 60c7a08"
ride/rig_attach.ogg,patch,atvfuel-synth,Frontier Hunts,tools/atvfuel_audio.py,Original synthesis for Frontier Hunts (mod licence),YES,"tools/atvfuel_audio.py docstring (synthesis; stall/sputter resample the mod's own atv_engine.ogg, itself ride27 synthesis); docs/ws/atvfuel.md:75; commit 60c7a08"
ride/wingsuit_flutter.ogg,base,ride-synth,Frontier Hunts,audio/ride27.py (author PC),Original synthesis for Frontier Hunts (mod licence),YES,"AGENTS.md:40 ""Sounds by audio/ride27.py (wingsuit_flutter, canopy_open, V-twin)""; base jar"
rifle_dry.ogg,base,gary-guns-bysa,"Gary / fossilrecords.net, hosted by qubodup on OpenGameArt",https://opengameart.org/content/handling-guns,CC BY-SA 3.0,YES-SHAREALIKE,jar FRONTIER_AUDIO_CREDITS.txt lines 13-19; base jar
rifle_lock.ogg,base,gary-guns-bysa,"Gary / fossilrecords.net, hosted by qubodup on OpenGameArt",https://opengameart.org/content/handling-guns,CC BY-SA 3.0,YES-SHAREALIKE,jar FRONTIER_AUDIO_CREDITS.txt lines 13-19; base jar
rifle_mag_in.ogg,base,gary-guns-bysa,"Gary / fossilrecords.net, hosted by qubodup on OpenGameArt",https://opengameart.org/content/handling-guns,CC BY-SA 3.0,YES-SHAREALIKE,jar FRONTIER_AUDIO_CREDITS.txt lines 13-19; base jar
rifle_mag_out.ogg,base,gary-guns-bysa,"Gary / fossilrecords.net, hosted by qubodup on OpenGameArt",https://opengameart.org/content/handling-guns,CC BY-SA 3.0,YES-SHAREALIKE,jar FRONTIER_AUDIO_CREDITS.txt lines 13-19; base jar
rifle_pull.ogg,base,gary-guns-bysa,"Gary / fossilrecords.net, hosted by qubodup on OpenGameArt",https://opengameart.org/content/handling-guns,CC BY-SA 3.0,YES-SHAREALIKE,jar FRONTIER_AUDIO_CREDITS.txt lines 13-19; base jar
rifle_push.ogg,base,gary-guns-bysa,"Gary / fossilrecords.net, hosted by qubodup on OpenGameArt",https://opengameart.org/content/handling-guns,CC BY-SA 3.0,YES-SHAREALIKE,jar FRONTIER_AUDIO_CREDITS.txt lines 13-19; base jar
rifle_shot.ogg,base,ffsl-cc0,"Ben Jaszczak, Brian Nelson, Kevin Heras, Matthew Nanney (The Free Firearm Sound Library)",https://opengameart.org/content/the-free-firearm-sound-library,CC0 1.0,YES,"jar FRONTIER_AUDIO_CREDITS.txt lines 6-11 (1917/B_24P, B_16P); base jar"
rifle_shot_alt.ogg,base,ffsl-cc0,"Ben Jaszczak, Brian Nelson, Kevin Heras, Matthew Nanney (The Free Firearm Sound Library)",https://opengameart.org/content/the-free-firearm-sound-library,CC0 1.0,YES,"jar FRONTIER_AUDIO_CREDITS.txt lines 6-11 (1917/B_24P, B_16P); base jar"
rifle_unlock.ogg,base,gary-guns-bysa,"Gary / fossilrecords.net, hosted by qubodup on OpenGameArt",https://opengameart.org/content/handling-guns,CC BY-SA 3.0,YES-SHAREALIKE,jar FRONTIER_AUDIO_CREDITS.txt lines 13-19; base jar
rutfight/clash_0.ogg,patch,nps-elk-sparring,U.S. National Park Service (recording: elk sparring),https://www.nps.gov (NPS park sound library; exact page not recorded),Public domain (U.S. National Park Service),YES,docs/ws/calls.md mapping table deer_antler_clash/grind rows;; jar assets/frontierhunts/CREDITS-SOUNDS.txt (NPS section); commit 580ae18 (gear.14 calls); bytes = repo patch/
rutfight/clash_1.ogg,patch,nps-elk-sparring,U.S. National Park Service (recording: elk sparring),https://www.nps.gov (NPS park sound library; exact page not recorded),Public domain (U.S. National Park Service),YES,docs/ws/calls.md mapping table deer_antler_clash/grind rows;; jar assets/frontierhunts/CREDITS-SOUNDS.txt (NPS section); commit 580ae18 (gear.14 calls); bytes = repo patch/
rutfight/clash_2.ogg,patch,nps-elk-sparring,U.S. National Park Service (recording: elk sparring),https://www.nps.gov (NPS park sound library; exact page not recorded),Public domain (U.S. National Park Service),YES,docs/ws/calls.md mapping table deer_antler_clash/grind rows;; jar assets/frontierhunts/CREDITS-SOUNDS.txt (NPS section); commit 580ae18 (gear.14 calls); bytes = repo patch/
rutfight/clash_3.ogg,patch,nps-elk-sparring,U.S. National Park Service (recording: elk sparring),https://www.nps.gov (NPS park sound library; exact page not recorded),Public domain (U.S. National Park Service),YES,docs/ws/calls.md mapping table deer_antler_clash/grind rows;; jar assets/frontierhunts/CREDITS-SOUNDS.txt (NPS section); commit 580ae18 (gear.14 calls); bytes = repo patch/
rutfight/grind_0.ogg,patch,nps-elk-sparring,U.S. National Park Service (recording: elk sparring),https://www.nps.gov (NPS park sound library; exact page not recorded),Public domain (U.S. National Park Service),YES,docs/ws/calls.md mapping table deer_antler_clash/grind rows;; jar assets/frontierhunts/CREDITS-SOUNDS.txt (NPS section); commit 580ae18 (gear.14 calls); bytes = repo patch/
rutfight/grind_1.ogg,patch,nps-elk-sparring,U.S. National Park Service (recording: elk sparring),https://www.nps.gov (NPS park sound library; exact page not recorded),Public domain (U.S. National Park Service),YES,docs/ws/calls.md mapping table deer_antler_clash/grind rows;; jar assets/frontierhunts/CREDITS-SOUNDS.txt (NPS section); commit 580ae18 (gear.14 calls); bytes = repo patch/
rutfight/grind_2.ogg,patch,nps-elk-sparring,U.S. National Park Service (recording: elk sparring),https://www.nps.gov (NPS park sound library; exact page not recorded),Public domain (U.S. National Park Service),YES,docs/ws/calls.md mapping table deer_antler_clash/grind rows;; jar assets/frontierhunts/CREDITS-SOUNDS.txt (NPS section); commit 580ae18 (gear.14 calls); bytes = repo patch/
weather/blizzard_loop.ogg,patch,weather-synth,Frontier Hunts,tools/gen_weather_audio.py,Original synthesis for Frontier Hunts (mod licence),YES,"tools/gen_weather_audio.py docstring ""Original synthesized storm audio""; commit f2c92f9"
weather/dust_loop.ogg,patch,weather-synth,Frontier Hunts,tools/gen_weather_audio.py,Original synthesis for Frontier Hunts (mod licence),YES,"tools/gen_weather_audio.py docstring ""Original synthesized storm audio""; commit f2c92f9"
weather/gust_howl_0.ogg,patch,weather-synth,Frontier Hunts,tools/gen_weather_audio.py,Original synthesis for Frontier Hunts (mod licence),YES,"tools/gen_weather_audio.py docstring ""Original synthesized storm audio""; commit f2c92f9"
weather/gust_howl_1.ogg,patch,weather-synth,Frontier Hunts,tools/gen_weather_audio.py,Original synthesis for Frontier Hunts (mod licence),YES,"tools/gen_weather_audio.py docstring ""Original synthesized storm audio""; commit f2c92f9"
weather/gust_howl_2.ogg,patch,weather-synth,Frontier Hunts,tools/gen_weather_audio.py,Original synthesis for Frontier Hunts (mod licence),YES,"tools/gen_weather_audio.py docstring ""Original synthesized storm audio""; commit f2c92f9"
weather/gust_rush_0.ogg,patch,weather-synth,Frontier Hunts,tools/gen_weather_audio.py,Original synthesis for Frontier Hunts (mod licence),YES,"tools/gen_weather_audio.py docstring ""Original synthesized storm audio""; commit f2c92f9"
weather/gust_rush_1.ogg,patch,weather-synth,Frontier Hunts,tools/gen_weather_audio.py,Original synthesis for Frontier Hunts (mod licence),YES,"tools/gen_weather_audio.py docstring ""Original synthesized storm audio""; commit f2c92f9"
weather/gust_rush_2.ogg,patch,weather-synth,Frontier Hunts,tools/gen_weather_audio.py,Original synthesis for Frontier Hunts (mod licence),YES,"tools/gen_weather_audio.py docstring ""Original synthesized storm audio""; commit f2c92f9"
weather/muffled_blizzard_loop.ogg,patch,weather-synth,Frontier Hunts,tools/shelter/gen_muffled_audio.py,Original synthesis for Frontier Hunts (mod licence),YES,docs/ws/shelter.md:51-53 (low-passed versions of the mod's own synthesized storm audio); commit 6983404
weather/muffled_dust_loop.ogg,patch,weather-synth,Frontier Hunts,tools/shelter/gen_muffled_audio.py,Original synthesis for Frontier Hunts (mod licence),YES,docs/ws/shelter.md:51-53 (low-passed versions of the mod's own synthesized storm audio); commit 6983404
weather/muffled_gust_0.ogg,patch,weather-synth,Frontier Hunts,tools/shelter/gen_muffled_audio.py,Original synthesis for Frontier Hunts (mod licence),YES,docs/ws/shelter.md:51-53 (low-passed versions of the mod's own synthesized storm audio); commit 6983404
weather/muffled_gust_1.ogg,patch,weather-synth,Frontier Hunts,tools/shelter/gen_muffled_audio.py,Original synthesis for Frontier Hunts (mod licence),YES,docs/ws/shelter.md:51-53 (low-passed versions of the mod's own synthesized storm audio); commit 6983404
weather/muffled_gust_2.ogg,patch,weather-synth,Frontier Hunts,tools/shelter/gen_muffled_audio.py,Original synthesis for Frontier Hunts (mod licence),YES,docs/ws/shelter.md:51-53 (low-passed versions of the mod's own synthesized storm audio); commit 6983404
weather/muffled_rain_loop.ogg,patch,weather-synth,Frontier Hunts,tools/shelter/gen_muffled_audio.py,Original synthesis for Frontier Hunts (mod licence),YES,docs/ws/shelter.md:51-53 (low-passed versions of the mod's own synthesized storm audio); commit 6983404
weather/muffled_wind_loop.ogg,patch,weather-synth,Frontier Hunts,tools/shelter/gen_muffled_audio.py,Original synthesis for Frontier Hunts (mod licence),YES,docs/ws/shelter.md:51-53 (low-passed versions of the mod's own synthesized storm audio); commit 6983404
weather/rain_loop.ogg,patch,weather-synth,Frontier Hunts,tools/gen_weather_audio.py,Original synthesis for Frontier Hunts (mod licence),YES,"tools/gen_weather_audio.py docstring ""Original synthesized storm audio""; commit f2c92f9"
weather/wind_loop.ogg,patch,weather-synth,Frontier Hunts,tools/gen_weather_audio.py,Original synthesis for Frontier Hunts (mod licence),YES,"tools/gen_weather_audio.py docstring ""Original synthesized storm audio""; commit f2c92f9"
wildlife/elk_bark_0.ogg,patch,nps-elk,U.S. National Park Service (recording: elk bark),https://www.nps.gov (NPS park sound library; exact page not recorded),Public domain (U.S. National Park Service),YES,docs/ws/calls.md mapping table elk rows; bytes differ from base (dev.27 synth / dev.28 user screen-recording cuts NOT shipped);; jar assets/frontierhunts/CREDITS-SOUNDS.txt (NPS section); commit 580ae18 (gear.14 calls); bytes = repo patch/
wildlife/elk_bark_1.ogg,patch,nps-elk,U.S. National Park Service (recording: elk bark),https://www.nps.gov (NPS park sound library; exact page not recorded),Public domain (U.S. National Park Service),YES,docs/ws/calls.md mapping table elk rows; bytes differ from base (dev.27 synth / dev.28 user screen-recording cuts NOT shipped);; jar assets/frontierhunts/CREDITS-SOUNDS.txt (NPS section); commit 580ae18 (gear.14 calls); bytes = repo patch/
wildlife/elk_bugle_0.ogg,patch,nps-elk,U.S. National Park Service (recording: elk bugles),https://www.nps.gov (NPS park sound library; exact page not recorded),Public domain (U.S. National Park Service),YES,docs/ws/calls.md mapping table elk rows; bytes differ from base (dev.27 synth / dev.28 user screen-recording cuts NOT shipped);; jar assets/frontierhunts/CREDITS-SOUNDS.txt (NPS section); commit 580ae18 (gear.14 calls); bytes = repo patch/
wildlife/elk_bugle_1.ogg,patch,nps-elk,U.S. National Park Service (recording: elk bugles),https://www.nps.gov (NPS park sound library; exact page not recorded),Public domain (U.S. National Park Service),YES,docs/ws/calls.md mapping table elk rows; bytes differ from base (dev.27 synth / dev.28 user screen-recording cuts NOT shipped);; jar assets/frontierhunts/CREDITS-SOUNDS.txt (NPS section); commit 580ae18 (gear.14 calls); bytes = repo patch/
wildlife/elk_bugle_2.ogg,patch,nps-elk,U.S. National Park Service (recording: elk bugles),https://www.nps.gov (NPS park sound library; exact page not recorded),Public domain (U.S. National Park Service),YES,docs/ws/calls.md mapping table elk rows; bytes differ from base (dev.27 synth / dev.28 user screen-recording cuts NOT shipped);; jar assets/frontierhunts/CREDITS-SOUNDS.txt (NPS section); commit 580ae18 (gear.14 calls); bytes = repo patch/
wildlife/elk_bugle_3.ogg,patch,nps-elk,U.S. National Park Service (recording: elk bugles),https://www.nps.gov (NPS park sound library; exact page not recorded),Public domain (U.S. National Park Service),YES,docs/ws/calls.md mapping table elk rows; bytes differ from base (dev.27 synth / dev.28 user screen-recording cuts NOT shipped);; jar assets/frontierhunts/CREDITS-SOUNDS.txt (NPS section); commit 580ae18 (gear.14 calls); bytes = repo patch/
wildlife/elk_mew_0.ogg,patch,nps-elk,U.S. National Park Service (recording: elk mews),https://www.nps.gov (NPS park sound library; exact page not recorded),Public domain (U.S. National Park Service),YES,docs/ws/calls.md mapping table elk rows; bytes differ from base (dev.27 synth / dev.28 user screen-recording cuts NOT shipped);; jar assets/frontierhunts/CREDITS-SOUNDS.txt (NPS section); commit 580ae18 (gear.14 calls); bytes = repo patch/
wildlife/elk_mew_1.ogg,patch,nps-elk,U.S. National Park Service (recording: elk mews),https://www.nps.gov (NPS park sound library; exact page not recorded),Public domain (U.S. National Park Service),YES,docs/ws/calls.md mapping table elk rows; bytes differ from base (dev.27 synth / dev.28 user screen-recording cuts NOT shipped);; jar assets/frontierhunts/CREDITS-SOUNDS.txt (NPS section); commit 580ae18 (gear.14 calls); bytes = repo patch/
wildlife/elk_mew_2.ogg,patch,nps-elk,U.S. National Park Service (recording: elk mews),https://www.nps.gov (NPS park sound library; exact page not recorded),Public domain (U.S. National Park Service),YES,docs/ws/calls.md mapping table elk rows; bytes differ from base (dev.27 synth / dev.28 user screen-recording cuts NOT shipped);; jar assets/frontierhunts/CREDITS-SOUNDS.txt (NPS section); commit 580ae18 (gear.14 calls); bytes = repo patch/
wildlife/elk_mew_3.ogg,patch,nps-elk,U.S. National Park Service (recording: elk mews),https://www.nps.gov (NPS park sound library; exact page not recorded),Public domain (U.S. National Park Service),YES,docs/ws/calls.md mapping table elk rows; bytes differ from base (dev.27 synth / dev.28 user screen-recording cuts NOT shipped);; jar assets/frontierhunts/CREDITS-SOUNDS.txt (NPS section); commit 580ae18 (gear.14 calls); bytes = repo patch/
wildlife/moose_call_0.ogg,patch,nps-moose,U.S. National Park Service (recording: cow moose rut call),https://www.nps.gov (NPS park sound library; exact page not recorded),Public domain (U.S. National Park Service),YES,docs/ws/calls.md mapping table moose rows; bytes differ from base (dev.28 user screen-recording cuts NOT shipped);; jar assets/frontierhunts/CREDITS-SOUNDS.txt (NPS section); commit 580ae18 (gear.14 calls); bytes = repo patch/
wildlife/moose_call_1.ogg,patch,nps-moose,U.S. National Park Service (recording: cow moose rut call),https://www.nps.gov (NPS park sound library; exact page not recorded),Public domain (U.S. National Park Service),YES,docs/ws/calls.md mapping table moose rows; bytes differ from base (dev.28 user screen-recording cuts NOT shipped);; jar assets/frontierhunts/CREDITS-SOUNDS.txt (NPS section); commit 580ae18 (gear.14 calls); bytes = repo patch/
wildlife/moose_grunt_0.ogg,patch,nps-moose,U.S. National Park Service (recording: bull moose grunts),https://www.nps.gov (NPS park sound library; exact page not recorded),Public domain (U.S. National Park Service),YES,docs/ws/calls.md mapping table moose rows; bytes differ from base (dev.28 user screen-recording cuts NOT shipped);; jar assets/frontierhunts/CREDITS-SOUNDS.txt (NPS section); commit 580ae18 (gear.14 calls); bytes = repo patch/
wildlife/moose_grunt_1.ogg,patch,nps-moose,U.S. National Park Service (recording: bull moose grunts),https://www.nps.gov (NPS park sound library; exact page not recorded),Public domain (U.S. National Park Service),YES,docs/ws/calls.md mapping table moose rows; bytes differ from base (dev.28 user screen-recording cuts NOT shipped);; jar assets/frontierhunts/CREDITS-SOUNDS.txt (NPS section); commit 580ae18 (gear.14 calls); bytes = repo patch/
wildlife/moose_grunt_2.ogg,patch,nps-moose,U.S. National Park Service (recording: bull moose grunts),https://www.nps.gov (NPS park sound library; exact page not recorded),Public domain (U.S. National Park Service),YES,docs/ws/calls.md mapping table moose rows; bytes differ from base (dev.28 user screen-recording cuts NOT shipped);; jar assets/frontierhunts/CREDITS-SOUNDS.txt (NPS section); commit 580ae18 (gear.14 calls); bytes = repo patch/
wildlife/moose_threat_0.ogg,patch,nps-moose,U.S. National Park Service (recording: bull moose grunts),https://www.nps.gov (NPS park sound library; exact page not recorded),Public domain (U.S. National Park Service),YES,docs/ws/calls.md mapping table moose rows; bytes differ from base (dev.28 user screen-recording cuts NOT shipped);; jar assets/frontierhunts/CREDITS-SOUNDS.txt (NPS section); commit 580ae18 (gear.14 calls); bytes = repo patch/
wildlife/voice/bear_growl_0.ogg,patch,nps-grizzly,U.S. National Park Service (recording: grizzly bear huffs/growls),https://www.nps.gov (NPS park sound library; exact page not recorded),Public domain (U.S. National Park Service),YES,docs/ws/calls.md mapping table bear rows;; jar assets/frontierhunts/CREDITS-SOUNDS.txt (NPS section); commit 580ae18 (gear.14 calls); bytes = repo patch/
wildlife/voice/bear_growl_1.ogg,patch,nps-grizzly,U.S. National Park Service (recording: grizzly bear huffs/growls),https://www.nps.gov (NPS park sound library; exact page not recorded),Public domain (U.S. National Park Service),YES,docs/ws/calls.md mapping table bear rows;; jar assets/frontierhunts/CREDITS-SOUNDS.txt (NPS section); commit 580ae18 (gear.14 calls); bytes = repo patch/
wildlife/voice/bear_growl_2.ogg,patch,nps-grizzly,U.S. National Park Service (recording: grizzly bear huffs/growls),https://www.nps.gov (NPS park sound library; exact page not recorded),Public domain (U.S. National Park Service),YES,docs/ws/calls.md mapping table bear rows;; jar assets/frontierhunts/CREDITS-SOUNDS.txt (NPS section); commit 580ae18 (gear.14 calls); bytes = repo patch/
wildlife/voice/bear_huff_0.ogg,patch,nps-grizzly,U.S. National Park Service (recording: grizzly bear huffs/growls),https://www.nps.gov (NPS park sound library; exact page not recorded),Public domain (U.S. National Park Service),YES,docs/ws/calls.md mapping table bear rows;; jar assets/frontierhunts/CREDITS-SOUNDS.txt (NPS section); commit 580ae18 (gear.14 calls); bytes = repo patch/
wildlife/voice/bear_huff_1.ogg,patch,nps-grizzly,U.S. National Park Service (recording: grizzly bear huffs/growls),https://www.nps.gov (NPS park sound library; exact page not recorded),Public domain (U.S. National Park Service),YES,docs/ws/calls.md mapping table bear rows;; jar assets/frontierhunts/CREDITS-SOUNDS.txt (NPS section); commit 580ae18 (gear.14 calls); bytes = repo patch/
wildlife/voice/bison_bellow_0.ogg,patch,nps-bison,U.S. National Park Service (recording: bison rut bellows),https://www.nps.gov (NPS park sound library; exact page not recorded),Public domain (U.S. National Park Service),YES,docs/ws/calls.md mapping table bison_bellow rows;; jar assets/frontierhunts/CREDITS-SOUNDS.txt (NPS section); commit 580ae18 (gear.14 calls); bytes = repo patch/
wildlife/voice/bison_bellow_1.ogg,patch,nps-bison,U.S. National Park Service (recording: bison rut bellows),https://www.nps.gov (NPS park sound library; exact page not recorded),Public domain (U.S. National Park Service),YES,docs/ws/calls.md mapping table bison_bellow rows;; jar assets/frontierhunts/CREDITS-SOUNDS.txt (NPS section); commit 580ae18 (gear.14 calls); bytes = repo patch/
wildlife/voice/bison_bellow_2.ogg,patch,nps-bison,U.S. National Park Service (recording: bison rut bellows),https://www.nps.gov (NPS park sound library; exact page not recorded),Public domain (U.S. National Park Service),YES,docs/ws/calls.md mapping table bison_bellow rows;; jar assets/frontierhunts/CREDITS-SOUNDS.txt (NPS section); commit 580ae18 (gear.14 calls); bytes = repo patch/
wildlife/voice/bison_bellow_3.ogg,patch,nps-bison,U.S. National Park Service (recording: bison rut bellows),https://www.nps.gov (NPS park sound library; exact page not recorded),Public domain (U.S. National Park Service),YES,docs/ws/calls.md mapping table bison_bellow rows;; jar assets/frontierhunts/CREDITS-SOUNDS.txt (NPS section); commit 580ae18 (gear.14 calls); bytes = repo patch/
wildlife/voice/cougar_growl_0.ogg,patch,inat-croft-ccby,Colin Croft (iNaturalist),https://www.inaturalist.org/observations/269033720,CC BY 4.0,YES-WITH-ATTRIBUTION,docs/ws/calls.md mapping table cougar_growl rows (fh_cougar_growl_inat); jar assets/frontierhunts/CREDITS-SOUNDS.txt lines 53-54; commit 580ae18 (gear.14 calls); bytes = repo patch/
wildlife/voice/cougar_growl_1.ogg,patch,inat-croft-ccby,Colin Croft (iNaturalist),https://www.inaturalist.org/observations/269033720,CC BY 4.0,YES-WITH-ATTRIBUTION,docs/ws/calls.md mapping table cougar_growl rows (fh_cougar_growl_inat); jar assets/frontierhunts/CREDITS-SOUNDS.txt lines 53-54; commit 580ae18 (gear.14 calls); bytes = repo patch/
wildlife/voice/cougar_growl_2.ogg,patch,nps-cougar,U.S. National Park Service (recording: young mountain lion),https://www.nps.gov (NPS park sound library; exact page not recorded),Public domain (U.S. National Park Service),YES,docs/ws/calls.md mapping table cougar_growl_2 row;; jar assets/frontierhunts/CREDITS-SOUNDS.txt (NPS section); commit 580ae18 (gear.14 calls); bytes = repo patch/
wildlife/voice/duck_quack_0.ogg,patch,nps-mallard,U.S. National Park Service (recording: mallard hen quacks),https://www.nps.gov (NPS park sound library; exact page not recorded),Public domain (U.S. National Park Service),YES,docs/ws/calls.md mapping table duck_quack rows;; jar assets/frontierhunts/CREDITS-SOUNDS.txt (NPS section); commit 580ae18 (gear.14 calls); bytes = repo patch/
wildlife/voice/duck_quack_1.ogg,patch,nps-mallard,U.S. National Park Service (recording: mallard hen quacks),https://www.nps.gov (NPS park sound library; exact page not recorded),Public domain (U.S. National Park Service),YES,docs/ws/calls.md mapping table duck_quack rows;; jar assets/frontierhunts/CREDITS-SOUNDS.txt (NPS section); commit 580ae18 (gear.14 calls); bytes = repo patch/
wildlife/voice/duck_quack_2.ogg,patch,nps-mallard,U.S. National Park Service (recording: mallard hen quacks),https://www.nps.gov (NPS park sound library; exact page not recorded),Public domain (U.S. National Park Service),YES,docs/ws/calls.md mapping table duck_quack rows;; jar assets/frontierhunts/CREDITS-SOUNDS.txt (NPS section); commit 580ae18 (gear.14 calls); bytes = repo patch/
wildlife/voice/grouse_drum_0.ogg,patch,nps-grouse,U.S. National Park Service (recording: ruffed grouse drumming),https://www.nps.gov (NPS park sound library; exact page not recorded),Public domain (U.S. National Park Service),YES,docs/ws/calls.md mapping table grouse_drum rows;; jar assets/frontierhunts/CREDITS-SOUNDS.txt (NPS section); commit 580ae18 (gear.14 calls); bytes = repo patch/
wildlife/voice/grouse_drum_1.ogg,patch,nps-grouse,U.S. National Park Service (recording: ruffed grouse drumming),https://www.nps.gov (NPS park sound library; exact page not recorded),Public domain (U.S. National Park Service),YES,docs/ws/calls.md mapping table grouse_drum rows;; jar assets/frontierhunts/CREDITS-SOUNDS.txt (NPS section); commit 580ae18 (gear.14 calls); bytes = repo patch/
wildlife/voice/pronghorn_snort_0.ogg,patch,inat-duman-ccby,Konshau Duman (iNaturalist),https://www.inaturalist.org/observations/168934811,CC BY 4.0,YES-WITH-ATTRIBUTION,docs/ws/calls.md mapping table pronghorn_snort rows; jar assets/frontierhunts/CREDITS-SOUNDS.txt lines 55-56; commit 580ae18 (gear.14 calls); bytes = repo patch/
wildlife/voice/pronghorn_snort_1.ogg,patch,inat-duman-ccby,Konshau Duman (iNaturalist),https://www.inaturalist.org/observations/168934811,CC BY 4.0,YES-WITH-ATTRIBUTION,docs/ws/calls.md mapping table pronghorn_snort rows; jar assets/frontierhunts/CREDITS-SOUNDS.txt lines 55-56; commit 580ae18 (gear.14 calls); bytes = repo patch/
wildlife/voice/pronghorn_snort_2.ogg,patch,inat-duman-ccby,Konshau Duman (iNaturalist),https://www.inaturalist.org/observations/168934811,CC BY 4.0,YES-WITH-ATTRIBUTION,docs/ws/calls.md mapping table pronghorn_snort rows; jar assets/frontierhunts/CREDITS-SOUNDS.txt lines 55-56; commit 580ae18 (gear.14 calls); bytes = repo patch/
wildlife/whitetail_alarm.ogg,patch,inat-deer-alarm-ccby,Daughter Dad + William J. Deml (iNaturalist),https://www.inaturalist.org/observations/298329974 ; https://www.inaturalist.org/observations/239635624,CC BY 4.0,YES-WITH-ATTRIBUTION,docs/ws/calls.md mapping table deer_snort row; jar assets/frontierhunts/CREDITS-SOUNDS.txt lines 47-50; commit 580ae18 (gear.14 calls); bytes = repo patch/. Doug Hynes XC1033085 (CC BY-SA) version NOT shipped
wildlife/whitetail_bleat_a.ogg,patch,inat-zoebelein-cc0,Kristi Zoebelein (iNaturalist),https://www.inaturalist.org/observations/192458889,CC0 1.0,YES,docs/ws/calls.md mapping table deer_bleat rows; tools/calls/build_sounds.py:84-85; jar assets/frontierhunts/CREDITS-SOUNDS.txt lines 36-37; commit 580ae18 (gear.14 calls); bytes = repo patch/. Bytes differ from base: the Paul Driver CC BY-NC-SA bleats are NOT shipped
wildlife/whitetail_bleat_b.ogg,patch,inat-zoebelein-cc0,Kristi Zoebelein (iNaturalist),https://www.inaturalist.org/observations/192458889,CC0 1.0,YES,docs/ws/calls.md mapping table deer_bleat rows; tools/calls/build_sounds.py:84-85; jar assets/frontierhunts/CREDITS-SOUNDS.txt lines 36-37; commit 580ae18 (gear.14 calls); bytes = repo patch/. Bytes differ from base: the Paul Driver CC BY-NC-SA bleats are NOT shipped
wildlife/whitetail_blow_0.ogg,patch,inat-daughterdad-ccby,Daughter Dad (iNaturalist),https://www.inaturalist.org/observations/298329974,CC BY 4.0,YES-WITH-ATTRIBUTION,docs/ws/calls.md mapping table deer_blow/deer_snort rows (fh_deer_wheeze_snort); jar assets/frontierhunts/CREDITS-SOUNDS.txt lines 47-48; commit 580ae18 (gear.14 calls); bytes = repo patch/. XC1033085 version NOT shipped
wildlife/whitetail_blow_1.ogg,patch,inat-daughterdad-ccby,Daughter Dad (iNaturalist),https://www.inaturalist.org/observations/298329974,CC BY 4.0,YES-WITH-ATTRIBUTION,docs/ws/calls.md mapping table deer_blow/deer_snort rows (fh_deer_wheeze_snort); jar assets/frontierhunts/CREDITS-SOUNDS.txt lines 47-48; commit 580ae18 (gear.14 calls); bytes = repo patch/. XC1033085 version NOT shipped
wildlife/whitetail_grunt_0.ogg,base,ferventtorpor-cc0,"ferventtorpor (Freesound ""Deer Call"", grunt-call recording)",https://freesound.org/people/ferventtorpor/sounds/696775/,CC0 1.0,YES,WILDLIFE_AUDIO_LICENSES.md grunt entry; jar FRONTIER_AUDIO_CREDITS.txt DEV21; audio-provenance/whitetail-dev21.json clip lengths 0.170/0.253/0.443 s = shipped durations; docs/ws/calls.md:27 and tools/calls/build3.py:18 (not rebuilt in gear.14); base jar
wildlife/whitetail_grunt_1.ogg,base,ferventtorpor-cc0,"ferventtorpor (Freesound ""Deer Call"", grunt-call recording)",https://freesound.org/people/ferventtorpor/sounds/696775/,CC0 1.0,YES,WILDLIFE_AUDIO_LICENSES.md grunt entry; jar FRONTIER_AUDIO_CREDITS.txt DEV21; audio-provenance/whitetail-dev21.json clip lengths 0.170/0.253/0.443 s = shipped durations; docs/ws/calls.md:27 and tools/calls/build3.py:18 (not rebuilt in gear.14); base jar
wildlife/whitetail_grunt_2.ogg,base,ferventtorpor-cc0,"ferventtorpor (Freesound ""Deer Call"", grunt-call recording)",https://freesound.org/people/ferventtorpor/sounds/696775/,CC0 1.0,YES,"WILDLIFE_AUDIO_LICENSES.md grunt entry; jar FRONTIER_AUDIO_CREDITS.txt DEV21; audio-provenance/whitetail-dev21.json clip lengths 0.170/0.253/0.443 s = shipped durations; docs/ws/calls.md:27 and tools/calls/build3.py:18 (not rebuilt in gear.14); base jar"
wildlife/whitetail_snort_0.ogg,patch,inat-deml-ccby,William J. Deml (iNaturalist),https://www.inaturalist.org/observations/239635624,CC BY 4.0,YES-WITH-ATTRIBUTION,docs/ws/calls.md mapping table deer_snort rows (fh_deer_snort); jar assets/frontierhunts/CREDITS-SOUNDS.txt lines 49-50; commit 580ae18 (gear.14 calls); bytes = repo patch/. XC1033085 version NOT shipped
wildlife/whitetail_snort_1.ogg,patch,inat-deml-ccby,William J. Deml (iNaturalist),https://www.inaturalist.org/observations/239635624,CC BY 4.0,YES-WITH-ATTRIBUTION,docs/ws/calls.md mapping table deer_snort rows (fh_deer_snort); jar assets/frontierhunts/CREDITS-SOUNDS.txt lines 49-50; commit 580ae18 (gear.14 calls); bytes = repo patch/. XC1033085 version NOT shipped
wildlife/whitetail_snort_2.ogg,patch,inat-daughterdad-ccby,Daughter Dad (iNaturalist),https://www.inaturalist.org/observations/298329974,CC BY 4.0,YES-WITH-ATTRIBUTION,docs/ws/calls.md mapping table deer_blow/deer_snort rows (fh_deer_wheeze_snort); jar assets/frontierhunts/CREDITS-SOUNDS.txt lines 47-48; commit 580ae18 (gear.14 calls); bytes = repo patch/. XC1033085 version NOT shipped
wildlife/whitetail_wheeze_0.ogg,patch,inat-parker-cc0,Anne Parker (iNaturalist),https://www.inaturalist.org/observations/140786784,CC0 1.0,YES,docs/ws/calls.md mapping table deer_wheeze row (fh_buck_aggr); jar assets/frontierhunts/CREDITS-SOUNDS.txt lines 34-35; commit 580ae18 (gear.14 calls); bytes = repo patch/. XC1033085 version NOT shipped
wildlife/wolf_chorus_0.ogg,patch,nps-wolf,U.S. National Park Service (recording: wolf chorus),https://www.nps.gov (NPS park sound library; exact page not recorded),Public domain (U.S. National Park Service),YES,docs/ws/calls.md mapping table wolf rows;; jar assets/frontierhunts/CREDITS-SOUNDS.txt (NPS section); commit 580ae18 (gear.14 calls); bytes = repo patch/
wildlife/wolf_chorus_1.ogg,patch,nps-wolf,U.S. National Park Service (recording: wolf chorus),https://www.nps.gov (NPS park sound library; exact page not recorded),Public domain (U.S. National Park Service),YES,docs/ws/calls.md mapping table wolf rows;; jar assets/frontierhunts/CREDITS-SOUNDS.txt (NPS section); commit 580ae18 (gear.14 calls); bytes = repo patch/
wildlife/wolf_howl_0.ogg,patch,nps-wolf,"U.S. National Park Service (recording: wolf howl, Denali NP)",https://www.nps.gov (NPS park sound library; exact page not recorded),Public domain (U.S. National Park Service),YES,docs/ws/calls.md mapping table wolf rows;; jar assets/frontierhunts/CREDITS-SOUNDS.txt (NPS section); commit 580ae18 (gear.14 calls); bytes = repo patch/
wildlife/wolf_howl_1.ogg,patch,nps-wolf,U.S. National Park Service (recording: wolf chorus),https://www.nps.gov (NPS park sound library; exact page not recorded),Public domain (U.S. National Park Service),YES,docs/ws/calls.md mapping table wolf rows;; jar assets/frontierhunts/CREDITS-SOUNDS.txt (NPS section); commit 580ae18 (gear.14 calls); bytes = repo patch/
wildlife/wolf_howl_2.ogg,patch,nps-wolf,"U.S. National Park Service (recording: wolf howl, Denali NP)",https://www.nps.gov (NPS park sound library; exact page not recorded),Public domain (U.S. National Park Service),YES,docs/ws/calls.md mapping table wolf rows;; jar assets/frontierhunts/CREDITS-SOUNDS.txt (NPS section); commit 580ae18 (gear.14 calls); bytes = repo patch/
wingshot/bird_hit_0.ogg,patch,wingshot-synth,Frontier Hunts,tools/wingshot/audio.py,Original synthesis for Frontier Hunts (mod licence),YES,jar assets/frontierhunts/CREDITS-SOUNDS.txt WINGSHOT section; tools/wingshot/audio.py docstring; commit 0618fd8
wingshot/bird_hit_1.ogg,patch,wingshot-synth,Frontier Hunts,tools/wingshot/audio.py,Original synthesis for Frontier Hunts (mod licence),YES,jar assets/frontierhunts/CREDITS-SOUNDS.txt WINGSHOT section; tools/wingshot/audio.py docstring; commit 0618fd8
wingshot/bird_hit_2.ogg,patch,wingshot-synth,Frontier Hunts,tools/wingshot/audio.py,Original synthesis for Frontier Hunts (mod licence),YES,jar assets/frontierhunts/CREDITS-SOUNDS.txt WINGSHOT section; tools/wingshot/audio.py docstring; commit 0618fd8
wingshot/body_splash_0.ogg,patch,wingshot-synth,Frontier Hunts,tools/wingshot/audio.py,Original synthesis for Frontier Hunts (mod licence),YES,jar assets/frontierhunts/CREDITS-SOUNDS.txt WINGSHOT section; tools/wingshot/audio.py docstring; commit 0618fd8
wingshot/body_splash_1.ogg,patch,wingshot-synth,Frontier Hunts,tools/wingshot/audio.py,Original synthesis for Frontier Hunts (mod licence),YES,jar assets/frontierhunts/CREDITS-SOUNDS.txt WINGSHOT section; tools/wingshot/audio.py docstring; commit 0618fd8
wingshot/body_thud_0.ogg,patch,wingshot-synth,Frontier Hunts,tools/wingshot/audio.py,Original synthesis for Frontier Hunts (mod licence),YES,jar assets/frontierhunts/CREDITS-SOUNDS.txt WINGSHOT section; tools/wingshot/audio.py docstring; commit 0618fd8
wingshot/body_thud_1.ogg,patch,wingshot-synth,Frontier Hunts,tools/wingshot/audio.py,Original synthesis for Frontier Hunts (mod licence),YES,jar assets/frontierhunts/CREDITS-SOUNDS.txt WINGSHOT section; tools/wingshot/audio.py docstring; commit 0618fd8
wingshot/duck_takeoff_0.ogg,patch,wingshot-synth,Frontier Hunts,tools/wingshot/audio.py,Original synthesis for Frontier Hunts (mod licence),YES,jar assets/frontierhunts/CREDITS-SOUNDS.txt WINGSHOT section; tools/wingshot/audio.py docstring; commit 0618fd8
wingshot/duck_takeoff_1.ogg,patch,wingshot-synth,Frontier Hunts,tools/wingshot/audio.py,Original synthesis for Frontier Hunts (mod licence),YES,jar assets/frontierhunts/CREDITS-SOUNDS.txt WINGSHOT section; tools/wingshot/audio.py docstring; commit 0618fd8
wingshot/duck_takeoff_2.ogg,patch,wingshot-synth,Frontier Hunts,tools/wingshot/audio.py,Original synthesis for Frontier Hunts (mod licence),YES,jar assets/frontierhunts/CREDITS-SOUNDS.txt WINGSHOT section; tools/wingshot/audio.py docstring; commit 0618fd8
wingshot/duck_wings.ogg,patch,wingshot-synth,Frontier Hunts,tools/wingshot/audio.py,Original synthesis for Frontier Hunts (mod licence),YES,jar assets/frontierhunts/CREDITS-SOUNDS.txt WINGSHOT section; tools/wingshot/audio.py docstring; commit 0618fd8
wingshot/grouse_flush_0.ogg,patch,wingshot-synth,Frontier Hunts,tools/wingshot/audio.py,Original synthesis for Frontier Hunts (mod licence),YES,jar assets/frontierhunts/CREDITS-SOUNDS.txt WINGSHOT section; tools/wingshot/audio.py docstring; commit 0618fd8
wingshot/grouse_flush_1.ogg,patch,wingshot-synth,Frontier Hunts,tools/wingshot/audio.py,Original synthesis for Frontier Hunts (mod licence),YES,jar assets/frontierhunts/CREDITS-SOUNDS.txt WINGSHOT section; tools/wingshot/audio.py docstring; commit 0618fd8
wingshot/grouse_flush_2.ogg,patch,wingshot-synth,Frontier Hunts,tools/wingshot/audio.py,Original synthesis for Frontier Hunts (mod licence),YES,jar assets/frontierhunts/CREDITS-SOUNDS.txt WINGSHOT section; tools/wingshot/audio.py docstring; commit 0618fd8
wingshot/grouse_wings.ogg,patch,wingshot-synth,Frontier Hunts,tools/wingshot/audio.py,Original synthesis for Frontier Hunts (mod licence),YES,jar assets/frontierhunts/CREDITS-SOUNDS.txt WINGSHOT section; tools/wingshot/audio.py docstring; commit 0618fd8
wingshot/slowmo.ogg,patch,wingshot-synth,Frontier Hunts,tools/wingshot/audio.py,Original synthesis for Frontier Hunts (mod licence),YES,jar assets/frontierhunts/CREDITS-SOUNDS.txt WINGSHOT section; tools/wingshot/audio.py docstring; commit 0618fd8
wingshot/splash_small_0.ogg,patch,wingshot-synth,Frontier Hunts,tools/wingshot/audio.py,Original synthesis for Frontier Hunts (mod licence),YES,jar assets/frontierhunts/CREDITS-SOUNDS.txt WINGSHOT section; tools/wingshot/audio.py docstring; commit 0618fd8
wingshot/splash_small_1.ogg,patch,wingshot-synth,Frontier Hunts,tools/wingshot/audio.py,Original synthesis for Frontier Hunts (mod licence),YES,jar assets/frontierhunts/CREDITS-SOUNDS.txt WINGSHOT section; tools/wingshot/audio.py docstring; commit 0618fd8
equipment/deer_caller_single.ogg,patch,author-recording,FormaWorks (mod author),"user-supplied 20260913-2023-16.6287469.mp4",Mod author's own recording (mod licence),YES,"1.1.8: author confirmed 2026-10-05 that he recorded it himself; SHA-256 54694bb6 = audio-provenance/user-deer-call-dev18.json; restored as the deer_call sound"
ride/sled_glide.ogg,patch,sled-synth,Frontier Hunts,tools/sled/sled_audio.py,Original synthesis for Frontier Hunts (mod licence),YES,"tools/sled/sled_audio.py docstring ""Synthesised toboggan sounds (original)"""
ride/sled_carve.ogg,patch,sled-synth,Frontier Hunts,tools/sled/sled_audio.py,Original synthesis for Frontier Hunts (mod licence),YES,"tools/sled/sled_audio.py docstring ""Synthesised toboggan sounds (original)"""
